13:39:38 **** Build of project aLaw_bsp ****
make -k all 
"Running Make include in ps7_cortexa9_0/libsrc/bram_v4_2/src"
make -C ps7_cortexa9_0/libsrc/bram_v4_2/src -s include  "SHELL=CMD" "COMPILER=arm-none-eabi-gcc" "ARCHIVER=arm-none-eabi-ar" "COMPILER_FLAGS=  -O2 -c" "EXTRA_COMPILER_FLAGS=-mcpu=cortex-a9 -mfpu=vfpv3 -mfloat-abi=hard -nostartfiles -Wall -Wextra"
"Running Make include in ps7_cortexa9_0/libsrc/coresightps_dcc_v1_4/src"
make -C ps7_cortexa9_0/libsrc/coresightps_dcc_v1_4/src -s include  "SHELL=CMD" "COMPILER=arm-none-eabi-gcc" "ARCHIVER=arm-none-eabi-ar" "COMPILER_FLAGS=  -O2 -c" "EXTRA_COMPILER_FLAGS=-mcpu=cortex-a9 -mfpu=vfpv3 -mfloat-abi=hard -nostartfiles -Wall -Wextra"
"Running Make include in ps7_cortexa9_0/libsrc/cpu_cortexa9_v2_5/src"
make -C ps7_cortexa9_0/libsrc/cpu_cortexa9_v2_5/src -s include  "SHELL=CMD" "COMPILER=arm-none-eabi-gcc" "ARCHIVER=arm-none-eabi-ar" "COMPILER_FLAGS=  -O2 -c" "EXTRA_COMPILER_FLAGS=-mcpu=cortex-a9 -mfpu=vfpv3 -mfloat-abi=hard -nostartfiles -Wall -Wextra"
"Running Make include in ps7_cortexa9_0/libsrc/ddrps_v1_0/src"
make -C ps7_cortexa9_0/libsrc/ddrps_v1_0/src -s include  "SHELL=CMD" "COMPILER=arm-none-eabi-gcc" "ARCHIVER=arm-none-eabi-ar" "COMPILER_FLAGS=  -O2 -c" "EXTRA_COMPILER_FLAGS=-mcpu=cortex-a9 -mfpu=vfpv3 -mfloat-abi=hard -nostartfiles -Wall -Wextra"
"Running Make include in ps7_cortexa9_0/libsrc/devcfg_v3_5/src"
make -C ps7_cortexa9_0/libsrc/devcfg_v3_5/src -s include  "SHELL=CMD" "COMPILER=arm-none-eabi-gcc" "ARCHIVER=arm-none-eabi-ar" "COMPILER_FLAGS=  -O2 -c" "EXTRA_COMPILER_FLAGS=-mcpu=cortex-a9 -mfpu=vfpv3 -mfloat-abi=hard -nostartfiles -Wall -Wextra"
"Running Make include in ps7_cortexa9_0/libsrc/dmaps_v2_3/src"
make -C ps7_cortexa9_0/libsrc/dmaps_v2_3/src -s include  "SHELL=CMD" "COMPILER=arm-none-eabi-gcc" "ARCHIVER=arm-none-eabi-ar" "COMPILER_FLAGS=  -O2 -c" "EXTRA_COMPILER_FLAGS=-mcpu=cortex-a9 -mfpu=vfpv3 -mfloat-abi=hard -nostartfiles -Wall -Wextra"
"Running Make include in ps7_cortexa9_0/libsrc/emacps_v3_6/src"
make -C ps7_cortexa9_0/libsrc/emacps_v3_6/src -s include  "SHELL=CMD" "COMPILER=arm-none-eabi-gcc" "ARCHIVER=arm-none-eabi-ar" "COMPILER_FLAGS=  -O2 -c" "EXTRA_COMPILER_FLAGS=-mcpu=cortex-a9 -mfpu=vfpv3 -mfloat-abi=hard -nostartfiles -Wall -Wextra"
"Running Make include in ps7_cortexa9_0/libsrc/gpiops_v3_3/src"
make -C ps7_cortexa9_0/libsrc/gpiops_v3_3/src -s include  "SHELL=CMD" "COMPILER=arm-none-eabi-gcc" "ARCHIVER=arm-none-eabi-ar" "COMPILER_FLAGS=  -O2 -c" "EXTRA_COMPILER_FLAGS=-mcpu=cortex-a9 -mfpu=vfpv3 -mfloat-abi=hard -nostartfiles -Wall -Wextra"
"Running Make include in ps7_cortexa9_0/libsrc/scugic_v3_8/src"
make -C ps7_cortexa9_0/libsrc/scugic_v3_8/src -s include  "SHELL=CMD" "COMPILER=arm-none-eabi-gcc" "ARCHIVER=arm-none-eabi-ar" "COMPILER_FLAGS=  -O2 -c" "EXTRA_COMPILER_FLAGS=-mcpu=cortex-a9 -mfpu=vfpv3 -mfloat-abi=hard -nostartfiles -Wall -Wextra"
"Running Make include in ps7_cortexa9_0/libsrc/scutimer_v2_1/src"
make -C ps7_cortexa9_0/libsrc/scutimer_v2_1/src -s include  "SHELL=CMD" "COMPILER=arm-none-eabi-gcc" "ARCHIVER=arm-none-eabi-ar" "COMPILER_FLAGS=  -O2 -c" "EXTRA_COMPILER_FLAGS=-mcpu=cortex-a9 -mfpu=vfpv3 -mfloat-abi=hard -nostartfiles -Wall -Wextra"
"Running Make include in ps7_cortexa9_0/libsrc/scuwdt_v2_1/src"
make -C ps7_cortexa9_0/libsrc/scuwdt_v2_1/src -s include  "SHELL=CMD" "COMPILER=arm-none-eabi-gcc" "ARCHIVER=arm-none-eabi-ar" "COMPILER_FLAGS=  -O2 -c" "EXTRA_COMPILER_FLAGS=-mcpu=cortex-a9 -mfpu=vfpv3 -mfloat-abi=hard -nostartfiles -Wall -Wextra"
"Running Make include in ps7_cortexa9_0/libsrc/sdps_v3_3/src"
make -C ps7_cortexa9_0/libsrc/sdps_v3_3/src -s include  "SHELL=CMD" "COMPILER=arm-none-eabi-gcc" "ARCHIVER=arm-none-eabi-ar" "COMPILER_FLAGS=  -O2 -c" "EXTRA_COMPILER_FLAGS=-mcpu=cortex-a9 -mfpu=vfpv3 -mfloat-abi=hard -nostartfiles -Wall -Wextra"
"Running Make include in ps7_cortexa9_0/libsrc/standalone_v6_5/src"
make -C ps7_cortexa9_0/libsrc/standalone_v6_5/src -s include  "SHELL=CMD" "COMPILER=arm-none-eabi-gcc" "ARCHIVER=arm-none-eabi-ar" "COMPILER_FLAGS=  -O2 -c" "EXTRA_COMPILER_FLAGS=-mcpu=cortex-a9 -mfpu=vfpv3 -mfloat-abi=hard -nostartfiles -Wall -Wextra"
"Running Make include in ps7_cortexa9_0/libsrc/uartps_v3_5/src"
make -C ps7_cortexa9_0/libsrc/uartps_v3_5/src -s include  "SHELL=CMD" "COMPILER=arm-none-eabi-gcc" "ARCHIVER=arm-none-eabi-ar" "COMPILER_FLAGS=  -O2 -c" "EXTRA_COMPILER_FLAGS=-mcpu=cortex-a9 -mfpu=vfpv3 -mfloat-abi=hard -nostartfiles -Wall -Wextra"
"Running Make include in ps7_cortexa9_0/libsrc/usbps_v2_4/src"
make -C ps7_cortexa9_0/libsrc/usbps_v2_4/src -s include  "SHELL=CMD" "COMPILER=arm-none-eabi-gcc" "ARCHIVER=arm-none-eabi-ar" "COMPILER_FLAGS=  -O2 -c" "EXTRA_COMPILER_FLAGS=-mcpu=cortex-a9 -mfpu=vfpv3 -mfloat-abi=hard -nostartfiles -Wall -Wextra"
"Running Make include in ps7_cortexa9_0/libsrc/xadcps_v2_2/src"
make -C ps7_cortexa9_0/libsrc/xadcps_v2_2/src -s include  "SHELL=CMD" "COMPILER=arm-none-eabi-gcc" "ARCHIVER=arm-none-eabi-ar" "COMPILER_FLAGS=  -O2 -c" "EXTRA_COMPILER_FLAGS=-mcpu=cortex-a9 -mfpu=vfpv3 -mfloat-abi=hard -nostartfiles -Wall -Wextra"
"Running Make libs in ps7_cortexa9_0/libsrc/bram_v4_2/src"
make -C ps7_cortexa9_0/libsrc/bram_v4_2/src -s libs  "SHELL=CMD" "COMPILER=arm-none-eabi-gcc" "ARCHIVER=arm-none-eabi-ar" "COMPILER_FLAGS=  -O2 -c" "EXTRA_COMPILER_FLAGS=-mcpu=cortex-a9 -mfpu=vfpv3 -mfloat-abi=hard -nostartfiles -Wall -Wextra"
"Compiling bram"
arm-none-eabi-ar: creating ../../../lib/libxil.a
"Running Make libs in ps7_cortexa9_0/libsrc/coresightps_dcc_v1_4/src"
make -C ps7_cortexa9_0/libsrc/coresightps_dcc_v1_4/src -s libs  "SHELL=CMD" "COMPILER=arm-none-eabi-gcc" "ARCHIVER=arm-none-eabi-ar" "COMPILER_FLAGS=  -O2 -c" "EXTRA_COMPILER_FLAGS=-mcpu=cortex-a9 -mfpu=vfpv3 -mfloat-abi=hard -nostartfiles -Wall -Wextra"
"Compiling coresightps_dcc"
"Running Make libs in ps7_cortexa9_0/libsrc/cpu_cortexa9_v2_5/src"
make -C ps7_cortexa9_0/libsrc/cpu_cortexa9_v2_5/src -s libs  "SHELL=CMD" "COMPILER=arm-none-eabi-gcc" "ARCHIVER=arm-none-eabi-ar" "COMPILER_FLAGS=  -O2 -c" "EXTRA_COMPILER_FLAGS=-mcpu=cortex-a9 -mfpu=vfpv3 -mfloat-abi=hard -nostartfiles -Wall -Wextra"
"Compiling cpu_cortexa9"
"Running Make libs in ps7_cortexa9_0/libsrc/ddrps_v1_0/src"
make -C ps7_cortexa9_0/libsrc/ddrps_v1_0/src -s libs  "SHELL=CMD" "COMPILER=arm-none-eabi-gcc" "ARCHIVER=arm-none-eabi-ar" "COMPILER_FLAGS=  -O2 -c" "EXTRA_COMPILER_FLAGS=-mcpu=cortex-a9 -mfpu=vfpv3 -mfloat-abi=hard -nostartfiles -Wall -Wextra"
"Compiling ddrps"
"Running Make libs in ps7_cortexa9_0/libsrc/devcfg_v3_5/src"
make -C ps7_cortexa9_0/libsrc/devcfg_v3_5/src -s libs  "SHELL=CMD" "COMPILER=arm-none-eabi-gcc" "ARCHIVER=arm-none-eabi-ar" "COMPILER_FLAGS=  -O2 -c" "EXTRA_COMPILER_FLAGS=-mcpu=cortex-a9 -mfpu=vfpv3 -mfloat-abi=hard -nostartfiles -Wall -Wextra"
"Compiling devcfg"
"Running Make libs in ps7_cortexa9_0/libsrc/dmaps_v2_3/src"
make -C ps7_cortexa9_0/libsrc/dmaps_v2_3/src -s libs  "SHELL=CMD" "COMPILER=arm-none-eabi-gcc" "ARCHIVER=arm-none-eabi-ar" "COMPILER_FLAGS=  -O2 -c" "EXTRA_COMPILER_FLAGS=-mcpu=cortex-a9 -mfpu=vfpv3 -mfloat-abi=hard -nostartfiles -Wall -Wextra"
"Compiling dmaps"
"Running Make libs in ps7_cortexa9_0/libsrc/emacps_v3_6/src"
make -C ps7_cortexa9_0/libsrc/emacps_v3_6/src -s libs  "SHELL=CMD" "COMPILER=arm-none-eabi-gcc" "ARCHIVER=arm-none-eabi-ar" "COMPILER_FLAGS=  -O2 -c" "EXTRA_COMPILER_FLAGS=-mcpu=cortex-a9 -mfpu=vfpv3 -mfloat-abi=hard -nostartfiles -Wall -Wextra"
"Compiling emacps"
"Running Make libs in ps7_cortexa9_0/libsrc/gpiops_v3_3/src"
make -C ps7_cortexa9_0/libsrc/gpiops_v3_3/src -s libs  "SHELL=CMD" "COMPILER=arm-none-eabi-gcc" "ARCHIVER=arm-none-eabi-ar" "COMPILER_FLAGS=  -O2 -c" "EXTRA_COMPILER_FLAGS=-mcpu=cortex-a9 -mfpu=vfpv3 -mfloat-abi=hard -nostartfiles -Wall -Wextra"
"Compiling gpiops"
"Running Make libs in ps7_cortexa9_0/libsrc/scugic_v3_8/src"
make -C ps7_cortexa9_0/libsrc/scugic_v3_8/src -s libs  "SHELL=CMD" "COMPILER=arm-none-eabi-gcc" "ARCHIVER=arm-none-eabi-ar" "COMPILER_FLAGS=  -O2 -c" "EXTRA_COMPILER_FLAGS=-mcpu=cortex-a9 -mfpu=vfpv3 -mfloat-abi=hard -nostartfiles -Wall -Wextra"
"Compiling scugic"
"Running Make libs in ps7_cortexa9_0/libsrc/scutimer_v2_1/src"
make -C ps7_cortexa9_0/libsrc/scutimer_v2_1/src -s libs  "SHELL=CMD" "COMPILER=arm-none-eabi-gcc" "ARCHIVER=arm-none-eabi-ar" "COMPILER_FLAGS=  -O2 -c" "EXTRA_COMPILER_FLAGS=-mcpu=cortex-a9 -mfpu=vfpv3 -mfloat-abi=hard -nostartfiles -Wall -Wextra"
"Compiling scutimer"
"Running Make libs in ps7_cortexa9_0/libsrc/scuwdt_v2_1/src"
make -C ps7_cortexa9_0/libsrc/scuwdt_v2_1/src -s libs  "SHELL=CMD" "COMPILER=arm-none-eabi-gcc" "ARCHIVER=arm-none-eabi-ar" "COMPILER_FLAGS=  -O2 -c" "EXTRA_COMPILER_FLAGS=-mcpu=cortex-a9 -mfpu=vfpv3 -mfloat-abi=hard -nostartfiles -Wall -Wextra"
"Compiling scuwdt"
"Running Make libs in ps7_cortexa9_0/libsrc/sdps_v3_3/src"
make -C ps7_cortexa9_0/libsrc/sdps_v3_3/src -s libs  "SHELL=CMD" "COMPILER=arm-none-eabi-gcc" "ARCHIVER=arm-none-eabi-ar" "COMPILER_FLAGS=  -O2 -c" "EXTRA_COMPILER_FLAGS=-mcpu=cortex-a9 -mfpu=vfpv3 -mfloat-abi=hard -nostartfiles -Wall -Wextra"
"Compiling sdps"
"Running Make libs in ps7_cortexa9_0/libsrc/standalone_v6_5/src"
make -C ps7_cortexa9_0/libsrc/standalone_v6_5/src -s libs  "SHELL=CMD" "COMPILER=arm-none-eabi-gcc" "ARCHIVER=arm-none-eabi-ar" "COMPILER_FLAGS=  -O2 -c" "EXTRA_COMPILER_FLAGS=-mcpu=cortex-a9 -mfpu=vfpv3 -mfloat-abi=hard -nostartfiles -Wall -Wextra"
"Compiling standalone"
"Running Make libs in ps7_cortexa9_0/libsrc/uartps_v3_5/src"
make -C ps7_cortexa9_0/libsrc/uartps_v3_5/src -s libs  "SHELL=CMD" "COMPILER=arm-none-eabi-gcc" "ARCHIVER=arm-none-eabi-ar" "COMPILER_FLAGS=  -O2 -c" "EXTRA_COMPILER_FLAGS=-mcpu=cortex-a9 -mfpu=vfpv3 -mfloat-abi=hard -nostartfiles -Wall -Wextra"
"Compiling uartps"
"Running Make libs in ps7_cortexa9_0/libsrc/usbps_v2_4/src"
make -C ps7_cortexa9_0/libsrc/usbps_v2_4/src -s libs  "SHELL=CMD" "COMPILER=arm-none-eabi-gcc" "ARCHIVER=arm-none-eabi-ar" "COMPILER_FLAGS=  -O2 -c" "EXTRA_COMPILER_FLAGS=-mcpu=cortex-a9 -mfpu=vfpv3 -mfloat-abi=hard -nostartfiles -Wall -Wextra"
"Compiling usbps"
"Running Make libs in ps7_cortexa9_0/libsrc/xadcps_v2_2/src"
make -C ps7_cortexa9_0/libsrc/xadcps_v2_2/src -s libs  "SHELL=CMD" "COMPILER=arm-none-eabi-gcc" "ARCHIVER=arm-none-eabi-ar" "COMPILER_FLAGS=  -O2 -c" "EXTRA_COMPILER_FLAGS=-mcpu=cortex-a9 -mfpu=vfpv3 -mfloat-abi=hard -nostartfiles -Wall -Wextra"
"Compiling xadcps"
'Finished building libraries'

**** Build of configuration Debug for project aLaw ****

Nothing to build for project aLaw
13:40:30 **** Auto Build of configuration Debug for project aLaw ****
make pre-build main-build 
a9-linaro-pre-build-step
' '
'Building file: ../src/decoded_lut.c'
'Invoking: ARM v7 gcc compiler'
arm-none-eabi-gcc -Wall -O0 -g3 -c -fmessage-length=0 -MT"src/decoded_lut.o" -mcpu=cortex-a9 -mfpu=vfpv3 -mfloat-abi=hard -I../../aLaw_bsp/ps7_cortexa9_0/include -MMD -MP -MF"src/decoded_lut.d" -MT"src/decoded_lut.o" -o "src/decoded_lut.o" "../src/decoded_lut.c"
'Finished building: ../src/decoded_lut.c'
' '
'Building file: ../src/encoded_lut.c'
'Invoking: ARM v7 gcc compiler'
arm-none-eabi-gcc -Wall -O0 -g3 -c -fmessage-length=0 -MT"src/encoded_lut.o" -mcpu=cortex-a9 -mfpu=vfpv3 -mfloat-abi=hard -I../../aLaw_bsp/ps7_cortexa9_0/include -MMD -MP -MF"src/encoded_lut.d" -MT"src/encoded_lut.o" -o "src/encoded_lut.o" "../src/encoded_lut.c"
'Finished building: ../src/encoded_lut.c'
' '
'Building file: ../src/main.c'
'Invoking: ARM v7 gcc compiler'
arm-none-eabi-gcc -Wall -O0 -g3 -c -fmessage-length=0 -MT"src/main.o" -mcpu=cortex-a9 -mfpu=vfpv3 -mfloat-abi=hard -I../../aLaw_bsp/ps7_cortexa9_0/include -MMD -MP -MF"src/main.d" -MT"src/main.o" -o "src/main.o" "../src/main.c"
../src/main.c: In function 'parse_wav':
../src/main.c:74:34: warning: pointer targets in assignment differ in signedness [-Wpointer-sign]
             wav->data_chunk.data = (uint16_t*)malloc(chunkSize);
                                  ^
../src/main.c: In function 'print_wav_info':
../src/main.c:103:27: warning: format '%u' expects argument of type 'unsigned int', but argument 2 has type 'uint32_t {aka const long unsigned int}' [-Wformat=]
     printf("Sample Rate: %u\n", wav->format_chunk.sample_rate);
                           ^
../src/main.c:104:25: warning: format '%u' expects argument of type 'unsigned int', but argument 2 has type 'uint32_t {aka const long unsigned int}' [-Wformat=]
     printf("Byte Rate: %u\n", wav->format_chunk.byte_rate);
                         ^
../src/main.c:107:25: warning: format '%u' expects argument of type 'unsigned int', but argument 2 has type 'uint32_t {aka const long unsigned int}' [-Wformat=]
     printf("Data Size: %u bytes\n", wav->data_chunk.chunk_size);
                         ^
'Finished building: ../src/main.c'
' '
'Building file: ../src/speech.c'
'Invoking: ARM v7 gcc compiler'
arm-none-eabi-gcc -Wall -O0 -g3 -c -fmessage-length=0 -MT"src/speech.o" -mcpu=cortex-a9 -mfpu=vfpv3 -mfloat-abi=hard -I../../aLaw_bsp/ps7_cortexa9_0/include -MMD -MP -MF"src/speech.d" -MT"src/speech.o" -o "src/speech.o" "../src/speech.c"
'Finished building: ../src/speech.c'
' '
'Building target: aLaw.elf'
'Invoking: ARM v7 gcc linker'
arm-none-eabi-gcc -mcpu=cortex-a9 -mfpu=vfpv3 -mfloat-abi=hard -Wl,-build-id=none -specs=Xilinx.spec -Wl,-T -Wl,../src/lscript.ld -L../../aLaw_bsp/ps7_cortexa9_0/lib -o "aLaw.elf"  ./src/decoded_lut.o ./src/encoded_lut.o ./src/main.o ./src/speech.o   -Wl,--start-group,-lxil,-lgcc,-lc,--end-group
'Finished building target: aLaw.elf'
' '
'Invoking: ARM v7 Print Size'
arm-none-eabi-size aLaw.elf  |tee "aLaw.elf.size"
   text	   data	    bss	    dec	    hex	filename
1124288	   2584	  23328	1150200	 118cf8	aLaw.elf
'Finished building: aLaw.elf.size'
' '
13:40:57 **** Auto Build of project aLaw_bsp ****
make -k all 
"Running Make include in ps7_cortexa9_0/libsrc/bram_v4_2/src"
make -C ps7_cortexa9_0/libsrc/bram_v4_2/src -s include  "SHELL=CMD" "COMPILER=arm-none-eabi-gcc" "ARCHIVER=arm-none-eabi-ar" "COMPILER_FLAGS=  -O2 -c" "EXTRA_COMPILER_FLAGS=-mcpu=cortex-a9 -mfpu=vfpv3 -mfloat-abi=hard -nostartfiles -Wall -Wextra"
"Running Make include in ps7_cortexa9_0/libsrc/coresightps_dcc_v1_4/src"
make -C ps7_cortexa9_0/libsrc/coresightps_dcc_v1_4/src -s include  "SHELL=CMD" "COMPILER=arm-none-eabi-gcc" "ARCHIVER=arm-none-eabi-ar" "COMPILER_FLAGS=  -O2 -c" "EXTRA_COMPILER_FLAGS=-mcpu=cortex-a9 -mfpu=vfpv3 -mfloat-abi=hard -nostartfiles -Wall -Wextra"
"Running Make include in ps7_cortexa9_0/libsrc/cpu_cortexa9_v2_5/src"
make -C ps7_cortexa9_0/libsrc/cpu_cortexa9_v2_5/src -s include  "SHELL=CMD" "COMPILER=arm-none-eabi-gcc" "ARCHIVER=arm-none-eabi-ar" "COMPILER_FLAGS=  -O2 -c" "EXTRA_COMPILER_FLAGS=-mcpu=cortex-a9 -mfpu=vfpv3 -mfloat-abi=hard -nostartfiles -Wall -Wextra"
"Running Make include in ps7_cortexa9_0/libsrc/ddrps_v1_0/src"
make -C ps7_cortexa9_0/libsrc/ddrps_v1_0/src -s include  "SHELL=CMD" "COMPILER=arm-none-eabi-gcc" "ARCHIVER=arm-none-eabi-ar" "COMPILER_FLAGS=  -O2 -c" "EXTRA_COMPILER_FLAGS=-mcpu=cortex-a9 -mfpu=vfpv3 -mfloat-abi=hard -nostartfiles -Wall -Wextra"
"Running Make include in ps7_cortexa9_0/libsrc/devcfg_v3_5/src"
make -C ps7_cortexa9_0/libsrc/devcfg_v3_5/src -s include  "SHELL=CMD" "COMPILER=arm-none-eabi-gcc" "ARCHIVER=arm-none-eabi-ar" "COMPILER_FLAGS=  -O2 -c" "EXTRA_COMPILER_FLAGS=-mcpu=cortex-a9 -mfpu=vfpv3 -mfloat-abi=hard -nostartfiles -Wall -Wextra"
"Running Make include in ps7_cortexa9_0/libsrc/dmaps_v2_3/src"
make -C ps7_cortexa9_0/libsrc/dmaps_v2_3/src -s include  "SHELL=CMD" "COMPILER=arm-none-eabi-gcc" "ARCHIVER=arm-none-eabi-ar" "COMPILER_FLAGS=  -O2 -c" "EXTRA_COMPILER_FLAGS=-mcpu=cortex-a9 -mfpu=vfpv3 -mfloat-abi=hard -nostartfiles -Wall -Wextra"
"Running Make include in ps7_cortexa9_0/libsrc/emacps_v3_6/src"
make -C ps7_cortexa9_0/libsrc/emacps_v3_6/src -s include  "SHELL=CMD" "COMPILER=arm-none-eabi-gcc" "ARCHIVER=arm-none-eabi-ar" "COMPILER_FLAGS=  -O2 -c" "EXTRA_COMPILER_FLAGS=-mcpu=cortex-a9 -mfpu=vfpv3 -mfloat-abi=hard -nostartfiles -Wall -Wextra"
"Running Make include in ps7_cortexa9_0/libsrc/gpiops_v3_3/src"
make -C ps7_cortexa9_0/libsrc/gpiops_v3_3/src -s include  "SHELL=CMD" "COMPILER=arm-none-eabi-gcc" "ARCHIVER=arm-none-eabi-ar" "COMPILER_FLAGS=  -O2 -c" "EXTRA_COMPILER_FLAGS=-mcpu=cortex-a9 -mfpu=vfpv3 -mfloat-abi=hard -nostartfiles -Wall -Wextra"
"Running Make include in ps7_cortexa9_0/libsrc/scugic_v3_8/src"
make -C ps7_cortexa9_0/libsrc/scugic_v3_8/src -s include  "SHELL=CMD" "COMPILER=arm-none-eabi-gcc" "ARCHIVER=arm-none-eabi-ar" "COMPILER_FLAGS=  -O2 -c" "EXTRA_COMPILER_FLAGS=-mcpu=cortex-a9 -mfpu=vfpv3 -mfloat-abi=hard -nostartfiles -Wall -Wextra"
"Running Make include in ps7_cortexa9_0/libsrc/scutimer_v2_1/src"
make -C ps7_cortexa9_0/libsrc/scutimer_v2_1/src -s include  "SHELL=CMD" "COMPILER=arm-none-eabi-gcc" "ARCHIVER=arm-none-eabi-ar" "COMPILER_FLAGS=  -O2 -c" "EXTRA_COMPILER_FLAGS=-mcpu=cortex-a9 -mfpu=vfpv3 -mfloat-abi=hard -nostartfiles -Wall -Wextra"
"Running Make include in ps7_cortexa9_0/libsrc/scuwdt_v2_1/src"
make -C ps7_cortexa9_0/libsrc/scuwdt_v2_1/src -s include  "SHELL=CMD" "COMPILER=arm-none-eabi-gcc" "ARCHIVER=arm-none-eabi-ar" "COMPILER_FLAGS=  -O2 -c" "EXTRA_COMPILER_FLAGS=-mcpu=cortex-a9 -mfpu=vfpv3 -mfloat-abi=hard -nostartfiles -Wall -Wextra"
"Running Make include in ps7_cortexa9_0/libsrc/sdps_v3_3/src"
make -C ps7_cortexa9_0/libsrc/sdps_v3_3/src -s include  "SHELL=CMD" "COMPILER=arm-none-eabi-gcc" "ARCHIVER=arm-none-eabi-ar" "COMPILER_FLAGS=  -O2 -c" "EXTRA_COMPILER_FLAGS=-mcpu=cortex-a9 -mfpu=vfpv3 -mfloat-abi=hard -nostartfiles -Wall -Wextra"
"Running Make include in ps7_cortexa9_0/libsrc/standalone_v6_5/src"
make -C ps7_cortexa9_0/libsrc/standalone_v6_5/src -s include  "SHELL=CMD" "COMPILER=arm-none-eabi-gcc" "ARCHIVER=arm-none-eabi-ar" "COMPILER_FLAGS=  -O2 -c" "EXTRA_COMPILER_FLAGS=-mcpu=cortex-a9 -mfpu=vfpv3 -mfloat-abi=hard -nostartfiles -Wall -Wextra"
"Running Make include in ps7_cortexa9_0/libsrc/uartps_v3_5/src"
make -C ps7_cortexa9_0/libsrc/uartps_v3_5/src -s include  "SHELL=CMD" "COMPILER=arm-none-eabi-gcc" "ARCHIVER=arm-none-eabi-ar" "COMPILER_FLAGS=  -O2 -c" "EXTRA_COMPILER_FLAGS=-mcpu=cortex-a9 -mfpu=vfpv3 -mfloat-abi=hard -nostartfiles -Wall -Wextra"
"Running Make include in ps7_cortexa9_0/libsrc/usbps_v2_4/src"
make -C ps7_cortexa9_0/libsrc/usbps_v2_4/src -s include  "SHELL=CMD" "COMPILER=arm-none-eabi-gcc" "ARCHIVER=arm-none-eabi-ar" "COMPILER_FLAGS=  -O2 -c" "EXTRA_COMPILER_FLAGS=-mcpu=cortex-a9 -mfpu=vfpv3 -mfloat-abi=hard -nostartfiles -Wall -Wextra"
"Running Make include in ps7_cortexa9_0/libsrc/xadcps_v2_2/src"
make -C ps7_cortexa9_0/libsrc/xadcps_v2_2/src -s include  "SHELL=CMD" "COMPILER=arm-none-eabi-gcc" "ARCHIVER=arm-none-eabi-ar" "COMPILER_FLAGS=  -O2 -c" "EXTRA_COMPILER_FLAGS=-mcpu=cortex-a9 -mfpu=vfpv3 -mfloat-abi=hard -nostartfiles -Wall -Wextra"
"Running Make include in ps7_cortexa9_0/libsrc/xilffs_v3_7/src"
make -C ps7_cortexa9_0/libsrc/xilffs_v3_7/src -s include  "SHELL=CMD" "COMPILER=arm-none-eabi-gcc" "ARCHIVER=arm-none-eabi-ar" "COMPILER_FLAGS=  -O2 -c" "EXTRA_COMPILER_FLAGS=-mcpu=cortex-a9 -mfpu=vfpv3 -mfloat-abi=hard -nostartfiles -Wall -Wextra"
"Running Make include in ps7_cortexa9_0/libsrc/xilmfs_v2_3/src"
make -C ps7_cortexa9_0/libsrc/xilmfs_v2_3/src -s include  "SHELL=CMD" "COMPILER=arm-none-eabi-gcc" "ARCHIVER=arm-none-eabi-ar" "COMPILER_FLAGS=  -O2 -c" "EXTRA_COMPILER_FLAGS=-mcpu=cortex-a9 -mfpu=vfpv3 -mfloat-abi=hard -nostartfiles -Wall -Wextra"
"Running Make libs in ps7_cortexa9_0/libsrc/bram_v4_2/src"
make -C ps7_cortexa9_0/libsrc/bram_v4_2/src -s libs  "SHELL=CMD" "COMPILER=arm-none-eabi-gcc" "ARCHIVER=arm-none-eabi-ar" "COMPILER_FLAGS=  -O2 -c" "EXTRA_COMPILER_FLAGS=-mcpu=cortex-a9 -mfpu=vfpv3 -mfloat-abi=hard -nostartfiles -Wall -Wextra"
"Compiling bram"
arm-none-eabi-ar: creating ../../../lib/libxil.a
"Running Make libs in ps7_cortexa9_0/libsrc/coresightps_dcc_v1_4/src"
make -C ps7_cortexa9_0/libsrc/coresightps_dcc_v1_4/src -s libs  "SHELL=CMD" "COMPILER=arm-none-eabi-gcc" "ARCHIVER=arm-none-eabi-ar" "COMPILER_FLAGS=  -O2 -c" "EXTRA_COMPILER_FLAGS=-mcpu=cortex-a9 -mfpu=vfpv3 -mfloat-abi=hard -nostartfiles -Wall -Wextra"
"Compiling coresightps_dcc"
"Running Make libs in ps7_cortexa9_0/libsrc/cpu_cortexa9_v2_5/src"
make -C ps7_cortexa9_0/libsrc/cpu_cortexa9_v2_5/src -s libs  "SHELL=CMD" "COMPILER=arm-none-eabi-gcc" "ARCHIVER=arm-none-eabi-ar" "COMPILER_FLAGS=  -O2 -c" "EXTRA_COMPILER_FLAGS=-mcpu=cortex-a9 -mfpu=vfpv3 -mfloat-abi=hard -nostartfiles -Wall -Wextra"
"Compiling cpu_cortexa9"
"Running Make libs in ps7_cortexa9_0/libsrc/ddrps_v1_0/src"
make -C ps7_cortexa9_0/libsrc/ddrps_v1_0/src -s libs  "SHELL=CMD" "COMPILER=arm-none-eabi-gcc" "ARCHIVER=arm-none-eabi-ar" "COMPILER_FLAGS=  -O2 -c" "EXTRA_COMPILER_FLAGS=-mcpu=cortex-a9 -mfpu=vfpv3 -mfloat-abi=hard -nostartfiles -Wall -Wextra"
"Compiling ddrps"
"Running Make libs in ps7_cortexa9_0/libsrc/devcfg_v3_5/src"
make -C ps7_cortexa9_0/libsrc/devcfg_v3_5/src -s libs  "SHELL=CMD" "COMPILER=arm-none-eabi-gcc" "ARCHIVER=arm-none-eabi-ar" "COMPILER_FLAGS=  -O2 -c" "EXTRA_COMPILER_FLAGS=-mcpu=cortex-a9 -mfpu=vfpv3 -mfloat-abi=hard -nostartfiles -Wall -Wextra"
"Compiling devcfg"
"Running Make libs in ps7_cortexa9_0/libsrc/dmaps_v2_3/src"
make -C ps7_cortexa9_0/libsrc/dmaps_v2_3/src -s libs  "SHELL=CMD" "COMPILER=arm-none-eabi-gcc" "ARCHIVER=arm-none-eabi-ar" "COMPILER_FLAGS=  -O2 -c" "EXTRA_COMPILER_FLAGS=-mcpu=cortex-a9 -mfpu=vfpv3 -mfloat-abi=hard -nostartfiles -Wall -Wextra"
"Compiling dmaps"
"Running Make libs in ps7_cortexa9_0/libsrc/emacps_v3_6/src"
make -C ps7_cortexa9_0/libsrc/emacps_v3_6/src -s libs  "SHELL=CMD" "COMPILER=arm-none-eabi-gcc" "ARCHIVER=arm-none-eabi-ar" "COMPILER_FLAGS=  -O2 -c" "EXTRA_COMPILER_FLAGS=-mcpu=cortex-a9 -mfpu=vfpv3 -mfloat-abi=hard -nostartfiles -Wall -Wextra"
"Compiling emacps"
"Running Make libs in ps7_cortexa9_0/libsrc/gpiops_v3_3/src"
make -C ps7_cortexa9_0/libsrc/gpiops_v3_3/src -s libs  "SHELL=CMD" "COMPILER=arm-none-eabi-gcc" "ARCHIVER=arm-none-eabi-ar" "COMPILER_FLAGS=  -O2 -c" "EXTRA_COMPILER_FLAGS=-mcpu=cortex-a9 -mfpu=vfpv3 -mfloat-abi=hard -nostartfiles -Wall -Wextra"
"Compiling gpiops"
"Running Make libs in ps7_cortexa9_0/libsrc/scugic_v3_8/src"
make -C ps7_cortexa9_0/libsrc/scugic_v3_8/src -s libs  "SHELL=CMD" "COMPILER=arm-none-eabi-gcc" "ARCHIVER=arm-none-eabi-ar" "COMPILER_FLAGS=  -O2 -c" "EXTRA_COMPILER_FLAGS=-mcpu=cortex-a9 -mfpu=vfpv3 -mfloat-abi=hard -nostartfiles -Wall -Wextra"
"Compiling scugic"
"Running Make libs in ps7_cortexa9_0/libsrc/scutimer_v2_1/src"
make -C ps7_cortexa9_0/libsrc/scutimer_v2_1/src -s libs  "SHELL=CMD" "COMPILER=arm-none-eabi-gcc" "ARCHIVER=arm-none-eabi-ar" "COMPILER_FLAGS=  -O2 -c" "EXTRA_COMPILER_FLAGS=-mcpu=cortex-a9 -mfpu=vfpv3 -mfloat-abi=hard -nostartfiles -Wall -Wextra"
"Compiling scutimer"
"Running Make libs in ps7_cortexa9_0/libsrc/scuwdt_v2_1/src"
make -C ps7_cortexa9_0/libsrc/scuwdt_v2_1/src -s libs  "SHELL=CMD" "COMPILER=arm-none-eabi-gcc" "ARCHIVER=arm-none-eabi-ar" "COMPILER_FLAGS=  -O2 -c" "EXTRA_COMPILER_FLAGS=-mcpu=cortex-a9 -mfpu=vfpv3 -mfloat-abi=hard -nostartfiles -Wall -Wextra"
"Compiling scuwdt"
"Running Make libs in ps7_cortexa9_0/libsrc/sdps_v3_3/src"
make -C ps7_cortexa9_0/libsrc/sdps_v3_3/src -s libs  "SHELL=CMD" "COMPILER=arm-none-eabi-gcc" "ARCHIVER=arm-none-eabi-ar" "COMPILER_FLAGS=  -O2 -c" "EXTRA_COMPILER_FLAGS=-mcpu=cortex-a9 -mfpu=vfpv3 -mfloat-abi=hard -nostartfiles -Wall -Wextra"
"Compiling sdps"
"Running Make libs in ps7_cortexa9_0/libsrc/standalone_v6_5/src"
make -C ps7_cortexa9_0/libsrc/standalone_v6_5/src -s libs  "SHELL=CMD" "COMPILER=arm-none-eabi-gcc" "ARCHIVER=arm-none-eabi-ar" "COMPILER_FLAGS=  -O2 -c" "EXTRA_COMPILER_FLAGS=-mcpu=cortex-a9 -mfpu=vfpv3 -mfloat-abi=hard -nostartfiles -Wall -Wextra"
"Compiling standalone"
"Running Make libs in ps7_cortexa9_0/libsrc/uartps_v3_5/src"
make -C ps7_cortexa9_0/libsrc/uartps_v3_5/src -s libs  "SHELL=CMD" "COMPILER=arm-none-eabi-gcc" "ARCHIVER=arm-none-eabi-ar" "COMPILER_FLAGS=  -O2 -c" "EXTRA_COMPILER_FLAGS=-mcpu=cortex-a9 -mfpu=vfpv3 -mfloat-abi=hard -nostartfiles -Wall -Wextra"
"Compiling uartps"
"Running Make libs in ps7_cortexa9_0/libsrc/usbps_v2_4/src"
make -C ps7_cortexa9_0/libsrc/usbps_v2_4/src -s libs  "SHELL=CMD" "COMPILER=arm-none-eabi-gcc" "ARCHIVER=arm-none-eabi-ar" "COMPILER_FLAGS=  -O2 -c" "EXTRA_COMPILER_FLAGS=-mcpu=cortex-a9 -mfpu=vfpv3 -mfloat-abi=hard -nostartfiles -Wall -Wextra"
"Compiling usbps"
"Running Make libs in ps7_cortexa9_0/libsrc/xadcps_v2_2/src"
make -C ps7_cortexa9_0/libsrc/xadcps_v2_2/src -s libs  "SHELL=CMD" "COMPILER=arm-none-eabi-gcc" "ARCHIVER=arm-none-eabi-ar" "COMPILER_FLAGS=  -O2 -c" "EXTRA_COMPILER_FLAGS=-mcpu=cortex-a9 -mfpu=vfpv3 -mfloat-abi=hard -nostartfiles -Wall -Wextra"
"Compiling xadcps"
"Running Make libs in ps7_cortexa9_0/libsrc/xilffs_v3_7/src"
make -C ps7_cortexa9_0/libsrc/xilffs_v3_7/src -s libs  "SHELL=CMD" "COMPILER=arm-none-eabi-gcc" "ARCHIVER=arm-none-eabi-ar" "COMPILER_FLAGS=  -O2 -c" "EXTRA_COMPILER_FLAGS=-mcpu=cortex-a9 -mfpu=vfpv3 -mfloat-abi=hard -nostartfiles -Wall -Wextra"
"Compiling XilFFs Library"
diskio.c:135:11: warning: 'ExtCsd' defined but not used [-Wunused-variable]
 static u8 ExtCsd[512] __attribute__ ((aligned(32)));
           ^~~~~~
ff.c: In function 'find_volume':
ff.c:2610:4: warning: dereferencing type-punned pointer will break strict-aliasing rules [-Wstrict-aliasing]
    && (LD_DWORD(fs->win+FSI_LeadSig) == 0x41615252U)
    ^~
"Running Make libs in ps7_cortexa9_0/libsrc/xilmfs_v2_3/src"
make -C ps7_cortexa9_0/libsrc/xilmfs_v2_3/src -s libs  "SHELL=CMD" "COMPILER=arm-none-eabi-gcc" "ARCHIVER=arm-none-eabi-ar" "COMPILER_FLAGS=  -O2 -c" "EXTRA_COMPILER_FLAGS=-mcpu=cortex-a9 -mfpu=vfpv3 -mfloat-abi=hard -nostartfiles -Wall -Wextra"
"Compiling XilMFS Library"
mfs_filesys.c: In function 'mfs_file_lseek':
mfs_filesys.c:1010:16: warning: comparison between signed and unsigned integer expressions [-Wsign-compare]
     if (offset >= mfs_file_system[mfs_open_files[fd].first_block].block_size) { /* attempting to seek beyond end of file */
                ^~
'Finished building libraries'
13:41:12 **** Clean-only build of configuration Debug for project aLaw ****
make clean 
rm -rf  ./src/decoded_lut.o ./src/encoded_lut.o ./src/main.o ./src/speech.o  ./src/decoded_lut.d ./src/encoded_lut.d ./src/main.d ./src/speech.d  aLaw.elf.size  aLaw.elf
' '
13:41:12 **** Clean-only build of project aLaw_bsp ****
make -k clean 
make -C ps7_cortexa9_0/libsrc/bram_v4_2/src -s clean 
make -C ps7_cortexa9_0/libsrc/coresightps_dcc_v1_4/src -s clean 
make -C ps7_cortexa9_0/libsrc/cpu_cortexa9_v2_5/src -s clean 
make -C ps7_cortexa9_0/libsrc/ddrps_v1_0/src -s clean 
make -C ps7_cortexa9_0/libsrc/devcfg_v3_5/src -s clean 
make -C ps7_cortexa9_0/libsrc/dmaps_v2_3/src -s clean 
make -C ps7_cortexa9_0/libsrc/emacps_v3_6/src -s clean 
make -C ps7_cortexa9_0/libsrc/gpiops_v3_3/src -s clean 
make -C ps7_cortexa9_0/libsrc/scugic_v3_8/src -s clean 
make -C ps7_cortexa9_0/libsrc/scutimer_v2_1/src -s clean 
make -C ps7_cortexa9_0/libsrc/scuwdt_v2_1/src -s clean 
make -C ps7_cortexa9_0/libsrc/sdps_v3_3/src -s clean 
make -C ps7_cortexa9_0/libsrc/standalone_v6_5/src -s clean 
make -C ps7_cortexa9_0/libsrc/uartps_v3_5/src -s clean 
make -C ps7_cortexa9_0/libsrc/usbps_v2_4/src -s clean 
make -C ps7_cortexa9_0/libsrc/xadcps_v2_2/src -s clean 
make -C ps7_cortexa9_0/libsrc/xilffs_v3_7/src -s clean 
make -C ps7_cortexa9_0/libsrc/xilmfs_v2_3/src -s clean 
rm -f ps7_cortexa9_0/lib/libxil.a
13:41:13 **** Build of project aLaw_bsp ****
make -k all 
"Running Make include in ps7_cortexa9_0/libsrc/bram_v4_2/src"
make -C ps7_cortexa9_0/libsrc/bram_v4_2/src -s include  "SHELL=CMD" "COMPILER=arm-none-eabi-gcc" "ARCHIVER=arm-none-eabi-ar" "COMPILER_FLAGS=  -O2 -c" "EXTRA_COMPILER_FLAGS=-mcpu=cortex-a9 -mfpu=vfpv3 -mfloat-abi=hard -nostartfiles -Wall -Wextra"
"Running Make include in ps7_cortexa9_0/libsrc/coresightps_dcc_v1_4/src"
make -C ps7_cortexa9_0/libsrc/coresightps_dcc_v1_4/src -s include  "SHELL=CMD" "COMPILER=arm-none-eabi-gcc" "ARCHIVER=arm-none-eabi-ar" "COMPILER_FLAGS=  -O2 -c" "EXTRA_COMPILER_FLAGS=-mcpu=cortex-a9 -mfpu=vfpv3 -mfloat-abi=hard -nostartfiles -Wall -Wextra"
"Running Make include in ps7_cortexa9_0/libsrc/cpu_cortexa9_v2_5/src"
make -C ps7_cortexa9_0/libsrc/cpu_cortexa9_v2_5/src -s include  "SHELL=CMD" "COMPILER=arm-none-eabi-gcc" "ARCHIVER=arm-none-eabi-ar" "COMPILER_FLAGS=  -O2 -c" "EXTRA_COMPILER_FLAGS=-mcpu=cortex-a9 -mfpu=vfpv3 -mfloat-abi=hard -nostartfiles -Wall -Wextra"
"Running Make include in ps7_cortexa9_0/libsrc/ddrps_v1_0/src"
make -C ps7_cortexa9_0/libsrc/ddrps_v1_0/src -s include  "SHELL=CMD" "COMPILER=arm-none-eabi-gcc" "ARCHIVER=arm-none-eabi-ar" "COMPILER_FLAGS=  -O2 -c" "EXTRA_COMPILER_FLAGS=-mcpu=cortex-a9 -mfpu=vfpv3 -mfloat-abi=hard -nostartfiles -Wall -Wextra"
"Running Make include in ps7_cortexa9_0/libsrc/devcfg_v3_5/src"
make -C ps7_cortexa9_0/libsrc/devcfg_v3_5/src -s include  "SHELL=CMD" "COMPILER=arm-none-eabi-gcc" "ARCHIVER=arm-none-eabi-ar" "COMPILER_FLAGS=  -O2 -c" "EXTRA_COMPILER_FLAGS=-mcpu=cortex-a9 -mfpu=vfpv3 -mfloat-abi=hard -nostartfiles -Wall -Wextra"
"Running Make include in ps7_cortexa9_0/libsrc/dmaps_v2_3/src"
make -C ps7_cortexa9_0/libsrc/dmaps_v2_3/src -s include  "SHELL=CMD" "COMPILER=arm-none-eabi-gcc" "ARCHIVER=arm-none-eabi-ar" "COMPILER_FLAGS=  -O2 -c" "EXTRA_COMPILER_FLAGS=-mcpu=cortex-a9 -mfpu=vfpv3 -mfloat-abi=hard -nostartfiles -Wall -Wextra"
"Running Make include in ps7_cortexa9_0/libsrc/emacps_v3_6/src"
make -C ps7_cortexa9_0/libsrc/emacps_v3_6/src -s include  "SHELL=CMD" "COMPILER=arm-none-eabi-gcc" "ARCHIVER=arm-none-eabi-ar" "COMPILER_FLAGS=  -O2 -c" "EXTRA_COMPILER_FLAGS=-mcpu=cortex-a9 -mfpu=vfpv3 -mfloat-abi=hard -nostartfiles -Wall -Wextra"
"Running Make include in ps7_cortexa9_0/libsrc/gpiops_v3_3/src"
make -C ps7_cortexa9_0/libsrc/gpiops_v3_3/src -s include  "SHELL=CMD" "COMPILER=arm-none-eabi-gcc" "ARCHIVER=arm-none-eabi-ar" "COMPILER_FLAGS=  -O2 -c" "EXTRA_COMPILER_FLAGS=-mcpu=cortex-a9 -mfpu=vfpv3 -mfloat-abi=hard -nostartfiles -Wall -Wextra"
"Running Make include in ps7_cortexa9_0/libsrc/scugic_v3_8/src"
make -C ps7_cortexa9_0/libsrc/scugic_v3_8/src -s include  "SHELL=CMD" "COMPILER=arm-none-eabi-gcc" "ARCHIVER=arm-none-eabi-ar" "COMPILER_FLAGS=  -O2 -c" "EXTRA_COMPILER_FLAGS=-mcpu=cortex-a9 -mfpu=vfpv3 -mfloat-abi=hard -nostartfiles -Wall -Wextra"
"Running Make include in ps7_cortexa9_0/libsrc/scutimer_v2_1/src"
make -C ps7_cortexa9_0/libsrc/scutimer_v2_1/src -s include  "SHELL=CMD" "COMPILER=arm-none-eabi-gcc" "ARCHIVER=arm-none-eabi-ar" "COMPILER_FLAGS=  -O2 -c" "EXTRA_COMPILER_FLAGS=-mcpu=cortex-a9 -mfpu=vfpv3 -mfloat-abi=hard -nostartfiles -Wall -Wextra"
"Running Make include in ps7_cortexa9_0/libsrc/scuwdt_v2_1/src"
make -C ps7_cortexa9_0/libsrc/scuwdt_v2_1/src -s include  "SHELL=CMD" "COMPILER=arm-none-eabi-gcc" "ARCHIVER=arm-none-eabi-ar" "COMPILER_FLAGS=  -O2 -c" "EXTRA_COMPILER_FLAGS=-mcpu=cortex-a9 -mfpu=vfpv3 -mfloat-abi=hard -nostartfiles -Wall -Wextra"
"Running Make include in ps7_cortexa9_0/libsrc/sdps_v3_3/src"
make -C ps7_cortexa9_0/libsrc/sdps_v3_3/src -s include  "SHELL=CMD" "COMPILER=arm-none-eabi-gcc" "ARCHIVER=arm-none-eabi-ar" "COMPILER_FLAGS=  -O2 -c" "EXTRA_COMPILER_FLAGS=-mcpu=cortex-a9 -mfpu=vfpv3 -mfloat-abi=hard -nostartfiles -Wall -Wextra"
"Running Make include in ps7_cortexa9_0/libsrc/standalone_v6_5/src"
make -C ps7_cortexa9_0/libsrc/standalone_v6_5/src -s include  "SHELL=CMD" "COMPILER=arm-none-eabi-gcc" "ARCHIVER=arm-none-eabi-ar" "COMPILER_FLAGS=  -O2 -c" "EXTRA_COMPILER_FLAGS=-mcpu=cortex-a9 -mfpu=vfpv3 -mfloat-abi=hard -nostartfiles -Wall -Wextra"
"Running Make include in ps7_cortexa9_0/libsrc/uartps_v3_5/src"
make -C ps7_cortexa9_0/libsrc/uartps_v3_5/src -s include  "SHELL=CMD" "COMPILER=arm-none-eabi-gcc" "ARCHIVER=arm-none-eabi-ar" "COMPILER_FLAGS=  -O2 -c" "EXTRA_COMPILER_FLAGS=-mcpu=cortex-a9 -mfpu=vfpv3 -mfloat-abi=hard -nostartfiles -Wall -Wextra"
"Running Make include in ps7_cortexa9_0/libsrc/usbps_v2_4/src"
make -C ps7_cortexa9_0/libsrc/usbps_v2_4/src -s include  "SHELL=CMD" "COMPILER=arm-none-eabi-gcc" "ARCHIVER=arm-none-eabi-ar" "COMPILER_FLAGS=  -O2 -c" "EXTRA_COMPILER_FLAGS=-mcpu=cortex-a9 -mfpu=vfpv3 -mfloat-abi=hard -nostartfiles -Wall -Wextra"
"Running Make include in ps7_cortexa9_0/libsrc/xadcps_v2_2/src"
make -C ps7_cortexa9_0/libsrc/xadcps_v2_2/src -s include  "SHELL=CMD" "COMPILER=arm-none-eabi-gcc" "ARCHIVER=arm-none-eabi-ar" "COMPILER_FLAGS=  -O2 -c" "EXTRA_COMPILER_FLAGS=-mcpu=cortex-a9 -mfpu=vfpv3 -mfloat-abi=hard -nostartfiles -Wall -Wextra"
"Running Make include in ps7_cortexa9_0/libsrc/xilffs_v3_7/src"
make -C ps7_cortexa9_0/libsrc/xilffs_v3_7/src -s include  "SHELL=CMD" "COMPILER=arm-none-eabi-gcc" "ARCHIVER=arm-none-eabi-ar" "COMPILER_FLAGS=  -O2 -c" "EXTRA_COMPILER_FLAGS=-mcpu=cortex-a9 -mfpu=vfpv3 -mfloat-abi=hard -nostartfiles -Wall -Wextra"
"Running Make include in ps7_cortexa9_0/libsrc/xilmfs_v2_3/src"
make -C ps7_cortexa9_0/libsrc/xilmfs_v2_3/src -s include  "SHELL=CMD" "COMPILER=arm-none-eabi-gcc" "ARCHIVER=arm-none-eabi-ar" "COMPILER_FLAGS=  -O2 -c" "EXTRA_COMPILER_FLAGS=-mcpu=cortex-a9 -mfpu=vfpv3 -mfloat-abi=hard -nostartfiles -Wall -Wextra"
"Running Make libs in ps7_cortexa9_0/libsrc/bram_v4_2/src"
make -C ps7_cortexa9_0/libsrc/bram_v4_2/src -s libs  "SHELL=CMD" "COMPILER=arm-none-eabi-gcc" "ARCHIVER=arm-none-eabi-ar" "COMPILER_FLAGS=  -O2 -c" "EXTRA_COMPILER_FLAGS=-mcpu=cortex-a9 -mfpu=vfpv3 -mfloat-abi=hard -nostartfiles -Wall -Wextra"
"Compiling bram"
arm-none-eabi-ar: creating ../../../lib/libxil.a
"Running Make libs in ps7_cortexa9_0/libsrc/coresightps_dcc_v1_4/src"
make -C ps7_cortexa9_0/libsrc/coresightps_dcc_v1_4/src -s libs  "SHELL=CMD" "COMPILER=arm-none-eabi-gcc" "ARCHIVER=arm-none-eabi-ar" "COMPILER_FLAGS=  -O2 -c" "EXTRA_COMPILER_FLAGS=-mcpu=cortex-a9 -mfpu=vfpv3 -mfloat-abi=hard -nostartfiles -Wall -Wextra"
"Compiling coresightps_dcc"
"Running Make libs in ps7_cortexa9_0/libsrc/cpu_cortexa9_v2_5/src"
make -C ps7_cortexa9_0/libsrc/cpu_cortexa9_v2_5/src -s libs  "SHELL=CMD" "COMPILER=arm-none-eabi-gcc" "ARCHIVER=arm-none-eabi-ar" "COMPILER_FLAGS=  -O2 -c" "EXTRA_COMPILER_FLAGS=-mcpu=cortex-a9 -mfpu=vfpv3 -mfloat-abi=hard -nostartfiles -Wall -Wextra"
"Compiling cpu_cortexa9"
"Running Make libs in ps7_cortexa9_0/libsrc/ddrps_v1_0/src"
make -C ps7_cortexa9_0/libsrc/ddrps_v1_0/src -s libs  "SHELL=CMD" "COMPILER=arm-none-eabi-gcc" "ARCHIVER=arm-none-eabi-ar" "COMPILER_FLAGS=  -O2 -c" "EXTRA_COMPILER_FLAGS=-mcpu=cortex-a9 -mfpu=vfpv3 -mfloat-abi=hard -nostartfiles -Wall -Wextra"
"Compiling ddrps"
"Running Make libs in ps7_cortexa9_0/libsrc/devcfg_v3_5/src"
make -C ps7_cortexa9_0/libsrc/devcfg_v3_5/src -s libs  "SHELL=CMD" "COMPILER=arm-none-eabi-gcc" "ARCHIVER=arm-none-eabi-ar" "COMPILER_FLAGS=  -O2 -c" "EXTRA_COMPILER_FLAGS=-mcpu=cortex-a9 -mfpu=vfpv3 -mfloat-abi=hard -nostartfiles -Wall -Wextra"
"Compiling devcfg"
"Running Make libs in ps7_cortexa9_0/libsrc/dmaps_v2_3/src"
make -C ps7_cortexa9_0/libsrc/dmaps_v2_3/src -s libs  "SHELL=CMD" "COMPILER=arm-none-eabi-gcc" "ARCHIVER=arm-none-eabi-ar" "COMPILER_FLAGS=  -O2 -c" "EXTRA_COMPILER_FLAGS=-mcpu=cortex-a9 -mfpu=vfpv3 -mfloat-abi=hard -nostartfiles -Wall -Wextra"
"Compiling dmaps"
"Running Make libs in ps7_cortexa9_0/libsrc/emacps_v3_6/src"
make -C ps7_cortexa9_0/libsrc/emacps_v3_6/src -s libs  "SHELL=CMD" "COMPILER=arm-none-eabi-gcc" "ARCHIVER=arm-none-eabi-ar" "COMPILER_FLAGS=  -O2 -c" "EXTRA_COMPILER_FLAGS=-mcpu=cortex-a9 -mfpu=vfpv3 -mfloat-abi=hard -nostartfiles -Wall -Wextra"
"Compiling emacps"
"Running Make libs in ps7_cortexa9_0/libsrc/gpiops_v3_3/src"
make -C ps7_cortexa9_0/libsrc/gpiops_v3_3/src -s libs  "SHELL=CMD" "COMPILER=arm-none-eabi-gcc" "ARCHIVER=arm-none-eabi-ar" "COMPILER_FLAGS=  -O2 -c" "EXTRA_COMPILER_FLAGS=-mcpu=cortex-a9 -mfpu=vfpv3 -mfloat-abi=hard -nostartfiles -Wall -Wextra"
"Compiling gpiops"
"Running Make libs in ps7_cortexa9_0/libsrc/scugic_v3_8/src"
make -C ps7_cortexa9_0/libsrc/scugic_v3_8/src -s libs  "SHELL=CMD" "COMPILER=arm-none-eabi-gcc" "ARCHIVER=arm-none-eabi-ar" "COMPILER_FLAGS=  -O2 -c" "EXTRA_COMPILER_FLAGS=-mcpu=cortex-a9 -mfpu=vfpv3 -mfloat-abi=hard -nostartfiles -Wall -Wextra"
"Compiling scugic"
"Running Make libs in ps7_cortexa9_0/libsrc/scutimer_v2_1/src"
make -C ps7_cortexa9_0/libsrc/scutimer_v2_1/src -s libs  "SHELL=CMD" "COMPILER=arm-none-eabi-gcc" "ARCHIVER=arm-none-eabi-ar" "COMPILER_FLAGS=  -O2 -c" "EXTRA_COMPILER_FLAGS=-mcpu=cortex-a9 -mfpu=vfpv3 -mfloat-abi=hard -nostartfiles -Wall -Wextra"
"Compiling scutimer"
"Running Make libs in ps7_cortexa9_0/libsrc/scuwdt_v2_1/src"
make -C ps7_cortexa9_0/libsrc/scuwdt_v2_1/src -s libs  "SHELL=CMD" "COMPILER=arm-none-eabi-gcc" "ARCHIVER=arm-none-eabi-ar" "COMPILER_FLAGS=  -O2 -c" "EXTRA_COMPILER_FLAGS=-mcpu=cortex-a9 -mfpu=vfpv3 -mfloat-abi=hard -nostartfiles -Wall -Wextra"
"Compiling scuwdt"
"Running Make libs in ps7_cortexa9_0/libsrc/sdps_v3_3/src"
make -C ps7_cortexa9_0/libsrc/sdps_v3_3/src -s libs  "SHELL=CMD" "COMPILER=arm-none-eabi-gcc" "ARCHIVER=arm-none-eabi-ar" "COMPILER_FLAGS=  -O2 -c" "EXTRA_COMPILER_FLAGS=-mcpu=cortex-a9 -mfpu=vfpv3 -mfloat-abi=hard -nostartfiles -Wall -Wextra"
"Compiling sdps"
"Running Make libs in ps7_cortexa9_0/libsrc/standalone_v6_5/src"
make -C ps7_cortexa9_0/libsrc/standalone_v6_5/src -s libs  "SHELL=CMD" "COMPILER=arm-none-eabi-gcc" "ARCHIVER=arm-none-eabi-ar" "COMPILER_FLAGS=  -O2 -c" "EXTRA_COMPILER_FLAGS=-mcpu=cortex-a9 -mfpu=vfpv3 -mfloat-abi=hard -nostartfiles -Wall -Wextra"
"Compiling standalone"
"Running Make libs in ps7_cortexa9_0/libsrc/uartps_v3_5/src"
make -C ps7_cortexa9_0/libsrc/uartps_v3_5/src -s libs  "SHELL=CMD" "COMPILER=arm-none-eabi-gcc" "ARCHIVER=arm-none-eabi-ar" "COMPILER_FLAGS=  -O2 -c" "EXTRA_COMPILER_FLAGS=-mcpu=cortex-a9 -mfpu=vfpv3 -mfloat-abi=hard -nostartfiles -Wall -Wextra"
"Compiling uartps"
"Running Make libs in ps7_cortexa9_0/libsrc/usbps_v2_4/src"
make -C ps7_cortexa9_0/libsrc/usbps_v2_4/src -s libs  "SHELL=CMD" "COMPILER=arm-none-eabi-gcc" "ARCHIVER=arm-none-eabi-ar" "COMPILER_FLAGS=  -O2 -c" "EXTRA_COMPILER_FLAGS=-mcpu=cortex-a9 -mfpu=vfpv3 -mfloat-abi=hard -nostartfiles -Wall -Wextra"
"Compiling usbps"
"Running Make libs in ps7_cortexa9_0/libsrc/xadcps_v2_2/src"
make -C ps7_cortexa9_0/libsrc/xadcps_v2_2/src -s libs  "SHELL=CMD" "COMPILER=arm-none-eabi-gcc" "ARCHIVER=arm-none-eabi-ar" "COMPILER_FLAGS=  -O2 -c" "EXTRA_COMPILER_FLAGS=-mcpu=cortex-a9 -mfpu=vfpv3 -mfloat-abi=hard -nostartfiles -Wall -Wextra"
"Compiling xadcps"
"Running Make libs in ps7_cortexa9_0/libsrc/xilffs_v3_7/src"
make -C ps7_cortexa9_0/libsrc/xilffs_v3_7/src -s libs  "SHELL=CMD" "COMPILER=arm-none-eabi-gcc" "ARCHIVER=arm-none-eabi-ar" "COMPILER_FLAGS=  -O2 -c" "EXTRA_COMPILER_FLAGS=-mcpu=cortex-a9 -mfpu=vfpv3 -mfloat-abi=hard -nostartfiles -Wall -Wextra"
"Compiling XilFFs Library"
diskio.c:135:11: warning: 'ExtCsd' defined but not used [-Wunused-variable]
 static u8 ExtCsd[512] __attribute__ ((aligned(32)));
           ^~~~~~
ff.c: In function 'find_volume':
ff.c:2610:4: warning: dereferencing type-punned pointer will break strict-aliasing rules [-Wstrict-aliasing]
    && (LD_DWORD(fs->win+FSI_LeadSig) == 0x41615252U)
    ^~
"Running Make libs in ps7_cortexa9_0/libsrc/xilmfs_v2_3/src"
make -C ps7_cortexa9_0/libsrc/xilmfs_v2_3/src -s libs  "SHELL=CMD" "COMPILER=arm-none-eabi-gcc" "ARCHIVER=arm-none-eabi-ar" "COMPILER_FLAGS=  -O2 -c" "EXTRA_COMPILER_FLAGS=-mcpu=cortex-a9 -mfpu=vfpv3 -mfloat-abi=hard -nostartfiles -Wall -Wextra"
"Compiling XilMFS Library"
mfs_filesys.c: In function 'mfs_file_lseek':
mfs_filesys.c:1010:16: warning: comparison between signed and unsigned integer expressions [-Wsign-compare]
     if (offset >= mfs_file_system[mfs_open_files[fd].first_block].block_size) { /* attempting to seek beyond end of file */
                ^~
'Finished building libraries'
13:41:28 **** Clean-only build of configuration Debug for project aLaw ****
make clean 
rm -rf  ./src/decoded_lut.o ./src/encoded_lut.o ./src/main.o ./src/speech.o  ./src/decoded_lut.d ./src/encoded_lut.d ./src/main.d ./src/speech.d  aLaw.elf.size  aLaw.elf
' '
13:41:28 **** Build of configuration Debug for project aLaw ****
make pre-build main-build 
a9-linaro-pre-build-step
' '
'Building file: ../src/decoded_lut.c'
'Invoking: ARM v7 gcc compiler'
arm-none-eabi-gcc -Wall -O0 -g3 -c -fmessage-length=0 -MT"src/decoded_lut.o" -mcpu=cortex-a9 -mfpu=vfpv3 -mfloat-abi=hard -I../../aLaw_bsp/ps7_cortexa9_0/include -MMD -MP -MF"src/decoded_lut.d" -MT"src/decoded_lut.o" -o "src/decoded_lut.o" "../src/decoded_lut.c"
'Finished building: ../src/decoded_lut.c'
' '
'Building file: ../src/encoded_lut.c'
'Invoking: ARM v7 gcc compiler'
arm-none-eabi-gcc -Wall -O0 -g3 -c -fmessage-length=0 -MT"src/encoded_lut.o" -mcpu=cortex-a9 -mfpu=vfpv3 -mfloat-abi=hard -I../../aLaw_bsp/ps7_cortexa9_0/include -MMD -MP -MF"src/encoded_lut.d" -MT"src/encoded_lut.o" -o "src/encoded_lut.o" "../src/encoded_lut.c"
'Finished building: ../src/encoded_lut.c'
' '
'Building file: ../src/main.c'
'Invoking: ARM v7 gcc compiler'
arm-none-eabi-gcc -Wall -O0 -g3 -c -fmessage-length=0 -MT"src/main.o" -mcpu=cortex-a9 -mfpu=vfpv3 -mfloat-abi=hard -I../../aLaw_bsp/ps7_cortexa9_0/include -MMD -MP -MF"src/main.d" -MT"src/main.o" -o "src/main.o" "../src/main.c"
../src/main.c: In function 'parse_wav':
../src/main.c:74:34: warning: pointer targets in assignment differ in signedness [-Wpointer-sign]
             wav->data_chunk.data = (uint16_t*)malloc(chunkSize);
                                  ^
../src/main.c: In function 'print_wav_info':
../src/main.c:103:27: warning: format '%u' expects argument of type 'unsigned int', but argument 2 has type 'uint32_t {aka const long unsigned int}' [-Wformat=]
     printf("Sample Rate: %u\n", wav->format_chunk.sample_rate);
                           ^
../src/main.c:104:25: warning: format '%u' expects argument of type 'unsigned int', but argument 2 has type 'uint32_t {aka const long unsigned int}' [-Wformat=]
     printf("Byte Rate: %u\n", wav->format_chunk.byte_rate);
                         ^
../src/main.c:107:25: warning: format '%u' expects argument of type 'unsigned int', but argument 2 has type 'uint32_t {aka const long unsigned int}' [-Wformat=]
     printf("Data Size: %u bytes\n", wav->data_chunk.chunk_size);
                         ^
'Finished building: ../src/main.c'
' '
'Building file: ../src/speech.c'
'Invoking: ARM v7 gcc compiler'
arm-none-eabi-gcc -Wall -O0 -g3 -c -fmessage-length=0 -MT"src/speech.o" -mcpu=cortex-a9 -mfpu=vfpv3 -mfloat-abi=hard -I../../aLaw_bsp/ps7_cortexa9_0/include -MMD -MP -MF"src/speech.d" -MT"src/speech.o" -o "src/speech.o" "../src/speech.c"
'Finished building: ../src/speech.c'
' '
'Building target: aLaw.elf'
'Invoking: ARM v7 gcc linker'
arm-none-eabi-gcc -mcpu=cortex-a9 -mfpu=vfpv3 -mfloat-abi=hard -Wl,-build-id=none -specs=Xilinx.spec -Wl,-T -Wl,../src/lscript.ld -L../../aLaw_bsp/ps7_cortexa9_0/lib -o "aLaw.elf"  ./src/decoded_lut.o ./src/encoded_lut.o ./src/main.o ./src/speech.o   -Wl,--start-group,-lxil,-lgcc,-lc,--end-group -Wl,--start-group,-lxilffs,-lxil,-lgcc,-lc,--end-group
'Finished building target: aLaw.elf'
' '
'Invoking: ARM v7 Print Size'
arm-none-eabi-size aLaw.elf  |tee "aLaw.elf.size"
   text	   data	    bss	    dec	    hex	filename
1124288	   2584	  23328	1150200	 118cf8	aLaw.elf
'Finished building: aLaw.elf.size'
' '
13:43:04 **** Incremental Build of configuration Debug for project aLaw ****
make pre-build main-build 
a9-linaro-pre-build-step
' '
make: Nothing to be done for `main-build'.
13:43:39 **** Clean-only build of configuration Debug for project aLaw ****
make clean 
rm -rf  ./src/decoded_lut.o ./src/encoded_lut.o ./src/main.o ./src/speech.o  ./src/decoded_lut.d ./src/encoded_lut.d ./src/main.d ./src/speech.d  aLaw.elf.size  aLaw.elf
' '
13:43:40 **** Auto Build of configuration Debug for project aLaw ****
make pre-build main-build 
a9-linaro-pre-build-step
' '
'Building file: ../src/decoded_lut.c'
'Invoking: ARM v7 gcc compiler'
arm-none-eabi-gcc -Wall -O0 -g3 -c -fmessage-length=0 -MT"src/decoded_lut.o" -mcpu=cortex-a9 -mfpu=vfpv3 -mfloat-abi=hard -I../../aLaw_bsp/ps7_cortexa9_0/include -MMD -MP -MF"src/decoded_lut.d" -MT"src/decoded_lut.o" -o "src/decoded_lut.o" "../src/decoded_lut.c"
'Finished building: ../src/decoded_lut.c'
' '
'Building file: ../src/encoded_lut.c'
'Invoking: ARM v7 gcc compiler'
arm-none-eabi-gcc -Wall -O0 -g3 -c -fmessage-length=0 -MT"src/encoded_lut.o" -mcpu=cortex-a9 -mfpu=vfpv3 -mfloat-abi=hard -I../../aLaw_bsp/ps7_cortexa9_0/include -MMD -MP -MF"src/encoded_lut.d" -MT"src/encoded_lut.o" -o "src/encoded_lut.o" "../src/encoded_lut.c"
'Finished building: ../src/encoded_lut.c'
' '
'Building file: ../src/main.c'
'Invoking: ARM v7 gcc compiler'
arm-none-eabi-gcc -Wall -O0 -g3 -c -fmessage-length=0 -MT"src/main.o" -mcpu=cortex-a9 -mfpu=vfpv3 -mfloat-abi=hard -I../../aLaw_bsp/ps7_cortexa9_0/include -MMD -MP -MF"src/main.d" -MT"src/main.o" -o "src/main.o" "../src/main.c"
../src/main.c: In function 'parse_wav':
../src/main.c:74:34: warning: pointer targets in assignment differ in signedness [-Wpointer-sign]
             wav->data_chunk.data = (uint16_t*)malloc(chunkSize);
                                  ^
../src/main.c: In function 'print_wav_info':
../src/main.c:103:27: warning: format '%u' expects argument of type 'unsigned int', but argument 2 has type 'uint32_t {aka const long unsigned int}' [-Wformat=]
     printf("Sample Rate: %u\n", wav->format_chunk.sample_rate);
                           ^
../src/main.c:104:25: warning: format '%u' expects argument of type 'unsigned int', but argument 2 has type 'uint32_t {aka const long unsigned int}' [-Wformat=]
     printf("Byte Rate: %u\n", wav->format_chunk.byte_rate);
                         ^
../src/main.c:107:25: warning: format '%u' expects argument of type 'unsigned int', but argument 2 has type 'uint32_t {aka const long unsigned int}' [-Wformat=]
     printf("Data Size: %u bytes\n", wav->data_chunk.chunk_size);
                         ^
'Finished building: ../src/main.c'
' '
'Building file: ../src/speech.c'
'Invoking: ARM v7 gcc compiler'
arm-none-eabi-gcc -Wall -O0 -g3 -c -fmessage-length=0 -MT"src/speech.o" -mcpu=cortex-a9 -mfpu=vfpv3 -mfloat-abi=hard -I../../aLaw_bsp/ps7_cortexa9_0/include -MMD -MP -MF"src/speech.d" -MT"src/speech.o" -o "src/speech.o" "../src/speech.c"
'Finished building: ../src/speech.c'
' '
'Building target: aLaw.elf'
'Invoking: ARM v7 gcc linker'
arm-none-eabi-gcc -mcpu=cortex-a9 -mfpu=vfpv3 -mfloat-abi=hard -Wl,-build-id=none -specs=Xilinx.spec -Wl,-T -Wl,../src/lscript.ld -L../../aLaw_bsp/ps7_cortexa9_0/lib -o "aLaw.elf"  ./src/decoded_lut.o ./src/encoded_lut.o ./src/main.o ./src/speech.o   -Wl,--start-group,-lxil,-lgcc,-lc,--end-group -Wl,--start-group,-lxilffs,-lxil,-lgcc,-lc,--end-group
'Finished building target: aLaw.elf'
' '
'Invoking: ARM v7 Print Size'
arm-none-eabi-size aLaw.elf  |tee "aLaw.elf.size"
   text	   data	    bss	    dec	    hex	filename
1124288	   2584	   8992	1135864	 1154f8	aLaw.elf
'Finished building: aLaw.elf.size'
' '
13:44:28 **** Incremental Build of configuration Debug for project aLaw ****
make pre-build main-build 
a9-linaro-pre-build-step
' '
'Building target: aLaw.elf'
'Invoking: ARM v7 gcc linker'
arm-none-eabi-gcc -mcpu=cortex-a9 -mfpu=vfpv3 -mfloat-abi=hard -Wl,-build-id=none -specs=Xilinx.spec -Wl,-T -Wl,../src/lscript.ld -L../../aLaw_bsp/ps7_cortexa9_0/lib -o "aLaw.elf"  ./src/decoded_lut.o ./src/encoded_lut.o ./src/main.o ./src/speech.o   -Wl,--start-group,-lxil,-lgcc,-lc,--end-group -Wl,--start-group,-lxilffs,-lxil,-lgcc,-lc,--end-group
'Finished building target: aLaw.elf'
' '
'Invoking: ARM v7 Print Size'
arm-none-eabi-size aLaw.elf  |tee "aLaw.elf.size"
   text	   data	    bss	    dec	    hex	filename
1124288	   2584	   8992	1135864	 1154f8	aLaw.elf
'Finished building: aLaw.elf.size'
' '
13:44:52 **** Incremental Build of configuration Debug for project aLaw ****
make pre-build main-build 
a9-linaro-pre-build-step
' '
make: Nothing to be done for `main-build'.
13:45:45 **** Incremental Build of configuration Debug for project aLaw ****
make pre-build main-build 
a9-linaro-pre-build-step
' '
make: Nothing to be done for `main-build'.
15:25:30 **** Incremental Build of configuration Debug for project aLaw ****
make pre-build main-build 
a9-linaro-pre-build-step
' '
make: Nothing to be done for `main-build'.
15:25:55 **** Incremental Build of configuration Debug for project aLaw ****
make pre-build main-build 
a9-linaro-pre-build-step
' '
make: Nothing to be done for `main-build'.
15:26:47 **** Incremental Build of configuration Debug for project aLaw ****
make pre-build main-build 
a9-linaro-pre-build-step
' '
make: Nothing to be done for `main-build'.
19:58:08 **** Auto Build of configuration Debug for project aLaw ****
make pre-build main-build 
a9-linaro-pre-build-step
' '
'Building file: ../src/main.c'
'Invoking: ARM v7 gcc compiler'
arm-none-eabi-gcc -Wall -O0 -g3 -c -fmessage-length=0 -MT"src/main.o" -mcpu=cortex-a9 -mfpu=vfpv3 -mfloat-abi=hard -I../../aLaw_bsp/ps7_cortexa9_0/include -MMD -MP -MF"src/main.d" -MT"src/main.o" -o "src/main.o" "../src/main.c"
../src/main.c: In function 'parse_wav':
../src/main.c:74:34: warning: pointer targets in assignment differ in signedness [-Wpointer-sign]
             wav->data_chunk.data = (uint16_t*)malloc(chunkSize);
                                  ^
../src/main.c: In function 'print_wav_info':
../src/main.c:103:27: warning: format '%u' expects argument of type 'unsigned int', but argument 2 has type 'uint32_t {aka const long unsigned int}' [-Wformat=]
     printf("Sample Rate: %u\n", wav->format_chunk.sample_rate);
                           ^
../src/main.c:104:25: warning: format '%u' expects argument of type 'unsigned int', but argument 2 has type 'uint32_t {aka const long unsigned int}' [-Wformat=]
     printf("Byte Rate: %u\n", wav->format_chunk.byte_rate);
                         ^
../src/main.c:107:25: warning: format '%u' expects argument of type 'unsigned int', but argument 2 has type 'uint32_t {aka const long unsigned int}' [-Wformat=]
     printf("Data Size: %u bytes\n", wav->data_chunk.chunk_size);
                         ^
'Finished building: ../src/main.c'
' '
'Building target: aLaw.elf'
'Invoking: ARM v7 gcc linker'
arm-none-eabi-gcc -mcpu=cortex-a9 -mfpu=vfpv3 -mfloat-abi=hard -Wl,-build-id=none -specs=Xilinx.spec -Wl,-T -Wl,../src/lscript.ld -L../../aLaw_bsp/ps7_cortexa9_0/lib -o "aLaw.elf"  ./src/decoded_lut.o ./src/encoded_lut.o ./src/main.o ./src/speech.o   -Wl,--start-group,-lxil,-lgcc,-lc,--end-group -Wl,--start-group,-lxilffs,-lxil,-lgcc,-lc,--end-group
'Finished building target: aLaw.elf'
' '
'Invoking: ARM v7 Print Size'
arm-none-eabi-size aLaw.elf  |tee "aLaw.elf.size"
   text	   data	    bss	    dec	    hex	filename
1125280	   2584	   8992	1136856	 1158d8	aLaw.elf
'Finished building: aLaw.elf.size'
' '
19:58:21 **** Incremental Build of configuration Debug for project aLaw ****
make pre-build main-build 
a9-linaro-pre-build-step
' '
make: Nothing to be done for `main-build'.
19:58:55 **** Incremental Build of configuration Debug for project aLaw ****
make pre-build main-build 
a9-linaro-pre-build-step
' '
make: Nothing to be done for `main-build'.
20:03:37 **** Auto Build of configuration Debug for project aLaw ****
make pre-build main-build 
a9-linaro-pre-build-step
' '
'Building file: ../src/main.c'
'Invoking: ARM v7 gcc compiler'
arm-none-eabi-gcc -Wall -O0 -g3 -c -fmessage-length=0 -MT"src/main.o" -mcpu=cortex-a9 -mfpu=vfpv3 -mfloat-abi=hard -I../../aLaw_bsp/ps7_cortexa9_0/include -MMD -MP -MF"src/main.d" -MT"src/main.o" -o "src/main.o" "../src/main.c"
../src/main.c: In function 'parse_wav':
../src/main.c:74:34: warning: pointer targets in assignment differ in signedness [-Wpointer-sign]
             wav->data_chunk.data = (uint16_t*)malloc(chunkSize);
                                  ^
../src/main.c: In function 'print_wav_info':
../src/main.c:103:27: warning: format '%u' expects argument of type 'unsigned int', but argument 2 has type 'uint32_t {aka const long unsigned int}' [-Wformat=]
     printf("Sample Rate: %u\n", wav->format_chunk.sample_rate);
                           ^
../src/main.c:104:25: warning: format '%u' expects argument of type 'unsigned int', but argument 2 has type 'uint32_t {aka const long unsigned int}' [-Wformat=]
     printf("Byte Rate: %u\n", wav->format_chunk.byte_rate);
                         ^
../src/main.c:107:25: warning: format '%u' expects argument of type 'unsigned int', but argument 2 has type 'uint32_t {aka const long unsigned int}' [-Wformat=]
     printf("Data Size: %u bytes\n", wav->data_chunk.chunk_size);
                         ^
'Finished building: ../src/main.c'
' '
'Building target: aLaw.elf'
'Invoking: ARM v7 gcc linker'
arm-none-eabi-gcc -mcpu=cortex-a9 -mfpu=vfpv3 -mfloat-abi=hard -Wl,-build-id=none -specs=Xilinx.spec -Wl,-T -Wl,../src/lscript.ld -L../../aLaw_bsp/ps7_cortexa9_0/lib -o "aLaw.elf"  ./src/decoded_lut.o ./src/encoded_lut.o ./src/main.o ./src/speech.o   -Wl,--start-group,-lxil,-lgcc,-lc,--end-group -Wl,--start-group,-lxilffs,-lxil,-lgcc,-lc,--end-group
'Finished building target: aLaw.elf'
' '
'Invoking: ARM v7 Print Size'
arm-none-eabi-size aLaw.elf  |tee "aLaw.elf.size"
   text	   data	    bss	    dec	    hex	filename
1125296	   2584	   8992	1136872	 1158e8	aLaw.elf
'Finished building: aLaw.elf.size'
' '
20:04:25 **** Auto Build of configuration Debug for project aLaw ****
make pre-build main-build 
a9-linaro-pre-build-step
' '
'Building file: ../src/main.c'
'Invoking: ARM v7 gcc compiler'
arm-none-eabi-gcc -Wall -O0 -g3 -c -fmessage-length=0 -MT"src/main.o" -mcpu=cortex-a9 -mfpu=vfpv3 -mfloat-abi=hard -I../../aLaw_bsp/ps7_cortexa9_0/include -MMD -MP -MF"src/main.d" -MT"src/main.o" -o "src/main.o" "../src/main.c"
'Finished building: ../src/main.c'
' '
'Building target: aLaw.elf'
'Invoking: ARM v7 gcc linker'
arm-none-eabi-gcc -mcpu=cortex-a9 -mfpu=vfpv3 -mfloat-abi=hard -Wl,-build-id=none -specs=Xilinx.spec -Wl,-T -Wl,../src/lscript.ld -L../../aLaw_bsp/ps7_cortexa9_0/lib -o "aLaw.elf"  ./src/decoded_lut.o ./src/encoded_lut.o ./src/main.o ./src/speech.o   -Wl,--start-group,-lxil,-lgcc,-lc,--end-group -Wl,--start-group,-lxilffs,-lxil,-lgcc,-lc,--end-group
'Finished building target: aLaw.elf'
' '
'Invoking: ARM v7 Print Size'
arm-none-eabi-size aLaw.elf  |tee "aLaw.elf.size"
   text	   data	    bss	    dec	    hex	filename
1125296	   2584	   8992	1136872	 1158e8	aLaw.elf
'Finished building: aLaw.elf.size'
' '
20:04:30 **** Incremental Build of configuration Debug for project aLaw ****
make pre-build main-build 
a9-linaro-pre-build-step
' '
make: Nothing to be done for `main-build'.
20:06:53 **** Auto Build of configuration Debug for project aLaw ****
make pre-build main-build 
a9-linaro-pre-build-step
' '
'Building file: ../src/main.c'
'Invoking: ARM v7 gcc compiler'
arm-none-eabi-gcc -Wall -O0 -g3 -c -fmessage-length=0 -MT"src/main.o" -mcpu=cortex-a9 -mfpu=vfpv3 -mfloat-abi=hard -I../../aLaw_bsp/ps7_cortexa9_0/include -MMD -MP -MF"src/main.d" -MT"src/main.o" -o "src/main.o" "../src/main.c"
'Finished building: ../src/main.c'
' '
'Building target: aLaw.elf'
'Invoking: ARM v7 gcc linker'
arm-none-eabi-gcc -mcpu=cortex-a9 -mfpu=vfpv3 -mfloat-abi=hard -Wl,-build-id=none -specs=Xilinx.spec -Wl,-T -Wl,../src/lscript.ld -L../../aLaw_bsp/ps7_cortexa9_0/lib -o "aLaw.elf"  ./src/decoded_lut.o ./src/encoded_lut.o ./src/main.o ./src/speech.o   -Wl,--start-group,-lxil,-lgcc,-lc,--end-group -Wl,--start-group,-lxilffs,-lxil,-lgcc,-lc,--end-group
'Finished building target: aLaw.elf'
' '
'Invoking: ARM v7 Print Size'
arm-none-eabi-size aLaw.elf  |tee "aLaw.elf.size"
   text	   data	    bss	    dec	    hex	filename
1124728	   2584	   8992	1136304	 1156b0	aLaw.elf
'Finished building: aLaw.elf.size'
' '
20:06:56 **** Incremental Build of configuration Debug for project aLaw ****
make pre-build main-build 
a9-linaro-pre-build-step
' '
make: Nothing to be done for `main-build'.
20:08:12 **** Auto Build of configuration Debug for project aLaw ****
make pre-build main-build 
a9-linaro-pre-build-step
' '
'Building file: ../src/main.c'
'Invoking: ARM v7 gcc compiler'
arm-none-eabi-gcc -Wall -O0 -g3 -c -fmessage-length=0 -MT"src/main.o" -mcpu=cortex-a9 -mfpu=vfpv3 -mfloat-abi=hard -I../../aLaw_bsp/ps7_cortexa9_0/include -MMD -MP -MF"src/main.d" -MT"src/main.o" -o "src/main.o" "../src/main.c"
'Finished building: ../src/main.c'
' '
'Building target: aLaw.elf'
'Invoking: ARM v7 gcc linker'
arm-none-eabi-gcc -mcpu=cortex-a9 -mfpu=vfpv3 -mfloat-abi=hard -Wl,-build-id=none -specs=Xilinx.spec -Wl,-T -Wl,../src/lscript.ld -L../../aLaw_bsp/ps7_cortexa9_0/lib -o "aLaw.elf"  ./src/decoded_lut.o ./src/encoded_lut.o ./src/main.o ./src/speech.o   -Wl,--start-group,-lxil,-lgcc,-lc,--end-group -Wl,--start-group,-lxilffs,-lxil,-lgcc,-lc,--end-group
'Finished building target: aLaw.elf'
' '
'Invoking: ARM v7 Print Size'
arm-none-eabi-size aLaw.elf  |tee "aLaw.elf.size"
   text	   data	    bss	    dec	    hex	filename
1125312	   2584	   8992	1136888	 1158f8	aLaw.elf
'Finished building: aLaw.elf.size'
' '
20:08:14 **** Incremental Build of configuration Debug for project aLaw ****
make pre-build main-build 
a9-linaro-pre-build-step
' '
make: Nothing to be done for `main-build'.
20:10:33 **** Auto Build of configuration Debug for project aLaw ****
make pre-build main-build 
a9-linaro-pre-build-step
' '
'Building file: ../src/main.c'
'Invoking: ARM v7 gcc compiler'
arm-none-eabi-gcc -Wall -O0 -g3 -c -fmessage-length=0 -MT"src/main.o" -mcpu=cortex-a9 -mfpu=vfpv3 -mfloat-abi=hard -I../../aLaw_bsp/ps7_cortexa9_0/include -MMD -MP -MF"src/main.d" -MT"src/main.o" -o "src/main.o" "../src/main.c"
'Finished building: ../src/main.c'
' '
'Building target: aLaw.elf'
'Invoking: ARM v7 gcc linker'
arm-none-eabi-gcc -mcpu=cortex-a9 -mfpu=vfpv3 -mfloat-abi=hard -Wl,-build-id=none -specs=Xilinx.spec -Wl,-T -Wl,../src/lscript.ld -L../../aLaw_bsp/ps7_cortexa9_0/lib -o "aLaw.elf"  ./src/decoded_lut.o ./src/encoded_lut.o ./src/main.o ./src/speech.o   -Wl,--start-group,-lxil,-lgcc,-lc,--end-group -Wl,--start-group,-lxilffs,-lxil,-lgcc,-lc,--end-group
'Finished building target: aLaw.elf'
' '
'Invoking: ARM v7 Print Size'
arm-none-eabi-size aLaw.elf  |tee "aLaw.elf.size"
   text	   data	    bss	    dec	    hex	filename
1124776	   2584	   8992	1136352	 1156e0	aLaw.elf
'Finished building: aLaw.elf.size'
' '
20:10:35 **** Incremental Build of configuration Debug for project aLaw ****
make pre-build main-build 
a9-linaro-pre-build-step
' '
make: Nothing to be done for `main-build'.
20:12:28 **** Auto Build of configuration Debug for project aLaw ****
make pre-build main-build 
a9-linaro-pre-build-step
' '
'Building file: ../src/main.c'
'Invoking: ARM v7 gcc compiler'
arm-none-eabi-gcc -Wall -O0 -g3 -c -fmessage-length=0 -MT"src/main.o" -mcpu=cortex-a9 -mfpu=vfpv3 -mfloat-abi=hard -I../../aLaw_bsp/ps7_cortexa9_0/include -MMD -MP -MF"src/main.d" -MT"src/main.o" -o "src/main.o" "../src/main.c"
'Finished building: ../src/main.c'
' '
'Building target: aLaw.elf'
'Invoking: ARM v7 gcc linker'
arm-none-eabi-gcc -mcpu=cortex-a9 -mfpu=vfpv3 -mfloat-abi=hard -Wl,-build-id=none -specs=Xilinx.spec -Wl,-T -Wl,../src/lscript.ld -L../../aLaw_bsp/ps7_cortexa9_0/lib -o "aLaw.elf"  ./src/decoded_lut.o ./src/encoded_lut.o ./src/main.o ./src/speech.o   -Wl,--start-group,-lxil,-lgcc,-lc,--end-group -Wl,--start-group,-lxilffs,-lxil,-lgcc,-lc,--end-group
'Finished building target: aLaw.elf'
' '
'Invoking: ARM v7 Print Size'
arm-none-eabi-size aLaw.elf  |tee "aLaw.elf.size"
   text	   data	    bss	    dec	    hex	filename
1124384	   2584	   8992	1135960	 115558	aLaw.elf
'Finished building: aLaw.elf.size'
' '
20:12:43 **** Incremental Build of configuration Debug for project aLaw ****
make pre-build main-build 
a9-linaro-pre-build-step
' '
make: Nothing to be done for `main-build'.
20:17:13 **** Auto Build of configuration Debug for project aLaw ****
make pre-build main-build 
a9-linaro-pre-build-step
' '
'Building file: ../src/main.c'
'Invoking: ARM v7 gcc compiler'
arm-none-eabi-gcc -Wall -O0 -g3 -c -fmessage-length=0 -MT"src/main.o" -mcpu=cortex-a9 -mfpu=vfpv3 -mfloat-abi=hard -I../../aLaw_bsp/ps7_cortexa9_0/include -MMD -MP -MF"src/main.d" -MT"src/main.o" -o "src/main.o" "../src/main.c"
'Finished building: ../src/main.c'
' '
'Building target: aLaw.elf'
'Invoking: ARM v7 gcc linker'
arm-none-eabi-gcc -mcpu=cortex-a9 -mfpu=vfpv3 -mfloat-abi=hard -Wl,-build-id=none -specs=Xilinx.spec -Wl,-T -Wl,../src/lscript.ld -L../../aLaw_bsp/ps7_cortexa9_0/lib -o "aLaw.elf"  ./src/decoded_lut.o ./src/encoded_lut.o ./src/main.o ./src/speech.o   -Wl,--start-group,-lxil,-lgcc,-lc,--end-group -Wl,--start-group,-lxilffs,-lxil,-lgcc,-lc,--end-group
'Finished building target: aLaw.elf'
' '
'Invoking: ARM v7 Print Size'
arm-none-eabi-size aLaw.elf  |tee "aLaw.elf.size"
   text	   data	    bss	    dec	    hex	filename
1152716	   2624	  11552	1166892	 11ce2c	aLaw.elf
'Finished building: aLaw.elf.size'
' '
20:17:18 **** Incremental Build of configuration Debug for project aLaw ****
make pre-build main-build 
a9-linaro-pre-build-step
' '
make: Nothing to be done for `main-build'.
20:22:09 **** Clean-only build of configuration Debug for project aLaw ****
make clean 
rm -rf  ./src/decoded_lut.o ./src/encoded_lut.o ./src/main.o ./src/speech.o  ./src/decoded_lut.d ./src/encoded_lut.d ./src/main.d ./src/speech.d  aLaw.elf.size  aLaw.elf
' '
20:22:09 **** Auto Build of configuration Debug for project aLaw ****
make pre-build main-build 
a9-linaro-pre-build-step
' '
'Building file: ../src/decoded_lut.c'
'Invoking: ARM v7 gcc compiler'
arm-none-eabi-gcc -Wall -O0 -g3 -c -fmessage-length=0 -MT"src/decoded_lut.o" -mcpu=cortex-a9 -mfpu=vfpv3 -mfloat-abi=hard -I../../aLaw_bsp/ps7_cortexa9_0/include -MMD -MP -MF"src/decoded_lut.d" -MT"src/decoded_lut.o" -o "src/decoded_lut.o" "../src/decoded_lut.c"
'Finished building: ../src/decoded_lut.c'
' '
'Building file: ../src/encoded_lut.c'
'Invoking: ARM v7 gcc compiler'
arm-none-eabi-gcc -Wall -O0 -g3 -c -fmessage-length=0 -MT"src/encoded_lut.o" -mcpu=cortex-a9 -mfpu=vfpv3 -mfloat-abi=hard -I../../aLaw_bsp/ps7_cortexa9_0/include -MMD -MP -MF"src/encoded_lut.d" -MT"src/encoded_lut.o" -o "src/encoded_lut.o" "../src/encoded_lut.c"
'Finished building: ../src/encoded_lut.c'
' '
'Building file: ../src/main.c'
'Invoking: ARM v7 gcc compiler'
arm-none-eabi-gcc -Wall -O0 -g3 -c -fmessage-length=0 -MT"src/main.o" -mcpu=cortex-a9 -mfpu=vfpv3 -mfloat-abi=hard -I../../aLaw_bsp/ps7_cortexa9_0/include -MMD -MP -MF"src/main.d" -MT"src/main.o" -o "src/main.o" "../src/main.c"
'Finished building: ../src/main.c'
' '
'Building file: ../src/speech.c'
'Invoking: ARM v7 gcc compiler'
arm-none-eabi-gcc -Wall -O0 -g3 -c -fmessage-length=0 -MT"src/speech.o" -mcpu=cortex-a9 -mfpu=vfpv3 -mfloat-abi=hard -I../../aLaw_bsp/ps7_cortexa9_0/include -MMD -MP -MF"src/speech.d" -MT"src/speech.o" -o "src/speech.o" "../src/speech.c"
'Finished building: ../src/speech.c'
' '
'Building target: aLaw.elf'
'Invoking: ARM v7 gcc linker'
arm-none-eabi-gcc -mcpu=cortex-a9 -mfpu=vfpv3 -mfloat-abi=hard -Wl,-build-id=none -specs=Xilinx.spec -Wl,-T -Wl,../src/lscript.ld -L../../aLaw_bsp/ps7_cortexa9_0/lib -o "aLaw.elf"  ./src/decoded_lut.o ./src/encoded_lut.o ./src/main.o ./src/speech.o   -Wl,--start-group,-lxil,-lgcc,-lc,--end-group -Wl,--start-group,-lxilffs,-lxil,-lgcc,-lc,--end-group
'Finished building target: aLaw.elf'
' '
'Invoking: ARM v7 Print Size'
arm-none-eabi-size aLaw.elf  |tee "aLaw.elf.size"
   text	   data	    bss	    dec	    hex	filename
1152716	   2624	2237728	3393068	 33c62c	aLaw.elf
'Finished building: aLaw.elf.size'
' '
20:22:19 **** Clean-only build of configuration Debug for project aLaw ****
make clean 
rm -rf  ./src/decoded_lut.o ./src/encoded_lut.o ./src/main.o ./src/speech.o  ./src/decoded_lut.d ./src/encoded_lut.d ./src/main.d ./src/speech.d  aLaw.elf.size  aLaw.elf
' '
20:22:19 **** Clean-only build of project aLaw_bsp ****
make -k clean 
make -C ps7_cortexa9_0/libsrc/bram_v4_2/src -s clean 
make -C ps7_cortexa9_0/libsrc/coresightps_dcc_v1_4/src -s clean 
make -C ps7_cortexa9_0/libsrc/cpu_cortexa9_v2_5/src -s clean 
make -C ps7_cortexa9_0/libsrc/ddrps_v1_0/src -s clean 
make -C ps7_cortexa9_0/libsrc/devcfg_v3_5/src -s clean 
make -C ps7_cortexa9_0/libsrc/dmaps_v2_3/src -s clean 
make -C ps7_cortexa9_0/libsrc/emacps_v3_6/src -s clean 
make -C ps7_cortexa9_0/libsrc/gpiops_v3_3/src -s clean 
make -C ps7_cortexa9_0/libsrc/scugic_v3_8/src -s clean 
make -C ps7_cortexa9_0/libsrc/scutimer_v2_1/src -s clean 
make -C ps7_cortexa9_0/libsrc/scuwdt_v2_1/src -s clean 
make -C ps7_cortexa9_0/libsrc/sdps_v3_3/src -s clean 
make -C ps7_cortexa9_0/libsrc/standalone_v6_5/src -s clean 
make -C ps7_cortexa9_0/libsrc/uartps_v3_5/src -s clean 
make -C ps7_cortexa9_0/libsrc/usbps_v2_4/src -s clean 
make -C ps7_cortexa9_0/libsrc/xadcps_v2_2/src -s clean 
make -C ps7_cortexa9_0/libsrc/xilffs_v3_7/src -s clean 
make -C ps7_cortexa9_0/libsrc/xilmfs_v2_3/src -s clean 
rm -f ps7_cortexa9_0/lib/libxil.a
20:22:20 **** Build of project aLaw_bsp ****
make -k all 
"Running Make include in ps7_cortexa9_0/libsrc/bram_v4_2/src"
make -C ps7_cortexa9_0/libsrc/bram_v4_2/src -s include  "SHELL=CMD" "COMPILER=arm-none-eabi-gcc" "ARCHIVER=arm-none-eabi-ar" "COMPILER_FLAGS=  -O2 -c" "EXTRA_COMPILER_FLAGS=-mcpu=cortex-a9 -mfpu=vfpv3 -mfloat-abi=hard -nostartfiles -Wall -Wextra"
"Running Make include in ps7_cortexa9_0/libsrc/coresightps_dcc_v1_4/src"
make -C ps7_cortexa9_0/libsrc/coresightps_dcc_v1_4/src -s include  "SHELL=CMD" "COMPILER=arm-none-eabi-gcc" "ARCHIVER=arm-none-eabi-ar" "COMPILER_FLAGS=  -O2 -c" "EXTRA_COMPILER_FLAGS=-mcpu=cortex-a9 -mfpu=vfpv3 -mfloat-abi=hard -nostartfiles -Wall -Wextra"
"Running Make include in ps7_cortexa9_0/libsrc/cpu_cortexa9_v2_5/src"
make -C ps7_cortexa9_0/libsrc/cpu_cortexa9_v2_5/src -s include  "SHELL=CMD" "COMPILER=arm-none-eabi-gcc" "ARCHIVER=arm-none-eabi-ar" "COMPILER_FLAGS=  -O2 -c" "EXTRA_COMPILER_FLAGS=-mcpu=cortex-a9 -mfpu=vfpv3 -mfloat-abi=hard -nostartfiles -Wall -Wextra"
"Running Make include in ps7_cortexa9_0/libsrc/ddrps_v1_0/src"
make -C ps7_cortexa9_0/libsrc/ddrps_v1_0/src -s include  "SHELL=CMD" "COMPILER=arm-none-eabi-gcc" "ARCHIVER=arm-none-eabi-ar" "COMPILER_FLAGS=  -O2 -c" "EXTRA_COMPILER_FLAGS=-mcpu=cortex-a9 -mfpu=vfpv3 -mfloat-abi=hard -nostartfiles -Wall -Wextra"
"Running Make include in ps7_cortexa9_0/libsrc/devcfg_v3_5/src"
make -C ps7_cortexa9_0/libsrc/devcfg_v3_5/src -s include  "SHELL=CMD" "COMPILER=arm-none-eabi-gcc" "ARCHIVER=arm-none-eabi-ar" "COMPILER_FLAGS=  -O2 -c" "EXTRA_COMPILER_FLAGS=-mcpu=cortex-a9 -mfpu=vfpv3 -mfloat-abi=hard -nostartfiles -Wall -Wextra"
"Running Make include in ps7_cortexa9_0/libsrc/dmaps_v2_3/src"
make -C ps7_cortexa9_0/libsrc/dmaps_v2_3/src -s include  "SHELL=CMD" "COMPILER=arm-none-eabi-gcc" "ARCHIVER=arm-none-eabi-ar" "COMPILER_FLAGS=  -O2 -c" "EXTRA_COMPILER_FLAGS=-mcpu=cortex-a9 -mfpu=vfpv3 -mfloat-abi=hard -nostartfiles -Wall -Wextra"
"Running Make include in ps7_cortexa9_0/libsrc/emacps_v3_6/src"
make -C ps7_cortexa9_0/libsrc/emacps_v3_6/src -s include  "SHELL=CMD" "COMPILER=arm-none-eabi-gcc" "ARCHIVER=arm-none-eabi-ar" "COMPILER_FLAGS=  -O2 -c" "EXTRA_COMPILER_FLAGS=-mcpu=cortex-a9 -mfpu=vfpv3 -mfloat-abi=hard -nostartfiles -Wall -Wextra"
"Running Make include in ps7_cortexa9_0/libsrc/gpiops_v3_3/src"
make -C ps7_cortexa9_0/libsrc/gpiops_v3_3/src -s include  "SHELL=CMD" "COMPILER=arm-none-eabi-gcc" "ARCHIVER=arm-none-eabi-ar" "COMPILER_FLAGS=  -O2 -c" "EXTRA_COMPILER_FLAGS=-mcpu=cortex-a9 -mfpu=vfpv3 -mfloat-abi=hard -nostartfiles -Wall -Wextra"
"Running Make include in ps7_cortexa9_0/libsrc/scugic_v3_8/src"
make -C ps7_cortexa9_0/libsrc/scugic_v3_8/src -s include  "SHELL=CMD" "COMPILER=arm-none-eabi-gcc" "ARCHIVER=arm-none-eabi-ar" "COMPILER_FLAGS=  -O2 -c" "EXTRA_COMPILER_FLAGS=-mcpu=cortex-a9 -mfpu=vfpv3 -mfloat-abi=hard -nostartfiles -Wall -Wextra"
"Running Make include in ps7_cortexa9_0/libsrc/scutimer_v2_1/src"
make -C ps7_cortexa9_0/libsrc/scutimer_v2_1/src -s include  "SHELL=CMD" "COMPILER=arm-none-eabi-gcc" "ARCHIVER=arm-none-eabi-ar" "COMPILER_FLAGS=  -O2 -c" "EXTRA_COMPILER_FLAGS=-mcpu=cortex-a9 -mfpu=vfpv3 -mfloat-abi=hard -nostartfiles -Wall -Wextra"
"Running Make include in ps7_cortexa9_0/libsrc/scuwdt_v2_1/src"
make -C ps7_cortexa9_0/libsrc/scuwdt_v2_1/src -s include  "SHELL=CMD" "COMPILER=arm-none-eabi-gcc" "ARCHIVER=arm-none-eabi-ar" "COMPILER_FLAGS=  -O2 -c" "EXTRA_COMPILER_FLAGS=-mcpu=cortex-a9 -mfpu=vfpv3 -mfloat-abi=hard -nostartfiles -Wall -Wextra"
"Running Make include in ps7_cortexa9_0/libsrc/sdps_v3_3/src"
make -C ps7_cortexa9_0/libsrc/sdps_v3_3/src -s include  "SHELL=CMD" "COMPILER=arm-none-eabi-gcc" "ARCHIVER=arm-none-eabi-ar" "COMPILER_FLAGS=  -O2 -c" "EXTRA_COMPILER_FLAGS=-mcpu=cortex-a9 -mfpu=vfpv3 -mfloat-abi=hard -nostartfiles -Wall -Wextra"
"Running Make include in ps7_cortexa9_0/libsrc/standalone_v6_5/src"
make -C ps7_cortexa9_0/libsrc/standalone_v6_5/src -s include  "SHELL=CMD" "COMPILER=arm-none-eabi-gcc" "ARCHIVER=arm-none-eabi-ar" "COMPILER_FLAGS=  -O2 -c" "EXTRA_COMPILER_FLAGS=-mcpu=cortex-a9 -mfpu=vfpv3 -mfloat-abi=hard -nostartfiles -Wall -Wextra"
"Running Make include in ps7_cortexa9_0/libsrc/uartps_v3_5/src"
make -C ps7_cortexa9_0/libsrc/uartps_v3_5/src -s include  "SHELL=CMD" "COMPILER=arm-none-eabi-gcc" "ARCHIVER=arm-none-eabi-ar" "COMPILER_FLAGS=  -O2 -c" "EXTRA_COMPILER_FLAGS=-mcpu=cortex-a9 -mfpu=vfpv3 -mfloat-abi=hard -nostartfiles -Wall -Wextra"
"Running Make include in ps7_cortexa9_0/libsrc/usbps_v2_4/src"
make -C ps7_cortexa9_0/libsrc/usbps_v2_4/src -s include  "SHELL=CMD" "COMPILER=arm-none-eabi-gcc" "ARCHIVER=arm-none-eabi-ar" "COMPILER_FLAGS=  -O2 -c" "EXTRA_COMPILER_FLAGS=-mcpu=cortex-a9 -mfpu=vfpv3 -mfloat-abi=hard -nostartfiles -Wall -Wextra"
"Running Make include in ps7_cortexa9_0/libsrc/xadcps_v2_2/src"
make -C ps7_cortexa9_0/libsrc/xadcps_v2_2/src -s include  "SHELL=CMD" "COMPILER=arm-none-eabi-gcc" "ARCHIVER=arm-none-eabi-ar" "COMPILER_FLAGS=  -O2 -c" "EXTRA_COMPILER_FLAGS=-mcpu=cortex-a9 -mfpu=vfpv3 -mfloat-abi=hard -nostartfiles -Wall -Wextra"
"Running Make include in ps7_cortexa9_0/libsrc/xilffs_v3_7/src"
make -C ps7_cortexa9_0/libsrc/xilffs_v3_7/src -s include  "SHELL=CMD" "COMPILER=arm-none-eabi-gcc" "ARCHIVER=arm-none-eabi-ar" "COMPILER_FLAGS=  -O2 -c" "EXTRA_COMPILER_FLAGS=-mcpu=cortex-a9 -mfpu=vfpv3 -mfloat-abi=hard -nostartfiles -Wall -Wextra"
"Running Make include in ps7_cortexa9_0/libsrc/xilmfs_v2_3/src"
make -C ps7_cortexa9_0/libsrc/xilmfs_v2_3/src -s include  "SHELL=CMD" "COMPILER=arm-none-eabi-gcc" "ARCHIVER=arm-none-eabi-ar" "COMPILER_FLAGS=  -O2 -c" "EXTRA_COMPILER_FLAGS=-mcpu=cortex-a9 -mfpu=vfpv3 -mfloat-abi=hard -nostartfiles -Wall -Wextra"
"Running Make libs in ps7_cortexa9_0/libsrc/bram_v4_2/src"
make -C ps7_cortexa9_0/libsrc/bram_v4_2/src -s libs  "SHELL=CMD" "COMPILER=arm-none-eabi-gcc" "ARCHIVER=arm-none-eabi-ar" "COMPILER_FLAGS=  -O2 -c" "EXTRA_COMPILER_FLAGS=-mcpu=cortex-a9 -mfpu=vfpv3 -mfloat-abi=hard -nostartfiles -Wall -Wextra"
"Compiling bram"
arm-none-eabi-ar: creating ../../../lib/libxil.a
"Running Make libs in ps7_cortexa9_0/libsrc/coresightps_dcc_v1_4/src"
make -C ps7_cortexa9_0/libsrc/coresightps_dcc_v1_4/src -s libs  "SHELL=CMD" "COMPILER=arm-none-eabi-gcc" "ARCHIVER=arm-none-eabi-ar" "COMPILER_FLAGS=  -O2 -c" "EXTRA_COMPILER_FLAGS=-mcpu=cortex-a9 -mfpu=vfpv3 -mfloat-abi=hard -nostartfiles -Wall -Wextra"
"Compiling coresightps_dcc"
"Running Make libs in ps7_cortexa9_0/libsrc/cpu_cortexa9_v2_5/src"
make -C ps7_cortexa9_0/libsrc/cpu_cortexa9_v2_5/src -s libs  "SHELL=CMD" "COMPILER=arm-none-eabi-gcc" "ARCHIVER=arm-none-eabi-ar" "COMPILER_FLAGS=  -O2 -c" "EXTRA_COMPILER_FLAGS=-mcpu=cortex-a9 -mfpu=vfpv3 -mfloat-abi=hard -nostartfiles -Wall -Wextra"
"Compiling cpu_cortexa9"
"Running Make libs in ps7_cortexa9_0/libsrc/ddrps_v1_0/src"
make -C ps7_cortexa9_0/libsrc/ddrps_v1_0/src -s libs  "SHELL=CMD" "COMPILER=arm-none-eabi-gcc" "ARCHIVER=arm-none-eabi-ar" "COMPILER_FLAGS=  -O2 -c" "EXTRA_COMPILER_FLAGS=-mcpu=cortex-a9 -mfpu=vfpv3 -mfloat-abi=hard -nostartfiles -Wall -Wextra"
"Compiling ddrps"
"Running Make libs in ps7_cortexa9_0/libsrc/devcfg_v3_5/src"
make -C ps7_cortexa9_0/libsrc/devcfg_v3_5/src -s libs  "SHELL=CMD" "COMPILER=arm-none-eabi-gcc" "ARCHIVER=arm-none-eabi-ar" "COMPILER_FLAGS=  -O2 -c" "EXTRA_COMPILER_FLAGS=-mcpu=cortex-a9 -mfpu=vfpv3 -mfloat-abi=hard -nostartfiles -Wall -Wextra"
"Compiling devcfg"
"Running Make libs in ps7_cortexa9_0/libsrc/dmaps_v2_3/src"
make -C ps7_cortexa9_0/libsrc/dmaps_v2_3/src -s libs  "SHELL=CMD" "COMPILER=arm-none-eabi-gcc" "ARCHIVER=arm-none-eabi-ar" "COMPILER_FLAGS=  -O2 -c" "EXTRA_COMPILER_FLAGS=-mcpu=cortex-a9 -mfpu=vfpv3 -mfloat-abi=hard -nostartfiles -Wall -Wextra"
"Compiling dmaps"
"Running Make libs in ps7_cortexa9_0/libsrc/emacps_v3_6/src"
make -C ps7_cortexa9_0/libsrc/emacps_v3_6/src -s libs  "SHELL=CMD" "COMPILER=arm-none-eabi-gcc" "ARCHIVER=arm-none-eabi-ar" "COMPILER_FLAGS=  -O2 -c" "EXTRA_COMPILER_FLAGS=-mcpu=cortex-a9 -mfpu=vfpv3 -mfloat-abi=hard -nostartfiles -Wall -Wextra"
"Compiling emacps"
"Running Make libs in ps7_cortexa9_0/libsrc/gpiops_v3_3/src"
make -C ps7_cortexa9_0/libsrc/gpiops_v3_3/src -s libs  "SHELL=CMD" "COMPILER=arm-none-eabi-gcc" "ARCHIVER=arm-none-eabi-ar" "COMPILER_FLAGS=  -O2 -c" "EXTRA_COMPILER_FLAGS=-mcpu=cortex-a9 -mfpu=vfpv3 -mfloat-abi=hard -nostartfiles -Wall -Wextra"
"Compiling gpiops"
"Running Make libs in ps7_cortexa9_0/libsrc/scugic_v3_8/src"
make -C ps7_cortexa9_0/libsrc/scugic_v3_8/src -s libs  "SHELL=CMD" "COMPILER=arm-none-eabi-gcc" "ARCHIVER=arm-none-eabi-ar" "COMPILER_FLAGS=  -O2 -c" "EXTRA_COMPILER_FLAGS=-mcpu=cortex-a9 -mfpu=vfpv3 -mfloat-abi=hard -nostartfiles -Wall -Wextra"
"Compiling scugic"
"Running Make libs in ps7_cortexa9_0/libsrc/scutimer_v2_1/src"
make -C ps7_cortexa9_0/libsrc/scutimer_v2_1/src -s libs  "SHELL=CMD" "COMPILER=arm-none-eabi-gcc" "ARCHIVER=arm-none-eabi-ar" "COMPILER_FLAGS=  -O2 -c" "EXTRA_COMPILER_FLAGS=-mcpu=cortex-a9 -mfpu=vfpv3 -mfloat-abi=hard -nostartfiles -Wall -Wextra"
"Compiling scutimer"
"Running Make libs in ps7_cortexa9_0/libsrc/scuwdt_v2_1/src"
make -C ps7_cortexa9_0/libsrc/scuwdt_v2_1/src -s libs  "SHELL=CMD" "COMPILER=arm-none-eabi-gcc" "ARCHIVER=arm-none-eabi-ar" "COMPILER_FLAGS=  -O2 -c" "EXTRA_COMPILER_FLAGS=-mcpu=cortex-a9 -mfpu=vfpv3 -mfloat-abi=hard -nostartfiles -Wall -Wextra"
"Compiling scuwdt"
"Running Make libs in ps7_cortexa9_0/libsrc/sdps_v3_3/src"
make -C ps7_cortexa9_0/libsrc/sdps_v3_3/src -s libs  "SHELL=CMD" "COMPILER=arm-none-eabi-gcc" "ARCHIVER=arm-none-eabi-ar" "COMPILER_FLAGS=  -O2 -c" "EXTRA_COMPILER_FLAGS=-mcpu=cortex-a9 -mfpu=vfpv3 -mfloat-abi=hard -nostartfiles -Wall -Wextra"
"Compiling sdps"
"Running Make libs in ps7_cortexa9_0/libsrc/standalone_v6_5/src"
make -C ps7_cortexa9_0/libsrc/standalone_v6_5/src -s libs  "SHELL=CMD" "COMPILER=arm-none-eabi-gcc" "ARCHIVER=arm-none-eabi-ar" "COMPILER_FLAGS=  -O2 -c" "EXTRA_COMPILER_FLAGS=-mcpu=cortex-a9 -mfpu=vfpv3 -mfloat-abi=hard -nostartfiles -Wall -Wextra"
"Compiling standalone"
"Running Make libs in ps7_cortexa9_0/libsrc/uartps_v3_5/src"
make -C ps7_cortexa9_0/libsrc/uartps_v3_5/src -s libs  "SHELL=CMD" "COMPILER=arm-none-eabi-gcc" "ARCHIVER=arm-none-eabi-ar" "COMPILER_FLAGS=  -O2 -c" "EXTRA_COMPILER_FLAGS=-mcpu=cortex-a9 -mfpu=vfpv3 -mfloat-abi=hard -nostartfiles -Wall -Wextra"
"Compiling uartps"
"Running Make libs in ps7_cortexa9_0/libsrc/usbps_v2_4/src"
make -C ps7_cortexa9_0/libsrc/usbps_v2_4/src -s libs  "SHELL=CMD" "COMPILER=arm-none-eabi-gcc" "ARCHIVER=arm-none-eabi-ar" "COMPILER_FLAGS=  -O2 -c" "EXTRA_COMPILER_FLAGS=-mcpu=cortex-a9 -mfpu=vfpv3 -mfloat-abi=hard -nostartfiles -Wall -Wextra"
"Compiling usbps"
"Running Make libs in ps7_cortexa9_0/libsrc/xadcps_v2_2/src"
make -C ps7_cortexa9_0/libsrc/xadcps_v2_2/src -s libs  "SHELL=CMD" "COMPILER=arm-none-eabi-gcc" "ARCHIVER=arm-none-eabi-ar" "COMPILER_FLAGS=  -O2 -c" "EXTRA_COMPILER_FLAGS=-mcpu=cortex-a9 -mfpu=vfpv3 -mfloat-abi=hard -nostartfiles -Wall -Wextra"
"Compiling xadcps"
"Running Make libs in ps7_cortexa9_0/libsrc/xilffs_v3_7/src"
make -C ps7_cortexa9_0/libsrc/xilffs_v3_7/src -s libs  "SHELL=CMD" "COMPILER=arm-none-eabi-gcc" "ARCHIVER=arm-none-eabi-ar" "COMPILER_FLAGS=  -O2 -c" "EXTRA_COMPILER_FLAGS=-mcpu=cortex-a9 -mfpu=vfpv3 -mfloat-abi=hard -nostartfiles -Wall -Wextra"
"Compiling XilFFs Library"
diskio.c:135:11: warning: 'ExtCsd' defined but not used [-Wunused-variable]
 static u8 ExtCsd[512] __attribute__ ((aligned(32)));
           ^~~~~~
ff.c: In function 'find_volume':
ff.c:2610:4: warning: dereferencing type-punned pointer will break strict-aliasing rules [-Wstrict-aliasing]
    && (LD_DWORD(fs->win+FSI_LeadSig) == 0x41615252U)
    ^~
"Running Make libs in ps7_cortexa9_0/libsrc/xilmfs_v2_3/src"
make -C ps7_cortexa9_0/libsrc/xilmfs_v2_3/src -s libs  "SHELL=CMD" "COMPILER=arm-none-eabi-gcc" "ARCHIVER=arm-none-eabi-ar" "COMPILER_FLAGS=  -O2 -c" "EXTRA_COMPILER_FLAGS=-mcpu=cortex-a9 -mfpu=vfpv3 -mfloat-abi=hard -nostartfiles -Wall -Wextra"
"Compiling XilMFS Library"
mfs_filesys.c: In function 'mfs_file_lseek':
mfs_filesys.c:1010:16: warning: comparison between signed and unsigned integer expressions [-Wsign-compare]
     if (offset >= mfs_file_system[mfs_open_files[fd].first_block].block_size) { /* attempting to seek beyond end of file */
                ^~
'Finished building libraries'
20:22:39 **** Build of configuration Debug for project aLaw ****
make pre-build main-build 
a9-linaro-pre-build-step
' '
'Building file: ../src/decoded_lut.c'
'Invoking: ARM v7 gcc compiler'
arm-none-eabi-gcc -Wall -O0 -g3 -c -fmessage-length=0 -MT"src/decoded_lut.o" -mcpu=cortex-a9 -mfpu=vfpv3 -mfloat-abi=hard -I../../aLaw_bsp/ps7_cortexa9_0/include -MMD -MP -MF"src/decoded_lut.d" -MT"src/decoded_lut.o" -o "src/decoded_lut.o" "../src/decoded_lut.c"
'Finished building: ../src/decoded_lut.c'
' '
'Building file: ../src/encoded_lut.c'
'Invoking: ARM v7 gcc compiler'
arm-none-eabi-gcc -Wall -O0 -g3 -c -fmessage-length=0 -MT"src/encoded_lut.o" -mcpu=cortex-a9 -mfpu=vfpv3 -mfloat-abi=hard -I../../aLaw_bsp/ps7_cortexa9_0/include -MMD -MP -MF"src/encoded_lut.d" -MT"src/encoded_lut.o" -o "src/encoded_lut.o" "../src/encoded_lut.c"
'Finished building: ../src/encoded_lut.c'
' '
'Building file: ../src/main.c'
'Invoking: ARM v7 gcc compiler'
arm-none-eabi-gcc -Wall -O0 -g3 -c -fmessage-length=0 -MT"src/main.o" -mcpu=cortex-a9 -mfpu=vfpv3 -mfloat-abi=hard -I../../aLaw_bsp/ps7_cortexa9_0/include -MMD -MP -MF"src/main.d" -MT"src/main.o" -o "src/main.o" "../src/main.c"
'Finished building: ../src/main.c'
' '
'Building file: ../src/speech.c'
'Invoking: ARM v7 gcc compiler'
arm-none-eabi-gcc -Wall -O0 -g3 -c -fmessage-length=0 -MT"src/speech.o" -mcpu=cortex-a9 -mfpu=vfpv3 -mfloat-abi=hard -I../../aLaw_bsp/ps7_cortexa9_0/include -MMD -MP -MF"src/speech.d" -MT"src/speech.o" -o "src/speech.o" "../src/speech.c"
'Finished building: ../src/speech.c'
' '
'Building target: aLaw.elf'
'Invoking: ARM v7 gcc linker'
arm-none-eabi-gcc -mcpu=cortex-a9 -mfpu=vfpv3 -mfloat-abi=hard -Wl,-build-id=none -specs=Xilinx.spec -Wl,-T -Wl,../src/lscript.ld -L../../aLaw_bsp/ps7_cortexa9_0/lib -o "aLaw.elf"  ./src/decoded_lut.o ./src/encoded_lut.o ./src/main.o ./src/speech.o   -Wl,--start-group,-lxil,-lgcc,-lc,--end-group -Wl,--start-group,-lxilffs,-lxil,-lgcc,-lc,--end-group
'Finished building target: aLaw.elf'
' '
'Invoking: ARM v7 Print Size'
arm-none-eabi-size aLaw.elf  |tee "aLaw.elf.size"
   text	   data	    bss	    dec	    hex	filename
1152716	   2624	2237728	3393068	 33c62c	aLaw.elf
'Finished building: aLaw.elf.size'
' '
20:23:05 **** Incremental Build of configuration Debug for project aLaw ****
make pre-build main-build 
a9-linaro-pre-build-step
' '
make: Nothing to be done for `main-build'.
20:23:29 **** Incremental Build of configuration Debug for project aLaw ****
make pre-build main-build 
a9-linaro-pre-build-step
' '
make: Nothing to be done for `main-build'.
20:26:08 **** Auto Build of configuration Debug for project aLaw ****
make pre-build main-build 
a9-linaro-pre-build-step
' '
'Building file: ../src/main.c'
'Invoking: ARM v7 gcc compiler'
arm-none-eabi-gcc -Wall -O0 -g3 -c -fmessage-length=0 -MT"src/main.o" -mcpu=cortex-a9 -mfpu=vfpv3 -mfloat-abi=hard -I../../aLaw_bsp/ps7_cortexa9_0/include -MMD -MP -MF"src/main.d" -MT"src/main.o" -o "src/main.o" "../src/main.c"
'Finished building: ../src/main.c'
' '
'Building target: aLaw.elf'
'Invoking: ARM v7 gcc linker'
arm-none-eabi-gcc -mcpu=cortex-a9 -mfpu=vfpv3 -mfloat-abi=hard -Wl,-build-id=none -specs=Xilinx.spec -Wl,-T -Wl,../src/lscript.ld -L../../aLaw_bsp/ps7_cortexa9_0/lib -o "aLaw.elf"  ./src/decoded_lut.o ./src/encoded_lut.o ./src/main.o ./src/speech.o   -Wl,--start-group,-lxil,-lgcc,-lc,--end-group -Wl,--start-group,-lxilffs,-lxil,-lgcc,-lc,--end-group
'Finished building target: aLaw.elf'
' '
'Invoking: ARM v7 Print Size'
arm-none-eabi-size aLaw.elf  |tee "aLaw.elf.size"
   text	   data	    bss	    dec	    hex	filename
1153548	   2624	2237728	3393900	 33c96c	aLaw.elf
'Finished building: aLaw.elf.size'
' '
20:26:10 **** Incremental Build of configuration Debug for project aLaw ****
make pre-build main-build 
a9-linaro-pre-build-step
' '
make: Nothing to be done for `main-build'.
20:27:39 **** Auto Build of configuration Debug for project aLaw ****
make pre-build main-build 
a9-linaro-pre-build-step
' '
'Building file: ../src/main.c'
'Invoking: ARM v7 gcc compiler'
arm-none-eabi-gcc -Wall -O0 -g3 -c -fmessage-length=0 -MT"src/main.o" -mcpu=cortex-a9 -mfpu=vfpv3 -mfloat-abi=hard -I../../aLaw_bsp/ps7_cortexa9_0/include -MMD -MP -MF"src/main.d" -MT"src/main.o" -o "src/main.o" "../src/main.c"
'Finished building: ../src/main.c'
' '
'Building target: aLaw.elf'
'Invoking: ARM v7 gcc linker'
arm-none-eabi-gcc -mcpu=cortex-a9 -mfpu=vfpv3 -mfloat-abi=hard -Wl,-build-id=none -specs=Xilinx.spec -Wl,-T -Wl,../src/lscript.ld -L../../aLaw_bsp/ps7_cortexa9_0/lib -o "aLaw.elf"  ./src/decoded_lut.o ./src/encoded_lut.o ./src/main.o ./src/speech.o   -Wl,--start-group,-lxil,-lgcc,-lc,--end-group -Wl,--start-group,-lxilffs,-lxil,-lgcc,-lc,--end-group
'Finished building target: aLaw.elf'
' '
'Invoking: ARM v7 Print Size'
arm-none-eabi-size aLaw.elf  |tee "aLaw.elf.size"
   text	   data	    bss	    dec	    hex	filename
1154484	   2624	2237728	3394836	 33cd14	aLaw.elf
'Finished building: aLaw.elf.size'
' '
20:27:43 **** Incremental Build of configuration Debug for project aLaw ****
make pre-build main-build 
a9-linaro-pre-build-step
' '
make: Nothing to be done for `main-build'.
20:29:54 **** Incremental Build of configuration Debug for project aLaw ****
make pre-build main-build 
a9-linaro-pre-build-step
' '
'Building file: ../src/main.c'
'Invoking: ARM v7 gcc compiler'
arm-none-eabi-gcc -Wall -O0 -g3 -c -fmessage-length=0 -MT"src/main.o" -mcpu=cortex-a9 -mfpu=vfpv3 -mfloat-abi=hard -I../../aLaw_bsp/ps7_cortexa9_0/include -MMD -MP -MF"src/main.d" -MT"src/main.o" -o "src/main.o" "../src/main.c"
'Finished building: ../src/main.c'
' '
'Building target: aLaw.elf'
'Invoking: ARM v7 gcc linker'
arm-none-eabi-gcc -mcpu=cortex-a9 -mfpu=vfpv3 -mfloat-abi=hard -Wl,-build-id=none -specs=Xilinx.spec -Wl,-T -Wl,../src/lscript.ld -L../../aLaw_bsp/ps7_cortexa9_0/lib -o "aLaw.elf"  ./src/decoded_lut.o ./src/encoded_lut.o ./src/main.o ./src/speech.o   -Wl,--start-group,-lxil,-lgcc,-lc,--end-group -Wl,--start-group,-lxilffs,-lxil,-lgcc,-lc,--end-group
'Finished building target: aLaw.elf'
' '
'Invoking: ARM v7 Print Size'
arm-none-eabi-size aLaw.elf  |tee "aLaw.elf.size"
   text	   data	    bss	    dec	    hex	filename
1154484	   2624	2237728	3394836	 33cd14	aLaw.elf
'Finished building: aLaw.elf.size'
' '
20:30:53 **** Auto Build of configuration Debug for project aLaw ****
make pre-build main-build 
a9-linaro-pre-build-step
' '
'Building file: ../src/main.c'
'Invoking: ARM v7 gcc compiler'
arm-none-eabi-gcc -Wall -O0 -g3 -c -fmessage-length=0 -MT"src/main.o" -mcpu=cortex-a9 -mfpu=vfpv3 -mfloat-abi=hard -I../../aLaw_bsp/ps7_cortexa9_0/include -MMD -MP -MF"src/main.d" -MT"src/main.o" -o "src/main.o" "../src/main.c"
'Finished building: ../src/main.c'
' '
'Building target: aLaw.elf'
'Invoking: ARM v7 gcc linker'
arm-none-eabi-gcc -mcpu=cortex-a9 -mfpu=vfpv3 -mfloat-abi=hard -Wl,-build-id=none -specs=Xilinx.spec -Wl,-T -Wl,../src/lscript.ld -L../../aLaw_bsp/ps7_cortexa9_0/lib -o "aLaw.elf"  ./src/decoded_lut.o ./src/encoded_lut.o ./src/main.o ./src/speech.o   -Wl,--start-group,-lxil,-lgcc,-lc,--end-group -Wl,--start-group,-lxilffs,-lxil,-lgcc,-lc,--end-group
'Finished building target: aLaw.elf'
' '
'Invoking: ARM v7 Print Size'
arm-none-eabi-size aLaw.elf  |tee "aLaw.elf.size"
   text	   data	    bss	    dec	    hex	filename
1154484	   2624	2237728	3394836	 33cd14	aLaw.elf
'Finished building: aLaw.elf.size'
' '
20:30:55 **** Incremental Build of configuration Debug for project aLaw ****
make pre-build main-build 
a9-linaro-pre-build-step
' '
make: Nothing to be done for `main-build'.
20:31:38 **** Incremental Build of configuration Debug for project aLaw ****
make pre-build main-build 
a9-linaro-pre-build-step
' '
make: Nothing to be done for `main-build'.
20:43:01 **** Auto Build of configuration Debug for project aLaw ****
make pre-build main-build 
a9-linaro-pre-build-step
' '
'Building file: ../src/main.c'
'Invoking: ARM v7 gcc compiler'
arm-none-eabi-gcc -Wall -O0 -g3 -c -fmessage-length=0 -MT"src/main.o" -mcpu=cortex-a9 -mfpu=vfpv3 -mfloat-abi=hard -I../../aLaw_bsp/ps7_cortexa9_0/include -MMD -MP -MF"src/main.d" -MT"src/main.o" -o "src/main.o" "../src/main.c"
'Finished building: ../src/main.c'
' '
'Building target: aLaw.elf'
'Invoking: ARM v7 gcc linker'
arm-none-eabi-gcc -mcpu=cortex-a9 -mfpu=vfpv3 -mfloat-abi=hard -Wl,-build-id=none -specs=Xilinx.spec -Wl,-T -Wl,../src/lscript.ld -L../../aLaw_bsp/ps7_cortexa9_0/lib -o "aLaw.elf"  ./src/decoded_lut.o ./src/encoded_lut.o ./src/main.o ./src/speech.o   -Wl,--start-group,-lxil,-lgcc,-lc,--end-group -Wl,--start-group,-lxilffs,-lxil,-lgcc,-lc,--end-group
'Finished building target: aLaw.elf'
' '
'Invoking: ARM v7 Print Size'
arm-none-eabi-size aLaw.elf  |tee "aLaw.elf.size"
   text	   data	    bss	    dec	    hex	filename
1154484	   2624	2237728	3394836	 33cd14	aLaw.elf
'Finished building: aLaw.elf.size'
' '
20:45:56 **** Incremental Build of configuration Debug for project aLaw ****
make pre-build main-build 
a9-linaro-pre-build-step
' '
make: Nothing to be done for `main-build'.
20:46:46 **** Incremental Build of configuration Debug for project aLaw ****
make pre-build main-build 
a9-linaro-pre-build-step
' '
make: Nothing to be done for `main-build'.
20:47:38 **** Incremental Build of configuration Debug for project aLaw ****
make pre-build main-build 
a9-linaro-pre-build-step
' '
make: Nothing to be done for `main-build'.
20:54:15 **** Auto Build of configuration Debug for project aLaw ****
make pre-build main-build 
a9-linaro-pre-build-step
' '
'Building file: ../src/main.c'
'Invoking: ARM v7 gcc compiler'
arm-none-eabi-gcc -Wall -O0 -g3 -c -fmessage-length=0 -MT"src/main.o" -mcpu=cortex-a9 -mfpu=vfpv3 -mfloat-abi=hard -I../../aLaw_bsp/ps7_cortexa9_0/include -MMD -MP -MF"src/main.d" -MT"src/main.o" -o "src/main.o" "../src/main.c"
'Finished building: ../src/main.c'
' '
'Building target: aLaw.elf'
'Invoking: ARM v7 gcc linker'
arm-none-eabi-gcc -mcpu=cortex-a9 -mfpu=vfpv3 -mfloat-abi=hard -Wl,-build-id=none -specs=Xilinx.spec -Wl,-T -Wl,../src/lscript.ld -L../../aLaw_bsp/ps7_cortexa9_0/lib -o "aLaw.elf"  ./src/decoded_lut.o ./src/encoded_lut.o ./src/main.o ./src/speech.o   -Wl,--start-group,-lxil,-lgcc,-lc,--end-group -Wl,--start-group,-lxilffs,-lxil,-lgcc,-lc,--end-group
'Finished building target: aLaw.elf'
' '
'Invoking: ARM v7 Print Size'
arm-none-eabi-size aLaw.elf  |tee "aLaw.elf.size"
   text	   data	    bss	    dec	    hex	filename
1154484	   2624	2237728	3394836	 33cd14	aLaw.elf
'Finished building: aLaw.elf.size'
' '
21:17:41 **** Incremental Build of configuration Debug for project aLaw ****
make pre-build main-build 
a9-linaro-pre-build-step
' '
make: Nothing to be done for `main-build'.
21:56:48 **** Auto Build of configuration Debug for project aLaw ****
make pre-build main-build 
a9-linaro-pre-build-step
' '
'Building file: ../src/main.c'
'Invoking: ARM v7 gcc compiler'
arm-none-eabi-gcc -Wall -O0 -g3 -c -fmessage-length=0 -MT"src/main.o" -mcpu=cortex-a9 -mfpu=vfpv3 -mfloat-abi=hard -I../../aLaw_bsp/ps7_cortexa9_0/include -MMD -MP -MF"src/main.d" -MT"src/main.o" -o "src/main.o" "../src/main.c"
'Finished building: ../src/main.c'
' '
'Building target: aLaw.elf'
'Invoking: ARM v7 gcc linker'
arm-none-eabi-gcc -mcpu=cortex-a9 -mfpu=vfpv3 -mfloat-abi=hard -Wl,-build-id=none -specs=Xilinx.spec -Wl,-T -Wl,../src/lscript.ld -L../../aLaw_bsp/ps7_cortexa9_0/lib -o "aLaw.elf"  ./src/decoded_lut.o ./src/encoded_lut.o ./src/main.o ./src/speech.o   -Wl,--start-group,-lxil,-lgcc,-lc,--end-group -Wl,--start-group,-lxilffs,-lxil,-lgcc,-lc,--end-group
'Finished building target: aLaw.elf'
' '
'Invoking: ARM v7 Print Size'
arm-none-eabi-size aLaw.elf  |tee "aLaw.elf.size"
   text	   data	    bss	    dec	    hex	filename
1153804	   2624	2237728	3394156	 33ca6c	aLaw.elf
'Finished building: aLaw.elf.size'
' '
21:56:50 **** Incremental Build of configuration Debug for project aLaw ****
make pre-build main-build 
a9-linaro-pre-build-step
' '
make: Nothing to be done for `main-build'.
21:57:04 **** Incremental Build of configuration Debug for project aLaw ****
make pre-build main-build 
a9-linaro-pre-build-step
' '
make: Nothing to be done for `main-build'.
21:57:06 **** Incremental Build of configuration Debug for project aLaw ****
make pre-build main-build 
a9-linaro-pre-build-step
' '
make: Nothing to be done for `main-build'.
22:00:50 **** Auto Build of configuration Debug for project aLaw ****
make pre-build main-build 
a9-linaro-pre-build-step
' '
'Building file: ../src/main.c'
'Invoking: ARM v7 gcc compiler'
arm-none-eabi-gcc -Wall -O0 -g3 -c -fmessage-length=0 -MT"src/main.o" -mcpu=cortex-a9 -mfpu=vfpv3 -mfloat-abi=hard -I../../aLaw_bsp/ps7_cortexa9_0/include -MMD -MP -MF"src/main.d" -MT"src/main.o" -o "src/main.o" "../src/main.c"
'Finished building: ../src/main.c'
' '
'Building target: aLaw.elf'
'Invoking: ARM v7 gcc linker'
arm-none-eabi-gcc -mcpu=cortex-a9 -mfpu=vfpv3 -mfloat-abi=hard -Wl,-build-id=none -specs=Xilinx.spec -Wl,-T -Wl,../src/lscript.ld -L../../aLaw_bsp/ps7_cortexa9_0/lib -o "aLaw.elf"  ./src/decoded_lut.o ./src/encoded_lut.o ./src/main.o ./src/speech.o   -Wl,--start-group,-lxil,-lgcc,-lc,--end-group -Wl,--start-group,-lxilffs,-lxil,-lgcc,-lc,--end-group
'Finished building target: aLaw.elf'
' '
'Invoking: ARM v7 Print Size'
arm-none-eabi-size aLaw.elf  |tee "aLaw.elf.size"
   text	   data	    bss	    dec	    hex	filename
1153804	   2624	2237728	3394156	 33ca6c	aLaw.elf
'Finished building: aLaw.elf.size'
' '
22:01:03 **** Incremental Build of configuration Debug for project aLaw ****
make pre-build main-build 
a9-linaro-pre-build-step
' '
make: Nothing to be done for `main-build'.
22:43:45 **** Auto Build of configuration Debug for project aLaw ****
make pre-build main-build 
a9-linaro-pre-build-step
' '
'Building file: ../src/main.c'
'Invoking: ARM v7 gcc compiler'
arm-none-eabi-gcc -Wall -O0 -g3 -c -fmessage-length=0 -MT"src/main.o" -mcpu=cortex-a9 -mfpu=vfpv3 -mfloat-abi=hard -I../../aLaw_bsp/ps7_cortexa9_0/include -MMD -MP -MF"src/main.d" -MT"src/main.o" -o "src/main.o" "../src/main.c"
'Finished building: ../src/main.c'
' '
'Building target: aLaw.elf'
'Invoking: ARM v7 gcc linker'
arm-none-eabi-gcc -mcpu=cortex-a9 -mfpu=vfpv3 -mfloat-abi=hard -Wl,-build-id=none -specs=Xilinx.spec -Wl,-T -Wl,../src/lscript.ld -L../../aLaw_bsp/ps7_cortexa9_0/lib -o "aLaw.elf"  ./src/decoded_lut.o ./src/encoded_lut.o ./src/main.o ./src/speech.o   -Wl,--start-group,-lxil,-lgcc,-lc,--end-group -Wl,--start-group,-lxilffs,-lxil,-lgcc,-lc,--end-group
'Finished building target: aLaw.elf'
' '
'Invoking: ARM v7 Print Size'
arm-none-eabi-size aLaw.elf  |tee "aLaw.elf.size"
   text	   data	    bss	    dec	    hex	filename
1153804	   2624	2237728	3394156	 33ca6c	aLaw.elf
'Finished building: aLaw.elf.size'
' '
22:44:04 **** Incremental Build of configuration Debug for project aLaw ****
make pre-build main-build 
a9-linaro-pre-build-step
' '
make: Nothing to be done for `main-build'.
14:19:25 **** Auto Build of configuration Debug for project aLaw ****
make pre-build main-build 
a9-linaro-pre-build-step
' '
'Building file: ../src/main.c'
'Invoking: ARM v7 gcc compiler'
arm-none-eabi-gcc -Wall -O0 -g3 -c -fmessage-length=0 -MT"src/main.o" -mcpu=cortex-a9 -mfpu=vfpv3 -mfloat-abi=hard -I../../aLaw_bsp/ps7_cortexa9_0/include -MMD -MP -MF"src/main.d" -MT"src/main.o" -o "src/main.o" "../src/main.c"
../src/main.c: In function 'main':
../src/main.c:404:33: warning: format '%d' expects argument of type 'int', but argument 3 has type 'uint32_t {aka long unsigned int}' [-Wformat=]
     printf("Input: %d samples, %d bytes of 16-bit PCM data\n", total_samples, wav.data_chunk.chunk_size);
                                 ^
../src/main.c:412:34: warning: format '%d' expects argument of type 'int', but argument 3 has type 'uint32_t {aka long unsigned int}' [-Wformat=]
     printf("Output: %d samples, %d bytes of A-law data\n", total_samples, wav.data_chunk.chunk_size);
                                  ^
'Finished building: ../src/main.c'
' '
'Building target: aLaw.elf'
'Invoking: ARM v7 gcc linker'
arm-none-eabi-gcc -mcpu=cortex-a9 -mfpu=vfpv3 -mfloat-abi=hard -Wl,-build-id=none -specs=Xilinx.spec -Wl,-T -Wl,../src/lscript.ld -L../../aLaw_bsp/ps7_cortexa9_0/lib -o "aLaw.elf"  ./src/decoded_lut.o ./src/encoded_lut.o ./src/main.o ./src/speech.o   -Wl,--start-group,-lxil,-lgcc,-lc,--end-group -Wl,--start-group,-lxilffs,-lxil,-lgcc,-lc,--end-group
'Finished building target: aLaw.elf'
' '
'Invoking: ARM v7 Print Size'
arm-none-eabi-size aLaw.elf  |tee "aLaw.elf.size"
   text	   data	    bss	    dec	    hex	filename
1153884	   2624	2237728	3394236	 33cabc	aLaw.elf
'Finished building: aLaw.elf.size'
' '
14:19:46 **** Incremental Build of configuration Debug for project aLaw ****
make pre-build main-build 
a9-linaro-pre-build-step
' '
make: Nothing to be done for `main-build'.
21:17:54 **** Auto Build of configuration Debug for project aLaw ****
make pre-build main-build 
a9-linaro-pre-build-step
' '
'Building file: ../src/main.c'
'Invoking: ARM v7 gcc compiler'
arm-none-eabi-gcc -Wall -O0 -g3 -c -fmessage-length=0 -MT"src/main.o" -mcpu=cortex-a9 -mfpu=vfpv3 -mfloat-abi=hard -I../../aLaw_bsp/ps7_cortexa9_0/include -MMD -MP -MF"src/main.d" -MT"src/main.o" -o "src/main.o" "../src/main.c"
../src/main.c: In function 'main':
../src/main.c:406:33: warning: format '%d' expects argument of type 'int', but argument 3 has type 'uint32_t {aka long unsigned int}' [-Wformat=]
     printf("Input: %d samples, %d bytes of 16-bit PCM data\n", total_samples, wav.data_chunk.chunk_size);
                                 ^
../src/main.c:414:34: warning: format '%d' expects argument of type 'int', but argument 3 has type 'uint32_t {aka long unsigned int}' [-Wformat=]
     printf("Output: %d samples, %d bytes of A-law data\n", total_samples, wav.data_chunk.chunk_size);
                                  ^
'Finished building: ../src/main.c'
' '
'Building target: aLaw.elf'
'Invoking: ARM v7 gcc linker'
arm-none-eabi-gcc -mcpu=cortex-a9 -mfpu=vfpv3 -mfloat-abi=hard -Wl,-build-id=none -specs=Xilinx.spec -Wl,-T -Wl,../src/lscript.ld -L../../aLaw_bsp/ps7_cortexa9_0/lib -o "aLaw.elf"  ./src/decoded_lut.o ./src/encoded_lut.o ./src/main.o ./src/speech.o   -Wl,--start-group,-lxil,-lgcc,-lc,--end-group -Wl,--start-group,-lxilffs,-lxil,-lgcc,-lc,--end-group
'Finished building target: aLaw.elf'
' '
'Invoking: ARM v7 Print Size'
arm-none-eabi-size aLaw.elf  |tee "aLaw.elf.size"
   text	   data	    bss	    dec	    hex	filename
1153948	   2624	2237728	3394300	 33cafc	aLaw.elf
'Finished building: aLaw.elf.size'
' '
21:18:00 **** Incremental Build of configuration Debug for project aLaw ****
make pre-build main-build 
a9-linaro-pre-build-step
' '
make: Nothing to be done for `main-build'.
21:27:47 **** Auto Build of configuration Debug for project aLaw ****
make pre-build main-build 
a9-linaro-pre-build-step
' '
'Building file: ../src/main.c'
'Invoking: ARM v7 gcc compiler'
arm-none-eabi-gcc -Wall -O0 -g3 -c -fmessage-length=0 -MT"src/main.o" -mcpu=cortex-a9 -mfpu=vfpv3 -mfloat-abi=hard -I../../aLaw_bsp/ps7_cortexa9_0/include -MMD -MP -MF"src/main.d" -MT"src/main.o" -o "src/main.o" "../src/main.c"
../src/main.c: In function 'main':
../src/main.c:402:33: warning: format '%d' expects argument of type 'int', but argument 3 has type 'uint32_t {aka long unsigned int}' [-Wformat=]
     printf("Input: %d samples, %d bytes of 16-bit PCM data\n", total_samples, wav.data_chunk.chunk_size);
                                 ^
../src/main.c:410:34: warning: format '%d' expects argument of type 'int', but argument 3 has type 'uint32_t {aka long unsigned int}' [-Wformat=]
     printf("Output: %d samples, %d bytes of A-law data\n", total_samples, wav.data_chunk.chunk_size);
                                  ^
'Finished building: ../src/main.c'
' '
'Building target: aLaw.elf'
'Invoking: ARM v7 gcc linker'
arm-none-eabi-gcc -mcpu=cortex-a9 -mfpu=vfpv3 -mfloat-abi=hard -Wl,-build-id=none -specs=Xilinx.spec -Wl,-T -Wl,../src/lscript.ld -L../../aLaw_bsp/ps7_cortexa9_0/lib -o "aLaw.elf"  ./src/decoded_lut.o ./src/encoded_lut.o ./src/main.o ./src/speech.o   -Wl,--start-group,-lxil,-lgcc,-lc,--end-group -Wl,--start-group,-lxilffs,-lxil,-lgcc,-lc,--end-group
'Finished building target: aLaw.elf'
' '
'Invoking: ARM v7 Print Size'
arm-none-eabi-size aLaw.elf  |tee "aLaw.elf.size"
   text	   data	    bss	    dec	    hex	filename
1154012	   2624	2237728	3394364	 33cb3c	aLaw.elf
'Finished building: aLaw.elf.size'
' '
21:27:49 **** Auto Build of configuration Debug for project aLaw ****
make pre-build main-build 
a9-linaro-pre-build-step
' '
'Building file: ../src/main.c'
'Invoking: ARM v7 gcc compiler'
arm-none-eabi-gcc -Wall -O0 -g3 -c -fmessage-length=0 -MT"src/main.o" -mcpu=cortex-a9 -mfpu=vfpv3 -mfloat-abi=hard -I../../aLaw_bsp/ps7_cortexa9_0/include -MMD -MP -MF"src/main.d" -MT"src/main.o" -o "src/main.o" "../src/main.c"
../src/main.c: In function 'main':
../src/main.c:402:33: warning: format '%d' expects argument of type 'int', but argument 3 has type 'uint32_t {aka long unsigned int}' [-Wformat=]
     printf("Input: %d samples, %d bytes of 16-bit PCM data\n", total_samples, wav.data_chunk.chunk_size);
                                 ^
../src/main.c:410:34: warning: format '%d' expects argument of type 'int', but argument 3 has type 'uint32_t {aka long unsigned int}' [-Wformat=]
     printf("Output: %d samples, %d bytes of A-law data\n", total_samples, wav.data_chunk.chunk_size);
                                  ^
'Finished building: ../src/main.c'
' '
'Building target: aLaw.elf'
'Invoking: ARM v7 gcc linker'
arm-none-eabi-gcc -mcpu=cortex-a9 -mfpu=vfpv3 -mfloat-abi=hard -Wl,-build-id=none -specs=Xilinx.spec -Wl,-T -Wl,../src/lscript.ld -L../../aLaw_bsp/ps7_cortexa9_0/lib -o "aLaw.elf"  ./src/decoded_lut.o ./src/encoded_lut.o ./src/main.o ./src/speech.o   -Wl,--start-group,-lxil,-lgcc,-lc,--end-group -Wl,--start-group,-lxilffs,-lxil,-lgcc,-lc,--end-group
'Finished building target: aLaw.elf'
' '
'Invoking: ARM v7 Print Size'
arm-none-eabi-size aLaw.elf  |tee "aLaw.elf.size"
   text	   data	    bss	    dec	    hex	filename
1154012	   2624	2237728	3394364	 33cb3c	aLaw.elf
'Finished building: aLaw.elf.size'
' '
21:27:54 **** Incremental Build of configuration Debug for project aLaw ****
make pre-build main-build 
a9-linaro-pre-build-step
' '
make: Nothing to be done for `main-build'.
21:41:34 **** Auto Build of configuration Debug for project aLaw ****
make pre-build main-build 
a9-linaro-pre-build-step
' '
'Building file: ../src/main.c'
'Invoking: ARM v7 gcc compiler'
arm-none-eabi-gcc -Wall -O0 -g3 -c -fmessage-length=0 -MT"src/main.o" -mcpu=cortex-a9 -mfpu=vfpv3 -mfloat-abi=hard -I../../aLaw_bsp/ps7_cortexa9_0/include -MMD -MP -MF"src/main.d" -MT"src/main.o" -o "src/main.o" "../src/main.c"
../src/main.c: In function 'main':
../src/main.c:498:33: warning: format '%d' expects argument of type 'int', but argument 3 has type 'uint32_t {aka long unsigned int}' [-Wformat=]
     printf("Input: %d samples, %d bytes of 16-bit PCM data\n", total_samples, wav.data_chunk.chunk_size);
                                 ^
../src/main.c:506:34: warning: format '%d' expects argument of type 'int', but argument 3 has type 'uint32_t {aka long unsigned int}' [-Wformat=]
     printf("Output: %d samples, %d bytes of A-law data\n", total_samples, wav.data_chunk.chunk_size);
                                  ^
'Finished building: ../src/main.c'
' '
'Building target: aLaw.elf'
'Invoking: ARM v7 gcc linker'
arm-none-eabi-gcc -mcpu=cortex-a9 -mfpu=vfpv3 -mfloat-abi=hard -Wl,-build-id=none -specs=Xilinx.spec -Wl,-T -Wl,../src/lscript.ld -L../../aLaw_bsp/ps7_cortexa9_0/lib -o "aLaw.elf"  ./src/decoded_lut.o ./src/encoded_lut.o ./src/main.o ./src/speech.o   -Wl,--start-group,-lxil,-lgcc,-lc,--end-group -Wl,--start-group,-lxilffs,-lxil,-lgcc,-lc,--end-group
'Finished building target: aLaw.elf'
' '
'Invoking: ARM v7 Print Size'
arm-none-eabi-size aLaw.elf  |tee "aLaw.elf.size"
   text	   data	    bss	    dec	    hex	filename
1153532	   2624	2237728	3393884	 33c95c	aLaw.elf
'Finished building: aLaw.elf.size'
' '
21:41:37 **** Incremental Build of configuration Debug for project aLaw ****
make pre-build main-build 
a9-linaro-pre-build-step
' '
make: Nothing to be done for `main-build'.
21:42:18 **** Incremental Build of configuration Debug for project aLaw ****
make pre-build main-build 
a9-linaro-pre-build-step
' '
make: Nothing to be done for `main-build'.
22:02:59 **** Auto Build of configuration Debug for project aLaw ****
make pre-build main-build 
a9-linaro-pre-build-step
' '
'Building file: ../src/encoded_lut.c'
'Invoking: ARM v7 gcc compiler'
arm-none-eabi-gcc -Wall -O0 -g3 -c -fmessage-length=0 -MT"src/encoded_lut.o" -mcpu=cortex-a9 -mfpu=vfpv3 -mfloat-abi=hard -I../../aLaw_bsp/ps7_cortexa9_0/include -MMD -MP -MF"src/encoded_lut.d" -MT"src/encoded_lut.o" -o "src/encoded_lut.o" "../src/encoded_lut.c"
'Finished building: ../src/encoded_lut.c'
' '
'Building target: aLaw.elf'
'Invoking: ARM v7 gcc linker'
arm-none-eabi-gcc -mcpu=cortex-a9 -mfpu=vfpv3 -mfloat-abi=hard -Wl,-build-id=none -specs=Xilinx.spec -Wl,-T -Wl,../src/lscript.ld -L../../aLaw_bsp/ps7_cortexa9_0/lib -o "aLaw.elf"  ./src/decoded_lut.o ./src/encoded_lut.o ./src/main.o ./src/speech.o   -Wl,--start-group,-lxil,-lgcc,-lc,--end-group -Wl,--start-group,-lxilffs,-lxil,-lgcc,-lc,--end-group
'Finished building target: aLaw.elf'
' '
'Invoking: ARM v7 Print Size'
arm-none-eabi-size aLaw.elf  |tee "aLaw.elf.size"
   text	   data	    bss	    dec	    hex	filename
1153532	   2624	2237728	3393884	 33c95c	aLaw.elf
'Finished building: aLaw.elf.size'
' '
22:03:56 **** Incremental Build of configuration Debug for project aLaw ****
make pre-build main-build 
a9-linaro-pre-build-step
' '
make: Nothing to be done for `main-build'.
22:11:43 **** Auto Build of configuration Debug for project aLaw ****
make pre-build main-build 
a9-linaro-pre-build-step
' '
'Building file: ../src/main.c'
'Invoking: ARM v7 gcc compiler'
arm-none-eabi-gcc -Wall -O0 -g3 -c -fmessage-length=0 -MT"src/main.o" -mcpu=cortex-a9 -mfpu=vfpv3 -mfloat-abi=hard -I../../aLaw_bsp/ps7_cortexa9_0/include -MMD -MP -MF"src/main.d" -MT"src/main.o" -o "src/main.o" "../src/main.c"
../src/main.c: In function 'main':
../src/main.c:506:33: warning: format '%d' expects argument of type 'int', but argument 3 has type 'uint32_t {aka long unsigned int}' [-Wformat=]
     printf("Input: %d samples, %d bytes of 16-bit PCM data\n", total_samples, wav.data_chunk.chunk_size);
                                 ^
../src/main.c:514:34: warning: format '%d' expects argument of type 'int', but argument 3 has type 'uint32_t {aka long unsigned int}' [-Wformat=]
     printf("Output: %d samples, %d bytes of A-law data\n", total_samples, wav.data_chunk.chunk_size);
                                  ^
'Finished building: ../src/main.c'
' '
'Building target: aLaw.elf'
'Invoking: ARM v7 gcc linker'
arm-none-eabi-gcc -mcpu=cortex-a9 -mfpu=vfpv3 -mfloat-abi=hard -Wl,-build-id=none -specs=Xilinx.spec -Wl,-T -Wl,../src/lscript.ld -L../../aLaw_bsp/ps7_cortexa9_0/lib -o "aLaw.elf"  ./src/decoded_lut.o ./src/encoded_lut.o ./src/main.o ./src/speech.o   -Wl,--start-group,-lxil,-lgcc,-lc,--end-group -Wl,--start-group,-lxilffs,-lxil,-lgcc,-lc,--end-group
'Finished building target: aLaw.elf'
' '
'Invoking: ARM v7 Print Size'
arm-none-eabi-size aLaw.elf  |tee "aLaw.elf.size"
   text	   data	    bss	    dec	    hex	filename
1153596	   2624	2237728	3393948	 33c99c	aLaw.elf
'Finished building: aLaw.elf.size'
' '
22:11:47 **** Incremental Build of configuration Debug for project aLaw ****
make pre-build main-build 
a9-linaro-pre-build-step
' '
make: Nothing to be done for `main-build'.
22:16:10 **** Auto Build of configuration Debug for project aLaw ****
make pre-build main-build 
a9-linaro-pre-build-step
' '
'Building file: ../src/main.c'
'Invoking: ARM v7 gcc compiler'
arm-none-eabi-gcc -Wall -O0 -g3 -c -fmessage-length=0 -MT"src/main.o" -mcpu=cortex-a9 -mfpu=vfpv3 -mfloat-abi=hard -I../../aLaw_bsp/ps7_cortexa9_0/include -MMD -MP -MF"src/main.d" -MT"src/main.o" -o "src/main.o" "../src/main.c"
../src/main.c: In function 'main':
../src/main.c:311:33: warning: format '%d' expects argument of type 'int', but argument 3 has type 'uint32_t {aka long unsigned int}' [-Wformat=]
     printf("Input: %d samples, %d bytes of 16-bit PCM data\n", total_samples, wav.data_chunk.chunk_size);
                                 ^
../src/main.c:319:34: warning: format '%d' expects argument of type 'int', but argument 3 has type 'uint32_t {aka long unsigned int}' [-Wformat=]
     printf("Output: %d samples, %d bytes of A-law data\n", total_samples, wav.data_chunk.chunk_size);
                                  ^
'Finished building: ../src/main.c'
' '
'Building target: aLaw.elf'
'Invoking: ARM v7 gcc linker'
arm-none-eabi-gcc -mcpu=cortex-a9 -mfpu=vfpv3 -mfloat-abi=hard -Wl,-build-id=none -specs=Xilinx.spec -Wl,-T -Wl,../src/lscript.ld -L../../aLaw_bsp/ps7_cortexa9_0/lib -o "aLaw.elf"  ./src/decoded_lut.o ./src/encoded_lut.o ./src/main.o ./src/speech.o   -Wl,--start-group,-lxil,-lgcc,-lc,--end-group -Wl,--start-group,-lxilffs,-lxil,-lgcc,-lc,--end-group
'Finished building target: aLaw.elf'
' '
'Invoking: ARM v7 Print Size'
arm-none-eabi-size aLaw.elf  |tee "aLaw.elf.size"
   text	   data	    bss	    dec	    hex	filename
1145532	   2624	2237728	3385884	 33aa1c	aLaw.elf
'Finished building: aLaw.elf.size'
' '
22:17:22 **** Incremental Build of configuration Debug for project aLaw ****
make pre-build main-build 
a9-linaro-pre-build-step
' '
make: Nothing to be done for `main-build'.
22:20:37 **** Incremental Build of configuration Debug for project aLaw ****
make pre-build main-build 
a9-linaro-pre-build-step
' '
make: Nothing to be done for `main-build'.
18:47:32 **** Auto Build of project aLaw_bsp ****
make -k all 
"Running Make include in ps7_cortexa9_0/libsrc/bram_v4_2/src"
make -C ps7_cortexa9_0/libsrc/bram_v4_2/src -s include  "SHELL=CMD" "COMPILER=arm-none-eabi-gcc" "ARCHIVER=arm-none-eabi-ar" "COMPILER_FLAGS=  -O2 -c" "EXTRA_COMPILER_FLAGS=-mcpu=cortex-a9 -mfpu=vfpv3 -mfloat-abi=hard -nostartfiles -Wall -Wextra"
"Running Make include in ps7_cortexa9_0/libsrc/coresightps_dcc_v1_4/src"
make -C ps7_cortexa9_0/libsrc/coresightps_dcc_v1_4/src -s include  "SHELL=CMD" "COMPILER=arm-none-eabi-gcc" "ARCHIVER=arm-none-eabi-ar" "COMPILER_FLAGS=  -O2 -c" "EXTRA_COMPILER_FLAGS=-mcpu=cortex-a9 -mfpu=vfpv3 -mfloat-abi=hard -nostartfiles -Wall -Wextra"
"Running Make include in ps7_cortexa9_0/libsrc/cpu_cortexa9_v2_5/src"
make -C ps7_cortexa9_0/libsrc/cpu_cortexa9_v2_5/src -s include  "SHELL=CMD" "COMPILER=arm-none-eabi-gcc" "ARCHIVER=arm-none-eabi-ar" "COMPILER_FLAGS=  -O2 -c" "EXTRA_COMPILER_FLAGS=-mcpu=cortex-a9 -mfpu=vfpv3 -mfloat-abi=hard -nostartfiles -Wall -Wextra"
"Running Make include in ps7_cortexa9_0/libsrc/ddrps_v1_0/src"
make -C ps7_cortexa9_0/libsrc/ddrps_v1_0/src -s include  "SHELL=CMD" "COMPILER=arm-none-eabi-gcc" "ARCHIVER=arm-none-eabi-ar" "COMPILER_FLAGS=  -O2 -c" "EXTRA_COMPILER_FLAGS=-mcpu=cortex-a9 -mfpu=vfpv3 -mfloat-abi=hard -nostartfiles -Wall -Wextra"
"Running Make include in ps7_cortexa9_0/libsrc/devcfg_v3_5/src"
make -C ps7_cortexa9_0/libsrc/devcfg_v3_5/src -s include  "SHELL=CMD" "COMPILER=arm-none-eabi-gcc" "ARCHIVER=arm-none-eabi-ar" "COMPILER_FLAGS=  -O2 -c" "EXTRA_COMPILER_FLAGS=-mcpu=cortex-a9 -mfpu=vfpv3 -mfloat-abi=hard -nostartfiles -Wall -Wextra"
"Running Make include in ps7_cortexa9_0/libsrc/dmaps_v2_3/src"
make -C ps7_cortexa9_0/libsrc/dmaps_v2_3/src -s include  "SHELL=CMD" "COMPILER=arm-none-eabi-gcc" "ARCHIVER=arm-none-eabi-ar" "COMPILER_FLAGS=  -O2 -c" "EXTRA_COMPILER_FLAGS=-mcpu=cortex-a9 -mfpu=vfpv3 -mfloat-abi=hard -nostartfiles -Wall -Wextra"
"Running Make include in ps7_cortexa9_0/libsrc/emacps_v3_6/src"
make -C ps7_cortexa9_0/libsrc/emacps_v3_6/src -s include  "SHELL=CMD" "COMPILER=arm-none-eabi-gcc" "ARCHIVER=arm-none-eabi-ar" "COMPILER_FLAGS=  -O2 -c" "EXTRA_COMPILER_FLAGS=-mcpu=cortex-a9 -mfpu=vfpv3 -mfloat-abi=hard -nostartfiles -Wall -Wextra"
"Running Make include in ps7_cortexa9_0/libsrc/gpiops_v3_3/src"
make -C ps7_cortexa9_0/libsrc/gpiops_v3_3/src -s include  "SHELL=CMD" "COMPILER=arm-none-eabi-gcc" "ARCHIVER=arm-none-eabi-ar" "COMPILER_FLAGS=  -O2 -c" "EXTRA_COMPILER_FLAGS=-mcpu=cortex-a9 -mfpu=vfpv3 -mfloat-abi=hard -nostartfiles -Wall -Wextra"
"Running Make include in ps7_cortexa9_0/libsrc/scugic_v3_8/src"
make -C ps7_cortexa9_0/libsrc/scugic_v3_8/src -s include  "SHELL=CMD" "COMPILER=arm-none-eabi-gcc" "ARCHIVER=arm-none-eabi-ar" "COMPILER_FLAGS=  -O2 -c" "EXTRA_COMPILER_FLAGS=-mcpu=cortex-a9 -mfpu=vfpv3 -mfloat-abi=hard -nostartfiles -Wall -Wextra"
"Running Make include in ps7_cortexa9_0/libsrc/scutimer_v2_1/src"
make -C ps7_cortexa9_0/libsrc/scutimer_v2_1/src -s include  "SHELL=CMD" "COMPILER=arm-none-eabi-gcc" "ARCHIVER=arm-none-eabi-ar" "COMPILER_FLAGS=  -O2 -c" "EXTRA_COMPILER_FLAGS=-mcpu=cortex-a9 -mfpu=vfpv3 -mfloat-abi=hard -nostartfiles -Wall -Wextra"
"Running Make include in ps7_cortexa9_0/libsrc/scuwdt_v2_1/src"
make -C ps7_cortexa9_0/libsrc/scuwdt_v2_1/src -s include  "SHELL=CMD" "COMPILER=arm-none-eabi-gcc" "ARCHIVER=arm-none-eabi-ar" "COMPILER_FLAGS=  -O2 -c" "EXTRA_COMPILER_FLAGS=-mcpu=cortex-a9 -mfpu=vfpv3 -mfloat-abi=hard -nostartfiles -Wall -Wextra"
"Running Make include in ps7_cortexa9_0/libsrc/sdps_v3_3/src"
make -C ps7_cortexa9_0/libsrc/sdps_v3_3/src -s include  "SHELL=CMD" "COMPILER=arm-none-eabi-gcc" "ARCHIVER=arm-none-eabi-ar" "COMPILER_FLAGS=  -O2 -c" "EXTRA_COMPILER_FLAGS=-mcpu=cortex-a9 -mfpu=vfpv3 -mfloat-abi=hard -nostartfiles -Wall -Wextra"
"Running Make include in ps7_cortexa9_0/libsrc/standalone_v6_5/src"
make -C ps7_cortexa9_0/libsrc/standalone_v6_5/src -s include  "SHELL=CMD" "COMPILER=arm-none-eabi-gcc" "ARCHIVER=arm-none-eabi-ar" "COMPILER_FLAGS=  -O2 -c" "EXTRA_COMPILER_FLAGS=-mcpu=cortex-a9 -mfpu=vfpv3 -mfloat-abi=hard -nostartfiles -Wall -Wextra"
"Running Make include in ps7_cortexa9_0/libsrc/uartps_v3_5/src"
make -C ps7_cortexa9_0/libsrc/uartps_v3_5/src -s include  "SHELL=CMD" "COMPILER=arm-none-eabi-gcc" "ARCHIVER=arm-none-eabi-ar" "COMPILER_FLAGS=  -O2 -c" "EXTRA_COMPILER_FLAGS=-mcpu=cortex-a9 -mfpu=vfpv3 -mfloat-abi=hard -nostartfiles -Wall -Wextra"
"Running Make include in ps7_cortexa9_0/libsrc/usbps_v2_4/src"
make -C ps7_cortexa9_0/libsrc/usbps_v2_4/src -s include  "SHELL=CMD" "COMPILER=arm-none-eabi-gcc" "ARCHIVER=arm-none-eabi-ar" "COMPILER_FLAGS=  -O2 -c" "EXTRA_COMPILER_FLAGS=-mcpu=cortex-a9 -mfpu=vfpv3 -mfloat-abi=hard -nostartfiles -Wall -Wextra"
"Running Make include in ps7_cortexa9_0/libsrc/xadcps_v2_2/src"
make -C ps7_cortexa9_0/libsrc/xadcps_v2_2/src -s include  "SHELL=CMD" "COMPILER=arm-none-eabi-gcc" "ARCHIVER=arm-none-eabi-ar" "COMPILER_FLAGS=  -O2 -c" "EXTRA_COMPILER_FLAGS=-mcpu=cortex-a9 -mfpu=vfpv3 -mfloat-abi=hard -nostartfiles -Wall -Wextra"
"Running Make include in ps7_cortexa9_0/libsrc/xilffs_v3_7/src"
make -C ps7_cortexa9_0/libsrc/xilffs_v3_7/src -s include  "SHELL=CMD" "COMPILER=arm-none-eabi-gcc" "ARCHIVER=arm-none-eabi-ar" "COMPILER_FLAGS=  -O2 -c" "EXTRA_COMPILER_FLAGS=-mcpu=cortex-a9 -mfpu=vfpv3 -mfloat-abi=hard -nostartfiles -Wall -Wextra"
"Running Make include in ps7_cortexa9_0/libsrc/xilmfs_v2_3/src"
make -C ps7_cortexa9_0/libsrc/xilmfs_v2_3/src -s include  "SHELL=CMD" "COMPILER=arm-none-eabi-gcc" "ARCHIVER=arm-none-eabi-ar" "COMPILER_FLAGS=  -O2 -c" "EXTRA_COMPILER_FLAGS=-mcpu=cortex-a9 -mfpu=vfpv3 -mfloat-abi=hard -nostartfiles -Wall -Wextra"
"Running Make libs in ps7_cortexa9_0/libsrc/bram_v4_2/src"
make -C ps7_cortexa9_0/libsrc/bram_v4_2/src -s libs  "SHELL=CMD" "COMPILER=arm-none-eabi-gcc" "ARCHIVER=arm-none-eabi-ar" "COMPILER_FLAGS=  -O2 -c" "EXTRA_COMPILER_FLAGS=-mcpu=cortex-a9 -mfpu=vfpv3 -mfloat-abi=hard -nostartfiles -Wall -Wextra"
"Compiling bram"
"Running Make libs in ps7_cortexa9_0/libsrc/coresightps_dcc_v1_4/src"
make -C ps7_cortexa9_0/libsrc/coresightps_dcc_v1_4/src -s libs  "SHELL=CMD" "COMPILER=arm-none-eabi-gcc" "ARCHIVER=arm-none-eabi-ar" "COMPILER_FLAGS=  -O2 -c" "EXTRA_COMPILER_FLAGS=-mcpu=cortex-a9 -mfpu=vfpv3 -mfloat-abi=hard -nostartfiles -Wall -Wextra"
"Compiling coresightps_dcc"
"Running Make libs in ps7_cortexa9_0/libsrc/cpu_cortexa9_v2_5/src"
make -C ps7_cortexa9_0/libsrc/cpu_cortexa9_v2_5/src -s libs  "SHELL=CMD" "COMPILER=arm-none-eabi-gcc" "ARCHIVER=arm-none-eabi-ar" "COMPILER_FLAGS=  -O2 -c" "EXTRA_COMPILER_FLAGS=-mcpu=cortex-a9 -mfpu=vfpv3 -mfloat-abi=hard -nostartfiles -Wall -Wextra"
"Compiling cpu_cortexa9"
"Running Make libs in ps7_cortexa9_0/libsrc/ddrps_v1_0/src"
make -C ps7_cortexa9_0/libsrc/ddrps_v1_0/src -s libs  "SHELL=CMD" "COMPILER=arm-none-eabi-gcc" "ARCHIVER=arm-none-eabi-ar" "COMPILER_FLAGS=  -O2 -c" "EXTRA_COMPILER_FLAGS=-mcpu=cortex-a9 -mfpu=vfpv3 -mfloat-abi=hard -nostartfiles -Wall -Wextra"
"Compiling ddrps"
"Running Make libs in ps7_cortexa9_0/libsrc/devcfg_v3_5/src"
make -C ps7_cortexa9_0/libsrc/devcfg_v3_5/src -s libs  "SHELL=CMD" "COMPILER=arm-none-eabi-gcc" "ARCHIVER=arm-none-eabi-ar" "COMPILER_FLAGS=  -O2 -c" "EXTRA_COMPILER_FLAGS=-mcpu=cortex-a9 -mfpu=vfpv3 -mfloat-abi=hard -nostartfiles -Wall -Wextra"
"Compiling devcfg"
"Running Make libs in ps7_cortexa9_0/libsrc/dmaps_v2_3/src"
make -C ps7_cortexa9_0/libsrc/dmaps_v2_3/src -s libs  "SHELL=CMD" "COMPILER=arm-none-eabi-gcc" "ARCHIVER=arm-none-eabi-ar" "COMPILER_FLAGS=  -O2 -c" "EXTRA_COMPILER_FLAGS=-mcpu=cortex-a9 -mfpu=vfpv3 -mfloat-abi=hard -nostartfiles -Wall -Wextra"
"Compiling dmaps"
"Running Make libs in ps7_cortexa9_0/libsrc/emacps_v3_6/src"
make -C ps7_cortexa9_0/libsrc/emacps_v3_6/src -s libs  "SHELL=CMD" "COMPILER=arm-none-eabi-gcc" "ARCHIVER=arm-none-eabi-ar" "COMPILER_FLAGS=  -O2 -c" "EXTRA_COMPILER_FLAGS=-mcpu=cortex-a9 -mfpu=vfpv3 -mfloat-abi=hard -nostartfiles -Wall -Wextra"
"Compiling emacps"
"Running Make libs in ps7_cortexa9_0/libsrc/gpiops_v3_3/src"
make -C ps7_cortexa9_0/libsrc/gpiops_v3_3/src -s libs  "SHELL=CMD" "COMPILER=arm-none-eabi-gcc" "ARCHIVER=arm-none-eabi-ar" "COMPILER_FLAGS=  -O2 -c" "EXTRA_COMPILER_FLAGS=-mcpu=cortex-a9 -mfpu=vfpv3 -mfloat-abi=hard -nostartfiles -Wall -Wextra"
"Compiling gpiops"
"Running Make libs in ps7_cortexa9_0/libsrc/scugic_v3_8/src"
make -C ps7_cortexa9_0/libsrc/scugic_v3_8/src -s libs  "SHELL=CMD" "COMPILER=arm-none-eabi-gcc" "ARCHIVER=arm-none-eabi-ar" "COMPILER_FLAGS=  -O2 -c" "EXTRA_COMPILER_FLAGS=-mcpu=cortex-a9 -mfpu=vfpv3 -mfloat-abi=hard -nostartfiles -Wall -Wextra"
"Compiling scugic"
"Running Make libs in ps7_cortexa9_0/libsrc/scutimer_v2_1/src"
make -C ps7_cortexa9_0/libsrc/scutimer_v2_1/src -s libs  "SHELL=CMD" "COMPILER=arm-none-eabi-gcc" "ARCHIVER=arm-none-eabi-ar" "COMPILER_FLAGS=  -O2 -c" "EXTRA_COMPILER_FLAGS=-mcpu=cortex-a9 -mfpu=vfpv3 -mfloat-abi=hard -nostartfiles -Wall -Wextra"
"Compiling scutimer"
"Running Make libs in ps7_cortexa9_0/libsrc/scuwdt_v2_1/src"
make -C ps7_cortexa9_0/libsrc/scuwdt_v2_1/src -s libs  "SHELL=CMD" "COMPILER=arm-none-eabi-gcc" "ARCHIVER=arm-none-eabi-ar" "COMPILER_FLAGS=  -O2 -c" "EXTRA_COMPILER_FLAGS=-mcpu=cortex-a9 -mfpu=vfpv3 -mfloat-abi=hard -nostartfiles -Wall -Wextra"
"Compiling scuwdt"
"Running Make libs in ps7_cortexa9_0/libsrc/sdps_v3_3/src"
make -C ps7_cortexa9_0/libsrc/sdps_v3_3/src -s libs  "SHELL=CMD" "COMPILER=arm-none-eabi-gcc" "ARCHIVER=arm-none-eabi-ar" "COMPILER_FLAGS=  -O2 -c" "EXTRA_COMPILER_FLAGS=-mcpu=cortex-a9 -mfpu=vfpv3 -mfloat-abi=hard -nostartfiles -Wall -Wextra"
"Compiling sdps"
"Running Make libs in ps7_cortexa9_0/libsrc/standalone_v6_5/src"
make -C ps7_cortexa9_0/libsrc/standalone_v6_5/src -s libs  "SHELL=CMD" "COMPILER=arm-none-eabi-gcc" "ARCHIVER=arm-none-eabi-ar" "COMPILER_FLAGS=  -O2 -c" "EXTRA_COMPILER_FLAGS=-mcpu=cortex-a9 -mfpu=vfpv3 -mfloat-abi=hard -nostartfiles -Wall -Wextra"
"Compiling standalone"
"Running Make libs in ps7_cortexa9_0/libsrc/uartps_v3_5/src"
make -C ps7_cortexa9_0/libsrc/uartps_v3_5/src -s libs  "SHELL=CMD" "COMPILER=arm-none-eabi-gcc" "ARCHIVER=arm-none-eabi-ar" "COMPILER_FLAGS=  -O2 -c" "EXTRA_COMPILER_FLAGS=-mcpu=cortex-a9 -mfpu=vfpv3 -mfloat-abi=hard -nostartfiles -Wall -Wextra"
"Compiling uartps"
"Running Make libs in ps7_cortexa9_0/libsrc/usbps_v2_4/src"
make -C ps7_cortexa9_0/libsrc/usbps_v2_4/src -s libs  "SHELL=CMD" "COMPILER=arm-none-eabi-gcc" "ARCHIVER=arm-none-eabi-ar" "COMPILER_FLAGS=  -O2 -c" "EXTRA_COMPILER_FLAGS=-mcpu=cortex-a9 -mfpu=vfpv3 -mfloat-abi=hard -nostartfiles -Wall -Wextra"
"Compiling usbps"
"Running Make libs in ps7_cortexa9_0/libsrc/xadcps_v2_2/src"
make -C ps7_cortexa9_0/libsrc/xadcps_v2_2/src -s libs  "SHELL=CMD" "COMPILER=arm-none-eabi-gcc" "ARCHIVER=arm-none-eabi-ar" "COMPILER_FLAGS=  -O2 -c" "EXTRA_COMPILER_FLAGS=-mcpu=cortex-a9 -mfpu=vfpv3 -mfloat-abi=hard -nostartfiles -Wall -Wextra"
"Compiling xadcps"
"Running Make libs in ps7_cortexa9_0/libsrc/xilffs_v3_7/src"
make -C ps7_cortexa9_0/libsrc/xilffs_v3_7/src -s libs  "SHELL=CMD" "COMPILER=arm-none-eabi-gcc" "ARCHIVER=arm-none-eabi-ar" "COMPILER_FLAGS=  -O2 -c" "EXTRA_COMPILER_FLAGS=-mcpu=cortex-a9 -mfpu=vfpv3 -mfloat-abi=hard -nostartfiles -Wall -Wextra"
"Compiling XilFFs Library"
"Running Make libs in ps7_cortexa9_0/libsrc/xilmfs_v2_3/src"
make -C ps7_cortexa9_0/libsrc/xilmfs_v2_3/src -s libs  "SHELL=CMD" "COMPILER=arm-none-eabi-gcc" "ARCHIVER=arm-none-eabi-ar" "COMPILER_FLAGS=  -O2 -c" "EXTRA_COMPILER_FLAGS=-mcpu=cortex-a9 -mfpu=vfpv3 -mfloat-abi=hard -nostartfiles -Wall -Wextra"
"Compiling XilMFS Library"
'Finished building libraries'
18:48:01 **** Auto Build of configuration Debug for project aLaw ****
make pre-build main-build 
a9-linaro-pre-build-step
' '
'Building file: ../src/main.c'
'Invoking: ARM v7 gcc compiler'
arm-none-eabi-gcc -Wall -O0 -g3 -c -fmessage-length=0 -MT"src/main.o" -mcpu=cortex-a9 -mfpu=vfpv3 -mfloat-abi=hard -I../../aLaw_bsp/ps7_cortexa9_0/include -MMD -MP -MF"src/main.d" -MT"src/main.o" -o "src/main.o" "../src/main.c"
../src/main.c: In function 'main':
../src/main.c:311:33: warning: format '%d' expects argument of type 'int', but argument 3 has type 'uint32_t {aka long unsigned int}' [-Wformat=]
     printf("Input: %d samples, %d bytes of 16-bit PCM data\n", total_samples, wav.data_chunk.chunk_size);
                                 ^
../src/main.c:319:34: warning: format '%d' expects argument of type 'int', but argument 3 has type 'uint32_t {aka long unsigned int}' [-Wformat=]
     printf("Output: %d samples, %d bytes of A-law data\n", total_samples, wav.data_chunk.chunk_size);
                                  ^
'Finished building: ../src/main.c'
' '
'Building target: aLaw.elf'
'Invoking: ARM v7 gcc linker'
arm-none-eabi-gcc -mcpu=cortex-a9 -mfpu=vfpv3 -mfloat-abi=hard -Wl,-build-id=none -specs=Xilinx.spec -Wl,-T -Wl,../src/lscript.ld -L../../aLaw_bsp/ps7_cortexa9_0/lib -o "aLaw.elf"  ./src/decoded_lut.o ./src/encoded_lut.o ./src/main.o ./src/speech.o   -Wl,--start-group,-lxil,-lgcc,-lc,--end-group -Wl,--start-group,-lxilffs,-lxil,-lgcc,-lc,--end-group
'Finished building target: aLaw.elf'
' '
'Invoking: ARM v7 Print Size'
arm-none-eabi-size aLaw.elf  |tee "aLaw.elf.size"
   text	   data	    bss	    dec	    hex	filename
1145532	   2624	2237728	3385884	 33aa1c	aLaw.elf
'Finished building: aLaw.elf.size'
' '
21:23:19 **** Auto Build of project aLaw_bsp ****
make -k all 
"Running Make include in ps7_cortexa9_0/libsrc/bram_v4_2/src"
make -C ps7_cortexa9_0/libsrc/bram_v4_2/src -s include  "SHELL=CMD" "COMPILER=arm-none-eabi-gcc" "ARCHIVER=arm-none-eabi-ar" "COMPILER_FLAGS=  -O2 -c" "EXTRA_COMPILER_FLAGS=-mcpu=cortex-a9 -mfpu=vfpv3 -mfloat-abi=hard -nostartfiles -Wall -Wextra"
"Running Make include in ps7_cortexa9_0/libsrc/coresightps_dcc_v1_4/src"
make -C ps7_cortexa9_0/libsrc/coresightps_dcc_v1_4/src -s include  "SHELL=CMD" "COMPILER=arm-none-eabi-gcc" "ARCHIVER=arm-none-eabi-ar" "COMPILER_FLAGS=  -O2 -c" "EXTRA_COMPILER_FLAGS=-mcpu=cortex-a9 -mfpu=vfpv3 -mfloat-abi=hard -nostartfiles -Wall -Wextra"
"Running Make include in ps7_cortexa9_0/libsrc/cpu_cortexa9_v2_5/src"
make -C ps7_cortexa9_0/libsrc/cpu_cortexa9_v2_5/src -s include  "SHELL=CMD" "COMPILER=arm-none-eabi-gcc" "ARCHIVER=arm-none-eabi-ar" "COMPILER_FLAGS=  -O2 -c" "EXTRA_COMPILER_FLAGS=-mcpu=cortex-a9 -mfpu=vfpv3 -mfloat-abi=hard -nostartfiles -Wall -Wextra"
"Running Make include in ps7_cortexa9_0/libsrc/ddrps_v1_0/src"
make -C ps7_cortexa9_0/libsrc/ddrps_v1_0/src -s include  "SHELL=CMD" "COMPILER=arm-none-eabi-gcc" "ARCHIVER=arm-none-eabi-ar" "COMPILER_FLAGS=  -O2 -c" "EXTRA_COMPILER_FLAGS=-mcpu=cortex-a9 -mfpu=vfpv3 -mfloat-abi=hard -nostartfiles -Wall -Wextra"
"Running Make include in ps7_cortexa9_0/libsrc/devcfg_v3_5/src"
make -C ps7_cortexa9_0/libsrc/devcfg_v3_5/src -s include  "SHELL=CMD" "COMPILER=arm-none-eabi-gcc" "ARCHIVER=arm-none-eabi-ar" "COMPILER_FLAGS=  -O2 -c" "EXTRA_COMPILER_FLAGS=-mcpu=cortex-a9 -mfpu=vfpv3 -mfloat-abi=hard -nostartfiles -Wall -Wextra"
"Running Make include in ps7_cortexa9_0/libsrc/dmaps_v2_3/src"
make -C ps7_cortexa9_0/libsrc/dmaps_v2_3/src -s include  "SHELL=CMD" "COMPILER=arm-none-eabi-gcc" "ARCHIVER=arm-none-eabi-ar" "COMPILER_FLAGS=  -O2 -c" "EXTRA_COMPILER_FLAGS=-mcpu=cortex-a9 -mfpu=vfpv3 -mfloat-abi=hard -nostartfiles -Wall -Wextra"
"Running Make include in ps7_cortexa9_0/libsrc/emacps_v3_6/src"
make -C ps7_cortexa9_0/libsrc/emacps_v3_6/src -s include  "SHELL=CMD" "COMPILER=arm-none-eabi-gcc" "ARCHIVER=arm-none-eabi-ar" "COMPILER_FLAGS=  -O2 -c" "EXTRA_COMPILER_FLAGS=-mcpu=cortex-a9 -mfpu=vfpv3 -mfloat-abi=hard -nostartfiles -Wall -Wextra"
"Running Make include in ps7_cortexa9_0/libsrc/gpiops_v3_3/src"
make -C ps7_cortexa9_0/libsrc/gpiops_v3_3/src -s include  "SHELL=CMD" "COMPILER=arm-none-eabi-gcc" "ARCHIVER=arm-none-eabi-ar" "COMPILER_FLAGS=  -O2 -c" "EXTRA_COMPILER_FLAGS=-mcpu=cortex-a9 -mfpu=vfpv3 -mfloat-abi=hard -nostartfiles -Wall -Wextra"
"Running Make include in ps7_cortexa9_0/libsrc/scugic_v3_8/src"
make -C ps7_cortexa9_0/libsrc/scugic_v3_8/src -s include  "SHELL=CMD" "COMPILER=arm-none-eabi-gcc" "ARCHIVER=arm-none-eabi-ar" "COMPILER_FLAGS=  -O2 -c" "EXTRA_COMPILER_FLAGS=-mcpu=cortex-a9 -mfpu=vfpv3 -mfloat-abi=hard -nostartfiles -Wall -Wextra"
"Running Make include in ps7_cortexa9_0/libsrc/scutimer_v2_1/src"
make -C ps7_cortexa9_0/libsrc/scutimer_v2_1/src -s include  "SHELL=CMD" "COMPILER=arm-none-eabi-gcc" "ARCHIVER=arm-none-eabi-ar" "COMPILER_FLAGS=  -O2 -c" "EXTRA_COMPILER_FLAGS=-mcpu=cortex-a9 -mfpu=vfpv3 -mfloat-abi=hard -nostartfiles -Wall -Wextra"
"Running Make include in ps7_cortexa9_0/libsrc/scuwdt_v2_1/src"
make -C ps7_cortexa9_0/libsrc/scuwdt_v2_1/src -s include  "SHELL=CMD" "COMPILER=arm-none-eabi-gcc" "ARCHIVER=arm-none-eabi-ar" "COMPILER_FLAGS=  -O2 -c" "EXTRA_COMPILER_FLAGS=-mcpu=cortex-a9 -mfpu=vfpv3 -mfloat-abi=hard -nostartfiles -Wall -Wextra"
"Running Make include in ps7_cortexa9_0/libsrc/sdps_v3_3/src"
make -C ps7_cortexa9_0/libsrc/sdps_v3_3/src -s include  "SHELL=CMD" "COMPILER=arm-none-eabi-gcc" "ARCHIVER=arm-none-eabi-ar" "COMPILER_FLAGS=  -O2 -c" "EXTRA_COMPILER_FLAGS=-mcpu=cortex-a9 -mfpu=vfpv3 -mfloat-abi=hard -nostartfiles -Wall -Wextra"
"Running Make include in ps7_cortexa9_0/libsrc/standalone_v6_5/src"
make -C ps7_cortexa9_0/libsrc/standalone_v6_5/src -s include  "SHELL=CMD" "COMPILER=arm-none-eabi-gcc" "ARCHIVER=arm-none-eabi-ar" "COMPILER_FLAGS=  -O2 -c" "EXTRA_COMPILER_FLAGS=-mcpu=cortex-a9 -mfpu=vfpv3 -mfloat-abi=hard -nostartfiles -Wall -Wextra"
"Running Make include in ps7_cortexa9_0/libsrc/uartps_v3_5/src"
make -C ps7_cortexa9_0/libsrc/uartps_v3_5/src -s include  "SHELL=CMD" "COMPILER=arm-none-eabi-gcc" "ARCHIVER=arm-none-eabi-ar" "COMPILER_FLAGS=  -O2 -c" "EXTRA_COMPILER_FLAGS=-mcpu=cortex-a9 -mfpu=vfpv3 -mfloat-abi=hard -nostartfiles -Wall -Wextra"
"Running Make include in ps7_cortexa9_0/libsrc/usbps_v2_4/src"
make -C ps7_cortexa9_0/libsrc/usbps_v2_4/src -s include  "SHELL=CMD" "COMPILER=arm-none-eabi-gcc" "ARCHIVER=arm-none-eabi-ar" "COMPILER_FLAGS=  -O2 -c" "EXTRA_COMPILER_FLAGS=-mcpu=cortex-a9 -mfpu=vfpv3 -mfloat-abi=hard -nostartfiles -Wall -Wextra"
"Running Make include in ps7_cortexa9_0/libsrc/xadcps_v2_2/src"
make -C ps7_cortexa9_0/libsrc/xadcps_v2_2/src -s include  "SHELL=CMD" "COMPILER=arm-none-eabi-gcc" "ARCHIVER=arm-none-eabi-ar" "COMPILER_FLAGS=  -O2 -c" "EXTRA_COMPILER_FLAGS=-mcpu=cortex-a9 -mfpu=vfpv3 -mfloat-abi=hard -nostartfiles -Wall -Wextra"
"Running Make include in ps7_cortexa9_0/libsrc/xilffs_v3_7/src"
make -C ps7_cortexa9_0/libsrc/xilffs_v3_7/src -s include  "SHELL=CMD" "COMPILER=arm-none-eabi-gcc" "ARCHIVER=arm-none-eabi-ar" "COMPILER_FLAGS=  -O2 -c" "EXTRA_COMPILER_FLAGS=-mcpu=cortex-a9 -mfpu=vfpv3 -mfloat-abi=hard -nostartfiles -Wall -Wextra"
"Running Make include in ps7_cortexa9_0/libsrc/xilmfs_v2_3/src"
make -C ps7_cortexa9_0/libsrc/xilmfs_v2_3/src -s include  "SHELL=CMD" "COMPILER=arm-none-eabi-gcc" "ARCHIVER=arm-none-eabi-ar" "COMPILER_FLAGS=  -O2 -c" "EXTRA_COMPILER_FLAGS=-mcpu=cortex-a9 -mfpu=vfpv3 -mfloat-abi=hard -nostartfiles -Wall -Wextra"
"Running Make libs in ps7_cortexa9_0/libsrc/bram_v4_2/src"
make -C ps7_cortexa9_0/libsrc/bram_v4_2/src -s libs  "SHELL=CMD" "COMPILER=arm-none-eabi-gcc" "ARCHIVER=arm-none-eabi-ar" "COMPILER_FLAGS=  -O2 -c" "EXTRA_COMPILER_FLAGS=-mcpu=cortex-a9 -mfpu=vfpv3 -mfloat-abi=hard -nostartfiles -Wall -Wextra"
"Compiling bram"
"Running Make libs in ps7_cortexa9_0/libsrc/coresightps_dcc_v1_4/src"
make -C ps7_cortexa9_0/libsrc/coresightps_dcc_v1_4/src -s libs  "SHELL=CMD" "COMPILER=arm-none-eabi-gcc" "ARCHIVER=arm-none-eabi-ar" "COMPILER_FLAGS=  -O2 -c" "EXTRA_COMPILER_FLAGS=-mcpu=cortex-a9 -mfpu=vfpv3 -mfloat-abi=hard -nostartfiles -Wall -Wextra"
"Compiling coresightps_dcc"
"Running Make libs in ps7_cortexa9_0/libsrc/cpu_cortexa9_v2_5/src"
make -C ps7_cortexa9_0/libsrc/cpu_cortexa9_v2_5/src -s libs  "SHELL=CMD" "COMPILER=arm-none-eabi-gcc" "ARCHIVER=arm-none-eabi-ar" "COMPILER_FLAGS=  -O2 -c" "EXTRA_COMPILER_FLAGS=-mcpu=cortex-a9 -mfpu=vfpv3 -mfloat-abi=hard -nostartfiles -Wall -Wextra"
"Compiling cpu_cortexa9"
"Running Make libs in ps7_cortexa9_0/libsrc/ddrps_v1_0/src"
make -C ps7_cortexa9_0/libsrc/ddrps_v1_0/src -s libs  "SHELL=CMD" "COMPILER=arm-none-eabi-gcc" "ARCHIVER=arm-none-eabi-ar" "COMPILER_FLAGS=  -O2 -c" "EXTRA_COMPILER_FLAGS=-mcpu=cortex-a9 -mfpu=vfpv3 -mfloat-abi=hard -nostartfiles -Wall -Wextra"
"Compiling ddrps"
"Running Make libs in ps7_cortexa9_0/libsrc/devcfg_v3_5/src"
make -C ps7_cortexa9_0/libsrc/devcfg_v3_5/src -s libs  "SHELL=CMD" "COMPILER=arm-none-eabi-gcc" "ARCHIVER=arm-none-eabi-ar" "COMPILER_FLAGS=  -O2 -c" "EXTRA_COMPILER_FLAGS=-mcpu=cortex-a9 -mfpu=vfpv3 -mfloat-abi=hard -nostartfiles -Wall -Wextra"
"Compiling devcfg"
"Running Make libs in ps7_cortexa9_0/libsrc/dmaps_v2_3/src"
make -C ps7_cortexa9_0/libsrc/dmaps_v2_3/src -s libs  "SHELL=CMD" "COMPILER=arm-none-eabi-gcc" "ARCHIVER=arm-none-eabi-ar" "COMPILER_FLAGS=  -O2 -c" "EXTRA_COMPILER_FLAGS=-mcpu=cortex-a9 -mfpu=vfpv3 -mfloat-abi=hard -nostartfiles -Wall -Wextra"
"Compiling dmaps"
"Running Make libs in ps7_cortexa9_0/libsrc/emacps_v3_6/src"
make -C ps7_cortexa9_0/libsrc/emacps_v3_6/src -s libs  "SHELL=CMD" "COMPILER=arm-none-eabi-gcc" "ARCHIVER=arm-none-eabi-ar" "COMPILER_FLAGS=  -O2 -c" "EXTRA_COMPILER_FLAGS=-mcpu=cortex-a9 -mfpu=vfpv3 -mfloat-abi=hard -nostartfiles -Wall -Wextra"
"Compiling emacps"
"Running Make libs in ps7_cortexa9_0/libsrc/gpiops_v3_3/src"
make -C ps7_cortexa9_0/libsrc/gpiops_v3_3/src -s libs  "SHELL=CMD" "COMPILER=arm-none-eabi-gcc" "ARCHIVER=arm-none-eabi-ar" "COMPILER_FLAGS=  -O2 -c" "EXTRA_COMPILER_FLAGS=-mcpu=cortex-a9 -mfpu=vfpv3 -mfloat-abi=hard -nostartfiles -Wall -Wextra"
"Compiling gpiops"
"Running Make libs in ps7_cortexa9_0/libsrc/scugic_v3_8/src"
make -C ps7_cortexa9_0/libsrc/scugic_v3_8/src -s libs  "SHELL=CMD" "COMPILER=arm-none-eabi-gcc" "ARCHIVER=arm-none-eabi-ar" "COMPILER_FLAGS=  -O2 -c" "EXTRA_COMPILER_FLAGS=-mcpu=cortex-a9 -mfpu=vfpv3 -mfloat-abi=hard -nostartfiles -Wall -Wextra"
"Compiling scugic"
"Running Make libs in ps7_cortexa9_0/libsrc/scutimer_v2_1/src"
make -C ps7_cortexa9_0/libsrc/scutimer_v2_1/src -s libs  "SHELL=CMD" "COMPILER=arm-none-eabi-gcc" "ARCHIVER=arm-none-eabi-ar" "COMPILER_FLAGS=  -O2 -c" "EXTRA_COMPILER_FLAGS=-mcpu=cortex-a9 -mfpu=vfpv3 -mfloat-abi=hard -nostartfiles -Wall -Wextra"
"Compiling scutimer"
"Running Make libs in ps7_cortexa9_0/libsrc/scuwdt_v2_1/src"
make -C ps7_cortexa9_0/libsrc/scuwdt_v2_1/src -s libs  "SHELL=CMD" "COMPILER=arm-none-eabi-gcc" "ARCHIVER=arm-none-eabi-ar" "COMPILER_FLAGS=  -O2 -c" "EXTRA_COMPILER_FLAGS=-mcpu=cortex-a9 -mfpu=vfpv3 -mfloat-abi=hard -nostartfiles -Wall -Wextra"
"Compiling scuwdt"
"Running Make libs in ps7_cortexa9_0/libsrc/sdps_v3_3/src"
make -C ps7_cortexa9_0/libsrc/sdps_v3_3/src -s libs  "SHELL=CMD" "COMPILER=arm-none-eabi-gcc" "ARCHIVER=arm-none-eabi-ar" "COMPILER_FLAGS=  -O2 -c" "EXTRA_COMPILER_FLAGS=-mcpu=cortex-a9 -mfpu=vfpv3 -mfloat-abi=hard -nostartfiles -Wall -Wextra"
"Compiling sdps"
"Running Make libs in ps7_cortexa9_0/libsrc/standalone_v6_5/src"
make -C ps7_cortexa9_0/libsrc/standalone_v6_5/src -s libs  "SHELL=CMD" "COMPILER=arm-none-eabi-gcc" "ARCHIVER=arm-none-eabi-ar" "COMPILER_FLAGS=  -O2 -c" "EXTRA_COMPILER_FLAGS=-mcpu=cortex-a9 -mfpu=vfpv3 -mfloat-abi=hard -nostartfiles -Wall -Wextra"
"Compiling standalone"
"Running Make libs in ps7_cortexa9_0/libsrc/uartps_v3_5/src"
make -C ps7_cortexa9_0/libsrc/uartps_v3_5/src -s libs  "SHELL=CMD" "COMPILER=arm-none-eabi-gcc" "ARCHIVER=arm-none-eabi-ar" "COMPILER_FLAGS=  -O2 -c" "EXTRA_COMPILER_FLAGS=-mcpu=cortex-a9 -mfpu=vfpv3 -mfloat-abi=hard -nostartfiles -Wall -Wextra"
"Compiling uartps"
"Running Make libs in ps7_cortexa9_0/libsrc/usbps_v2_4/src"
make -C ps7_cortexa9_0/libsrc/usbps_v2_4/src -s libs  "SHELL=CMD" "COMPILER=arm-none-eabi-gcc" "ARCHIVER=arm-none-eabi-ar" "COMPILER_FLAGS=  -O2 -c" "EXTRA_COMPILER_FLAGS=-mcpu=cortex-a9 -mfpu=vfpv3 -mfloat-abi=hard -nostartfiles -Wall -Wextra"
"Compiling usbps"
"Running Make libs in ps7_cortexa9_0/libsrc/xadcps_v2_2/src"
make -C ps7_cortexa9_0/libsrc/xadcps_v2_2/src -s libs  "SHELL=CMD" "COMPILER=arm-none-eabi-gcc" "ARCHIVER=arm-none-eabi-ar" "COMPILER_FLAGS=  -O2 -c" "EXTRA_COMPILER_FLAGS=-mcpu=cortex-a9 -mfpu=vfpv3 -mfloat-abi=hard -nostartfiles -Wall -Wextra"
"Compiling xadcps"
"Running Make libs in ps7_cortexa9_0/libsrc/xilffs_v3_7/src"
make -C ps7_cortexa9_0/libsrc/xilffs_v3_7/src -s libs  "SHELL=CMD" "COMPILER=arm-none-eabi-gcc" "ARCHIVER=arm-none-eabi-ar" "COMPILER_FLAGS=  -O2 -c" "EXTRA_COMPILER_FLAGS=-mcpu=cortex-a9 -mfpu=vfpv3 -mfloat-abi=hard -nostartfiles -Wall -Wextra"
"Compiling XilFFs Library"
"Running Make libs in ps7_cortexa9_0/libsrc/xilmfs_v2_3/src"
make -C ps7_cortexa9_0/libsrc/xilmfs_v2_3/src -s libs  "SHELL=CMD" "COMPILER=arm-none-eabi-gcc" "ARCHIVER=arm-none-eabi-ar" "COMPILER_FLAGS=  -O2 -c" "EXTRA_COMPILER_FLAGS=-mcpu=cortex-a9 -mfpu=vfpv3 -mfloat-abi=hard -nostartfiles -Wall -Wextra"
"Compiling XilMFS Library"
'Finished building libraries'
21:23:43 **** Auto Build of configuration Debug for project aLaw ****
make pre-build main-build 
a9-linaro-pre-build-step
' '
'Building file: ../src/main.c'
'Invoking: ARM v7 gcc compiler'
arm-none-eabi-gcc -Wall -O0 -g3 -c -fmessage-length=0 -MT"src/main.o" -mcpu=cortex-a9 -mfpu=vfpv3 -mfloat-abi=hard -I../../aLaw_bsp/ps7_cortexa9_0/include -MMD -MP -MF"src/main.d" -MT"src/main.o" -o "src/main.o" "../src/main.c"
../src/main.c: In function 'main':
../src/main.c:311:33: warning: format '%d' expects argument of type 'int', but argument 3 has type 'uint32_t {aka long unsigned int}' [-Wformat=]
     printf("Input: %d samples, %d bytes of 16-bit PCM data\n", total_samples, wav.data_chunk.chunk_size);
                                 ^
../src/main.c:319:34: warning: format '%d' expects argument of type 'int', but argument 3 has type 'uint32_t {aka long unsigned int}' [-Wformat=]
     printf("Output: %d samples, %d bytes of A-law data\n", total_samples, wav.data_chunk.chunk_size);
                                  ^
'Finished building: ../src/main.c'
' '
'Building target: aLaw.elf'
'Invoking: ARM v7 gcc linker'
arm-none-eabi-gcc -mcpu=cortex-a9 -mfpu=vfpv3 -mfloat-abi=hard -Wl,-build-id=none -specs=Xilinx.spec -Wl,-T -Wl,../src/lscript.ld -L../../aLaw_bsp/ps7_cortexa9_0/lib -o "aLaw.elf"  ./src/decoded_lut.o ./src/encoded_lut.o ./src/main.o ./src/speech.o   -Wl,--start-group,-lxil,-lgcc,-lc,--end-group -Wl,--start-group,-lxilffs,-lxil,-lgcc,-lc,--end-group
'Finished building target: aLaw.elf'
' '
'Invoking: ARM v7 Print Size'
arm-none-eabi-size aLaw.elf  |tee "aLaw.elf.size"
   text	   data	    bss	    dec	    hex	filename
1145532	   2624	2237728	3385884	 33aa1c	aLaw.elf
'Finished building: aLaw.elf.size'
' '
21:27:27 **** Clean-only build of configuration Debug for project aLaw ****
make clean 
rm -rf  ./src/decoded_lut.o ./src/encoded_lut.o ./src/main.o ./src/speech.o  ./src/decoded_lut.d ./src/encoded_lut.d ./src/main.d ./src/speech.d  aLaw.elf.size  aLaw.elf
' '
21:27:27 **** Auto Build of configuration Debug for project aLaw ****
make pre-build main-build 
a9-linaro-pre-build-step
' '
'Building file: ../src/decoded_lut.c'
'Invoking: ARM v7 gcc compiler'
arm-none-eabi-gcc -Wall -O0 -g3 -c -fmessage-length=0 -MT"src/decoded_lut.o" -mcpu=cortex-a9 -mfpu=vfpv3 -mfloat-abi=hard -I../../aLaw_bsp/ps7_cortexa9_0/include -MMD -MP -MF"src/decoded_lut.d" -MT"src/decoded_lut.o" -o "src/decoded_lut.o" "../src/decoded_lut.c"
'Finished building: ../src/decoded_lut.c'
' '
'Building file: ../src/encoded_lut.c'
'Invoking: ARM v7 gcc compiler'
arm-none-eabi-gcc -Wall -O0 -g3 -c -fmessage-length=0 -MT"src/encoded_lut.o" -mcpu=cortex-a9 -mfpu=vfpv3 -mfloat-abi=hard -I../../aLaw_bsp/ps7_cortexa9_0/include -MMD -MP -MF"src/encoded_lut.d" -MT"src/encoded_lut.o" -o "src/encoded_lut.o" "../src/encoded_lut.c"
'Finished building: ../src/encoded_lut.c'
' '
'Building file: ../src/main.c'
'Invoking: ARM v7 gcc compiler'
arm-none-eabi-gcc -Wall -O0 -g3 -c -fmessage-length=0 -MT"src/main.o" -mcpu=cortex-a9 -mfpu=vfpv3 -mfloat-abi=hard -I../../aLaw_bsp/ps7_cortexa9_0/include -MMD -MP -MF"src/main.d" -MT"src/main.o" -o "src/main.o" "../src/main.c"
../src/main.c:12:20: fatal error: speech.h: No such file or directory
 #include "speech.h"
                    ^
compilation terminated.
make: *** [src/main.o] Error 1
21:27:49 **** Auto Build of configuration Debug for project aLaw ****
make pre-build main-build 
a9-linaro-pre-build-step
' '
'Building file: ../src/main.c'
'Invoking: ARM v7 gcc compiler'
arm-none-eabi-gcc -Wall -O0 -g3 -c -fmessage-length=0 -MT"src/main.o" -mcpu=cortex-a9 -mfpu=vfpv3 -mfloat-abi=hard -I../../aLaw_bsp/ps7_cortexa9_0/include -MMD -MP -MF"src/main.d" -MT"src/main.o" -o "src/main.o" "../src/main.c"
../src/main.c:18:43: error: unknown type name 'WAVFile'
 int parse_wav_fatfs(const char *filename, WAVFile *wav) {
                                           ^~~~~~~
../src/main.c:112:27: error: unknown type name 'WAVFile'
 void print_wav_info(const WAVFile *wav) {
                           ^~~~~~~
../src/main.c: In function 'print_wav_info':
../src/main.c:113:37: error: request for member 'format_chunk' in something not a structure or union
     printf("Audio Format: %u\n", wav->format_chunk.audio_format);
                                     ^~
../src/main.c:114:33: error: request for member 'format_chunk' in something not a structure or union
     printf("Channels: %u\n", wav->format_chunk.num_channels);
                                 ^~
../src/main.c:115:52: error: request for member 'format_chunk' in something not a structure or union
     printf("Sample Rate: %lu\n", (unsigned long)wav->format_chunk.sample_rate);
                                                    ^~
../src/main.c:116:50: error: request for member 'format_chunk' in something not a structure or union
     printf("Byte Rate: %lu\n", (unsigned long)wav->format_chunk.byte_rate);
                                                  ^~
../src/main.c:117:36: error: request for member 'format_chunk' in something not a structure or union
     printf("Block Align: %u\n", wav->format_chunk.bytes_per_block);
                                    ^~
../src/main.c:118:40: error: request for member 'format_chunk' in something not a structure or union
     printf("Bits Per Sample: %u\n", wav->format_chunk.bits_per_sample);
                                        ^~
../src/main.c:119:56: error: request for member 'data_chunk' in something not a structure or union
     printf("Data Size: %lu bytes\n", (unsigned long)wav->data_chunk.chunk_size);
                                                        ^~
../src/main.c:120:50: error: request for member 'data_chunk' in something not a structure or union
     printf("Duration: %.2f seconds\n", (float)wav->data_chunk.chunk_size / wav->format_chunk.byte_rate);
                                                  ^~
../src/main.c:120:79: error: request for member 'format_chunk' in something not a structure or union
     printf("Duration: %.2f seconds\n", (float)wav->data_chunk.chunk_size / wav->format_chunk.byte_rate);
                                                                               ^~
../src/main.c: At top level:
../src/main.c:124:25: error: unknown type name 'WAVFile'
 void convert_wav_header(WAVFile *wav, int format, int bits_per_sample, int total_samples) {
                         ^~~~~~~
../src/main.c:133:21: error: unknown type name 'WAVFile'
 uint8_t* alaw(const WAVFile *wav, int total_samples){
                     ^~~~~~~
../src/main.c: In function 'alaw':
../src/main.c:137:17: error: request for member 'data_chunk' in something not a structure or union
         free(wav->data_chunk.data);
                 ^~
../src/main.c:144:29: error: request for member 'data_chunk' in something not a structure or union
         int16_t sample = wav->data_chunk.data[i];
                             ^~
../src/main.c: At top level:
../src/main.c:248:29: error: unknown type name 'WAVFile'
 int write_wav_alaw_sd(const WAVFile *wav, const char *output_filename, const uint8_t *out_buffer) {
                             ^~~~~~~
../src/main.c: In function 'write_wav_alaw_sd':
../src/main.c:250:33: error: 'RIFFChunk' undeclared (first use in this function)
     size_t header_size = sizeof(RIFFChunk) + sizeof(FormatChunk) + 8; // 8 for data chunk header
                                 ^~~~~~~~~
../src/main.c:250:33: note: each undeclared identifier is reported only once for each function it appears in
../src/main.c:250:53: error: 'FormatChunk' undeclared (first use in this function)
     size_t header_size = sizeof(RIFFChunk) + sizeof(FormatChunk) + 8; // 8 for data chunk header
                                                     ^~~~~~~~~~~
../src/main.c:251:42: error: request for member 'data_chunk' in something not a structure or union
     size_t total_size = header_size + wav->data_chunk.chunk_size;
                                          ^~
../src/main.c:269:21: error: request for member 'riff_chunk' in something not a structure or union
     memcpy(ptr, &wav->riff_chunk, sizeof(RIFFChunk));
                     ^~
../src/main.c:274:21: error: request for member 'format_chunk' in something not a structure or union
     memcpy(ptr, &wav->format_chunk, sizeof(FormatChunk));
                     ^~
../src/main.c:279:21: error: request for member 'data_chunk' in something not a structure or union
     memcpy(ptr, &wav->data_chunk.chunk_id, 4);
                     ^~
../src/main.c:281:21: error: request for member 'data_chunk' in something not a structure or union
     memcpy(ptr, &wav->data_chunk.chunk_size, 4);
                     ^~
../src/main.c:286:32: error: request for member 'data_chunk' in something not a structure or union
     memcpy(ptr, out_buffer, wav->data_chunk.chunk_size);
                                ^~
../src/main.c:287:53: error: request for member 'data_chunk' in something not a structure or union
     xil_printf("Copied audio data (%d bytes)\n", wav->data_chunk.chunk_size);
                                                     ^~
../src/main.c: In function 'main':
../src/main.c:300:5: error: unknown type name 'WAVFile'
     WAVFile wav;
     ^~~~~~~
../src/main.c:301:9: warning: implicit declaration of function 'parse_wav_fatfs' [-Wimplicit-function-declaration]
     if (parse_wav_fatfs("0:/speech.wav", &wav) != 0) {
         ^~~~~~~~~~~~~~~
../src/main.c:309:28: error: request for member 'data_chunk' in something not a structure or union
     int total_samples = wav.data_chunk.chunk_size / sizeof(int16_t);
                            ^
../src/main.c:310:82: error: request for member 'data_chunk' in something not a structure or union
     printf("Input: %d samples, %d bytes of 16-bit PCM data\n", total_samples, wav.data_chunk.chunk_size);
                                                                                  ^
../src/main.c:316:5: warning: implicit declaration of function 'convert_wav_header' [-Wimplicit-function-declaration]
     convert_wav_header(&wav, ALAW_FORMAT, ALAW_SAMPLE_SIZE, total_samples);
     ^~~~~~~~~~~~~~~~~~
../src/main.c:316:30: error: 'ALAW_FORMAT' undeclared (first use in this function)
     convert_wav_header(&wav, ALAW_FORMAT, ALAW_SAMPLE_SIZE, total_samples);
                              ^~~~~~~~~~~
../src/main.c:316:43: error: 'ALAW_SAMPLE_SIZE' undeclared (first use in this function)
     convert_wav_header(&wav, ALAW_FORMAT, ALAW_SAMPLE_SIZE, total_samples);
                                           ^~~~~~~~~~~~~~~~
../src/main.c:318:78: error: request for member 'data_chunk' in something not a structure or union
     printf("Output: %d samples, %d bytes of A-law data\n", total_samples, wav.data_chunk.chunk_size);
                                                                              ^
../src/main.c:319:84: error: request for member 'data_chunk' in something not a structure or union
     xil_printf("Total samples: %d, A-law data size: %d bytes\n", total_samples, wav.data_chunk.chunk_size);
                                                                                    ^
../src/main.c:324:17: error: request for member 'data_chunk' in something not a structure or union
         free(wav.data_chunk.data);
                 ^
../src/main.c:332:13: error: request for member 'data_chunk' in something not a structure or union
     free(wav.data_chunk.data);
             ^
make: *** [src/main.o] Error 1
21:30:14 **** Auto Build of configuration Debug for project aLaw ****
make pre-build main-build 
a9-linaro-pre-build-step
' '
'Building file: ../src/main.c'
'Invoking: ARM v7 gcc compiler'
arm-none-eabi-gcc -Wall -O0 -g3 -c -fmessage-length=0 -MT"src/main.o" -mcpu=cortex-a9 -mfpu=vfpv3 -mfloat-abi=hard -I../../aLaw_bsp/ps7_cortexa9_0/include -MMD -MP -MF"src/main.d" -MT"src/main.o" -o "src/main.o" "../src/main.c"
../src/main.c:18:43: error: unknown type name 'WAVFile'
 int parse_wav_fatfs(const char *filename, WAVFile *wav) {
                                           ^~~~~~~
../src/main.c:112:27: error: unknown type name 'WAVFile'
 void print_wav_info(const WAVFile *wav) {
                           ^~~~~~~
../src/main.c: In function 'print_wav_info':
../src/main.c:113:37: error: request for member 'format_chunk' in something not a structure or union
     printf("Audio Format: %u\n", wav->format_chunk.audio_format);
                                     ^~
../src/main.c:114:33: error: request for member 'format_chunk' in something not a structure or union
     printf("Channels: %u\n", wav->format_chunk.num_channels);
                                 ^~
../src/main.c:115:52: error: request for member 'format_chunk' in something not a structure or union
     printf("Sample Rate: %lu\n", (unsigned long)wav->format_chunk.sample_rate);
                                                    ^~
../src/main.c:116:50: error: request for member 'format_chunk' in something not a structure or union
     printf("Byte Rate: %lu\n", (unsigned long)wav->format_chunk.byte_rate);
                                                  ^~
../src/main.c:117:36: error: request for member 'format_chunk' in something not a structure or union
     printf("Block Align: %u\n", wav->format_chunk.bytes_per_block);
                                    ^~
../src/main.c:118:40: error: request for member 'format_chunk' in something not a structure or union
     printf("Bits Per Sample: %u\n", wav->format_chunk.bits_per_sample);
                                        ^~
../src/main.c:119:56: error: request for member 'data_chunk' in something not a structure or union
     printf("Data Size: %lu bytes\n", (unsigned long)wav->data_chunk.chunk_size);
                                                        ^~
../src/main.c:120:50: error: request for member 'data_chunk' in something not a structure or union
     printf("Duration: %.2f seconds\n", (float)wav->data_chunk.chunk_size / wav->format_chunk.byte_rate);
                                                  ^~
../src/main.c:120:79: error: request for member 'format_chunk' in something not a structure or union
     printf("Duration: %.2f seconds\n", (float)wav->data_chunk.chunk_size / wav->format_chunk.byte_rate);
                                                                               ^~
../src/main.c: At top level:
../src/main.c:124:25: error: unknown type name 'WAVFile'
 void convert_wav_header(WAVFile *wav, int format, int bits_per_sample, int total_samples) {
                         ^~~~~~~
../src/main.c:133:21: error: unknown type name 'WAVFile'
 uint8_t* alaw(const WAVFile *wav, int total_samples){
                     ^~~~~~~
../src/main.c: In function 'alaw':
../src/main.c:137:17: error: request for member 'data_chunk' in something not a structure or union
         free(wav->data_chunk.data);
                 ^~
../src/main.c:144:29: error: request for member 'data_chunk' in something not a structure or union
         int16_t sample = wav->data_chunk.data[i];
                             ^~
../src/main.c: At top level:
../src/main.c:248:29: error: unknown type name 'WAVFile'
 int write_wav_alaw_sd(const WAVFile *wav, const char *output_filename, const uint8_t *out_buffer) {
                             ^~~~~~~
../src/main.c: In function 'write_wav_alaw_sd':
../src/main.c:250:33: error: 'RIFFChunk' undeclared (first use in this function)
     size_t header_size = sizeof(RIFFChunk) + sizeof(FormatChunk) + 8; // 8 for data chunk header
                                 ^~~~~~~~~
../src/main.c:250:33: note: each undeclared identifier is reported only once for each function it appears in
../src/main.c:250:53: error: 'FormatChunk' undeclared (first use in this function)
     size_t header_size = sizeof(RIFFChunk) + sizeof(FormatChunk) + 8; // 8 for data chunk header
                                                     ^~~~~~~~~~~
../src/main.c:251:42: error: request for member 'data_chunk' in something not a structure or union
     size_t total_size = header_size + wav->data_chunk.chunk_size;
                                          ^~
../src/main.c:269:21: error: request for member 'riff_chunk' in something not a structure or union
     memcpy(ptr, &wav->riff_chunk, sizeof(RIFFChunk));
                     ^~
../src/main.c:274:21: error: request for member 'format_chunk' in something not a structure or union
     memcpy(ptr, &wav->format_chunk, sizeof(FormatChunk));
                     ^~
../src/main.c:279:21: error: request for member 'data_chunk' in something not a structure or union
     memcpy(ptr, &wav->data_chunk.chunk_id, 4);
                     ^~
../src/main.c:281:21: error: request for member 'data_chunk' in something not a structure or union
     memcpy(ptr, &wav->data_chunk.chunk_size, 4);
                     ^~
../src/main.c:286:32: error: request for member 'data_chunk' in something not a structure or union
     memcpy(ptr, out_buffer, wav->data_chunk.chunk_size);
                                ^~
../src/main.c:287:53: error: request for member 'data_chunk' in something not a structure or union
     xil_printf("Copied audio data (%d bytes)\n", wav->data_chunk.chunk_size);
                                                     ^~
../src/main.c: In function 'main':
../src/main.c:300:5: error: unknown type name 'WAVFile'
     WAVFile wav;
     ^~~~~~~
../src/main.c:301:9: warning: implicit declaration of function 'parse_wav_fatfs' [-Wimplicit-function-declaration]
     if (parse_wav_fatfs("0:/speech.wav", &wav) != 0) {
         ^~~~~~~~~~~~~~~
../src/main.c:309:28: error: request for member 'data_chunk' in something not a structure or union
     int total_samples = wav.data_chunk.chunk_size / sizeof(int16_t);
                            ^
../src/main.c:310:82: error: request for member 'data_chunk' in something not a structure or union
     printf("Input: %d samples, %d bytes of 16-bit PCM data\n", total_samples, wav.data_chunk.chunk_size);
                                                                                  ^
../src/main.c:316:5: warning: implicit declaration of function 'convert_wav_header' [-Wimplicit-function-declaration]
     convert_wav_header(&wav, ALAW_FORMAT, ALAW_SAMPLE_SIZE, total_samples);
     ^~~~~~~~~~~~~~~~~~
../src/main.c:316:30: error: 'ALAW_FORMAT' undeclared (first use in this function)
     convert_wav_header(&wav, ALAW_FORMAT, ALAW_SAMPLE_SIZE, total_samples);
                              ^~~~~~~~~~~
../src/main.c:316:43: error: 'ALAW_SAMPLE_SIZE' undeclared (first use in this function)
     convert_wav_header(&wav, ALAW_FORMAT, ALAW_SAMPLE_SIZE, total_samples);
                                           ^~~~~~~~~~~~~~~~
../src/main.c:318:78: error: request for member 'data_chunk' in something not a structure or union
     printf("Output: %d samples, %d bytes of A-law data\n", total_samples, wav.data_chunk.chunk_size);
                                                                              ^
../src/main.c:319:84: error: request for member 'data_chunk' in something not a structure or union
     xil_printf("Total samples: %d, A-law data size: %d bytes\n", total_samples, wav.data_chunk.chunk_size);
                                                                                    ^
../src/main.c:324:17: error: request for member 'data_chunk' in something not a structure or union
         free(wav.data_chunk.data);
                 ^
../src/main.c:332:13: error: request for member 'data_chunk' in something not a structure or union
     free(wav.data_chunk.data);
             ^
make: *** [src/main.o] Error 1
21:30:30 **** Auto Build of configuration Debug for project aLaw ****
make pre-build main-build 
a9-linaro-pre-build-step
' '
'Building file: ../src/main.c'
'Invoking: ARM v7 gcc compiler'
arm-none-eabi-gcc -Wall -O0 -g3 -c -fmessage-length=0 -MT"src/main.o" -mcpu=cortex-a9 -mfpu=vfpv3 -mfloat-abi=hard -I../../aLaw_bsp/ps7_cortexa9_0/include -MMD -MP -MF"src/main.d" -MT"src/main.o" -o "src/main.o" "../src/main.c"
../src/main.c: In function 'main':
../src/main.c:312:33: warning: format '%d' expects argument of type 'int', but argument 3 has type 'uint32_t {aka long unsigned int}' [-Wformat=]
     printf("Input: %d samples, %d bytes of 16-bit PCM data\n", total_samples, wav.data_chunk.chunk_size);
                                 ^
../src/main.c:320:34: warning: format '%d' expects argument of type 'int', but argument 3 has type 'uint32_t {aka long unsigned int}' [-Wformat=]
     printf("Output: %d samples, %d bytes of A-law data\n", total_samples, wav.data_chunk.chunk_size);
                                  ^
'Finished building: ../src/main.c'
' '
'Building target: aLaw.elf'
'Invoking: ARM v7 gcc linker'
arm-none-eabi-gcc -mcpu=cortex-a9 -mfpu=vfpv3 -mfloat-abi=hard -Wl,-build-id=none -specs=Xilinx.spec -Wl,-T -Wl,../src/lscript.ld -L../../aLaw_bsp/ps7_cortexa9_0/lib -o "aLaw.elf"  ./src/decoded_lut.o ./src/encoded_lut.o ./src/main.o   -Wl,--start-group,-lxil,-lgcc,-lc,--end-group -Wl,--start-group,-lxilffs,-lxil,-lgcc,-lc,--end-group
'Finished building target: aLaw.elf'
' '
'Invoking: ARM v7 Print Size'
arm-none-eabi-size aLaw.elf  |tee "aLaw.elf.size"
   text	   data	    bss	    dec	    hex	filename
 108684	   2624	2237728	2349036	 23d7ec	aLaw.elf
'Finished building: aLaw.elf.size'
' '
21:30:43 **** Incremental Build of configuration Debug for project aLaw ****
make pre-build main-build 
a9-linaro-pre-build-step
' '
make: Nothing to be done for `main-build'.
21:44:54 **** Auto Build of configuration Debug for project aLaw ****
make pre-build main-build 
a9-linaro-pre-build-step
' '
'Building file: ../src/main.c'
'Invoking: ARM v7 gcc compiler'
arm-none-eabi-gcc -Wall -O0 -g3 -c -fmessage-length=0 -MT"src/main.o" -mcpu=cortex-a9 -mfpu=vfpv3 -mfloat-abi=hard -I../../aLaw_bsp/ps7_cortexa9_0/include -MMD -MP -MF"src/main.d" -MT"src/main.o" -o "src/main.o" "../src/main.c"
../src/main.c: In function 'main':
../src/main.c:312:33: warning: format '%d' expects argument of type 'int', but argument 3 has type 'uint32_t {aka long unsigned int}' [-Wformat=]
     printf("Input: %d samples, %d bytes of 16-bit PCM data\n", total_samples, wav.data_chunk.chunk_size);
                                 ^
../src/main.c:320:34: warning: format '%d' expects argument of type 'int', but argument 3 has type 'uint32_t {aka long unsigned int}' [-Wformat=]
     printf("Output: %d samples, %d bytes of A-law data\n", total_samples, wav.data_chunk.chunk_size);
                                  ^
'Finished building: ../src/main.c'
' '
'Building target: aLaw.elf'
'Invoking: ARM v7 gcc linker'
arm-none-eabi-gcc -mcpu=cortex-a9 -mfpu=vfpv3 -mfloat-abi=hard -Wl,-build-id=none -specs=Xilinx.spec -Wl,-T -Wl,../src/lscript.ld -L../../aLaw_bsp/ps7_cortexa9_0/lib -o "aLaw.elf"  ./src/decoded_lut.o ./src/encoded_lut.o ./src/main.o   -Wl,--start-group,-lxil,-lgcc,-lc,--end-group -Wl,--start-group,-lxilffs,-lxil,-lgcc,-lc,--end-group
'Finished building target: aLaw.elf'
' '
'Invoking: ARM v7 Print Size'
arm-none-eabi-size aLaw.elf  |tee "aLaw.elf.size"
   text	   data	    bss	    dec	    hex	filename
 108684	   2624	2237728	2349036	 23d7ec	aLaw.elf
'Finished building: aLaw.elf.size'
' '
21:45:07 **** Auto Build of configuration Debug for project aLaw ****
make pre-build main-build 
a9-linaro-pre-build-step
' '
'Building file: ../src/main.c'
'Invoking: ARM v7 gcc compiler'
arm-none-eabi-gcc -Wall -O0 -g3 -c -fmessage-length=0 -MT"src/main.o" -mcpu=cortex-a9 -mfpu=vfpv3 -mfloat-abi=hard -I../../aLaw_bsp/ps7_cortexa9_0/include -MMD -MP -MF"src/main.d" -MT"src/main.o" -o "src/main.o" "../src/main.c"
../src/main.c: In function 'main':
../src/main.c:314:33: warning: format '%d' expects argument of type 'int', but argument 3 has type 'uint32_t {aka long unsigned int}' [-Wformat=]
     printf("Input: %d samples, %d bytes of 16-bit PCM data\n", total_samples, wav.data_chunk.chunk_size);
                                 ^
../src/main.c:322:34: warning: format '%d' expects argument of type 'int', but argument 3 has type 'uint32_t {aka long unsigned int}' [-Wformat=]
     printf("Output: %d samples, %d bytes of A-law data\n", total_samples, wav.data_chunk.chunk_size);
                                  ^
../src/main.c:300:25: warning: unused variable 'end' [-Wunused-variable]
  struct timespec start, end;
                         ^~~
../src/main.c:300:18: warning: unused variable 'start' [-Wunused-variable]
  struct timespec start, end;
                  ^~~~~
'Finished building: ../src/main.c'
' '
'Building target: aLaw.elf'
'Invoking: ARM v7 gcc linker'
arm-none-eabi-gcc -mcpu=cortex-a9 -mfpu=vfpv3 -mfloat-abi=hard -Wl,-build-id=none -specs=Xilinx.spec -Wl,-T -Wl,../src/lscript.ld -L../../aLaw_bsp/ps7_cortexa9_0/lib -o "aLaw.elf"  ./src/decoded_lut.o ./src/encoded_lut.o ./src/main.o   -Wl,--start-group,-lxil,-lgcc,-lc,--end-group -Wl,--start-group,-lxilffs,-lxil,-lgcc,-lc,--end-group
'Finished building target: aLaw.elf'
' '
'Invoking: ARM v7 Print Size'
arm-none-eabi-size aLaw.elf  |tee "aLaw.elf.size"
   text	   data	    bss	    dec	    hex	filename
 108684	   2624	2237728	2349036	 23d7ec	aLaw.elf
'Finished building: aLaw.elf.size'
' '
21:47:20 **** Auto Build of configuration Debug for project aLaw ****
make pre-build main-build 
a9-linaro-pre-build-step
' '
'Building file: ../src/main.c'
'Invoking: ARM v7 gcc compiler'
arm-none-eabi-gcc -Wall -O0 -g3 -c -fmessage-length=0 -MT"src/main.o" -mcpu=cortex-a9 -mfpu=vfpv3 -mfloat-abi=hard -I../../aLaw_bsp/ps7_cortexa9_0/include -MMD -MP -MF"src/main.d" -MT"src/main.o" -o "src/main.o" "../src/main.c"
../src/main.c: In function 'main':
../src/main.c:301:2: warning: implicit declaration of function 'clock_gettime' [-Wimplicit-function-declaration]
  clock_gettime(CLOCK_MONOTONIC, &start);
  ^~~~~~~~~~~~~
../src/main.c:301:16: error: 'CLOCK_MONOTONIC' undeclared (first use in this function)
  clock_gettime(CLOCK_MONOTONIC, &start);
                ^~~~~~~~~~~~~~~
../src/main.c:301:16: note: each undeclared identifier is reported only once for each function it appears in
../src/main.c:316:33: warning: format '%d' expects argument of type 'int', but argument 3 has type 'uint32_t {aka long unsigned int}' [-Wformat=]
     printf("Input: %d samples, %d bytes of 16-bit PCM data\n", total_samples, wav.data_chunk.chunk_size);
                                 ^
../src/main.c:324:34: warning: format '%d' expects argument of type 'int', but argument 3 has type 'uint32_t {aka long unsigned int}' [-Wformat=]
     printf("Output: %d samples, %d bytes of A-law data\n", total_samples, wav.data_chunk.chunk_size);
                                  ^
../src/main.c:345:5: error: expected ';' before 'return'
     return 0;
     ^~~~~~
make: *** [src/main.o] Error 1
21:47:50 **** Auto Build of configuration Debug for project aLaw ****
make pre-build main-build 
a9-linaro-pre-build-step
' '
'Building file: ../src/main.c'
'Invoking: ARM v7 gcc compiler'
arm-none-eabi-gcc -Wall -O0 -g3 -c -fmessage-length=0 -MT"src/main.o" -mcpu=cortex-a9 -mfpu=vfpv3 -mfloat-abi=hard -I../../aLaw_bsp/ps7_cortexa9_0/include -MMD -MP -MF"src/main.d" -MT"src/main.o" -o "src/main.o" "../src/main.c"
../src/main.c: In function 'main':
../src/main.c:301:2: warning: implicit declaration of function 'clock_gettime' [-Wimplicit-function-declaration]
  clock_gettime(CLOCK_MONOTONIC, &start);
  ^~~~~~~~~~~~~
../src/main.c:301:16: error: 'CLOCK_MONOTONIC' undeclared (first use in this function)
  clock_gettime(CLOCK_MONOTONIC, &start);
                ^~~~~~~~~~~~~~~
../src/main.c:301:16: note: each undeclared identifier is reported only once for each function it appears in
../src/main.c:316:33: warning: format '%d' expects argument of type 'int', but argument 3 has type 'uint32_t {aka long unsigned int}' [-Wformat=]
     printf("Input: %d samples, %d bytes of 16-bit PCM data\n", total_samples, wav.data_chunk.chunk_size);
                                 ^
../src/main.c:324:34: warning: format '%d' expects argument of type 'int', but argument 3 has type 'uint32_t {aka long unsigned int}' [-Wformat=]
     printf("Output: %d samples, %d bytes of A-law data\n", total_samples, wav.data_chunk.chunk_size);
                                  ^
make: *** [src/main.o] Error 1
21:48:47 **** Auto Build of configuration Debug for project aLaw ****
make pre-build main-build 
a9-linaro-pre-build-step
' '
'Building file: ../src/main.c'
'Invoking: ARM v7 gcc compiler'
arm-none-eabi-gcc -Wall -O0 -g3 -c -fmessage-length=0 -MT"src/main.o" -mcpu=cortex-a9 -mfpu=vfpv3 -mfloat-abi=hard -I../../aLaw_bsp/ps7_cortexa9_0/include -MMD -MP -MF"src/main.d" -MT"src/main.o" -o "src/main.o" "../src/main.c"
../src/main.c: In function 'main':
../src/main.c:301:2: warning: implicit declaration of function 'clock_gettime' [-Wimplicit-function-declaration]
  clock_gettime(CLOCK_MONOTONIC, &start);
  ^~~~~~~~~~~~~
../src/main.c:301:16: error: 'CLOCK_MONOTONIC' undeclared (first use in this function)
  clock_gettime(CLOCK_MONOTONIC, &start);
                ^~~~~~~~~~~~~~~
../src/main.c:301:16: note: each undeclared identifier is reported only once for each function it appears in
../src/main.c:316:33: warning: format '%d' expects argument of type 'int', but argument 3 has type 'uint32_t {aka long unsigned int}' [-Wformat=]
     printf("Input: %d samples, %d bytes of 16-bit PCM data\n", total_samples, wav.data_chunk.chunk_size);
                                 ^
../src/main.c:324:34: warning: format '%d' expects argument of type 'int', but argument 3 has type 'uint32_t {aka long unsigned int}' [-Wformat=]
     printf("Output: %d samples, %d bytes of A-law data\n", total_samples, wav.data_chunk.chunk_size);
                                  ^
make: *** [src/main.o] Error 1
21:53:25 **** Auto Build of configuration Debug for project aLaw ****
make pre-build main-build 
a9-linaro-pre-build-step
' '
'Building file: ../src/main.c'
'Invoking: ARM v7 gcc compiler'
arm-none-eabi-gcc -Wall -O0 -g3 -c -fmessage-length=0 -MT"src/main.o" -mcpu=cortex-a9 -mfpu=vfpv3 -mfloat-abi=hard -I../../aLaw_bsp/ps7_cortexa9_0/include -MMD -MP -MF"src/main.d" -MT"src/main.o" -o "src/main.o" "../src/main.c"
In file included from ../src/main.c:5:0:
../../aLaw_bsp/ps7_cortexa9_0/include/profile.h:38:28: fatal error: profile_config.h: No such file or directory
 #include "profile_config.h"
                            ^
compilation terminated.
make: *** [src/main.o] Error 1
21:54:35 **** Auto Build of configuration Debug for project aLaw ****
make pre-build main-build 
a9-linaro-pre-build-step
' '
'Building file: ../src/main.c'
'Invoking: ARM v7 gcc compiler'
arm-none-eabi-gcc -Wall -O0 -g3 -c -fmessage-length=0 -MT"src/main.o" -mcpu=cortex-a9 -mfpu=vfpv3 -mfloat-abi=hard -I../../aLaw_bsp/ps7_cortexa9_0/include -MMD -MP -MF"src/main.d" -MT"src/main.o" -o "src/main.o" "../src/main.c"
../src/main.c: In function 'main':
../src/main.c:301:2: warning: implicit declaration of function 'clock_gettime' [-Wimplicit-function-declaration]
  clock_gettime(CLOCK_MONOTONIC, &start);
  ^~~~~~~~~~~~~
../src/main.c:301:16: error: 'CLOCK_MONOTONIC' undeclared (first use in this function)
  clock_gettime(CLOCK_MONOTONIC, &start);
                ^~~~~~~~~~~~~~~
../src/main.c:301:16: note: each undeclared identifier is reported only once for each function it appears in
../src/main.c:316:33: warning: format '%d' expects argument of type 'int', but argument 3 has type 'uint32_t {aka long unsigned int}' [-Wformat=]
     printf("Input: %d samples, %d bytes of 16-bit PCM data\n", total_samples, wav.data_chunk.chunk_size);
                                 ^
../src/main.c:324:34: warning: format '%d' expects argument of type 'int', but argument 3 has type 'uint32_t {aka long unsigned int}' [-Wformat=]
     printf("Output: %d samples, %d bytes of A-law data\n", total_samples, wav.data_chunk.chunk_size);
                                  ^
make: *** [src/main.o] Error 1
21:54:58 **** Auto Build of configuration Debug for project aLaw ****
make pre-build main-build 
a9-linaro-pre-build-step
' '
'Building file: ../src/main.c'
'Invoking: ARM v7 gcc compiler'
arm-none-eabi-gcc -Wall -O0 -g3 -c -fmessage-length=0 -MT"src/main.o" -mcpu=cortex-a9 -mfpu=vfpv3 -mfloat-abi=hard -I../../aLaw_bsp/ps7_cortexa9_0/include -MMD -MP -MF"src/main.d" -MT"src/main.o" -o "src/main.o" "../src/main.c"
../src/main.c: In function 'main':
../src/main.c:316:33: warning: format '%d' expects argument of type 'int', but argument 3 has type 'uint32_t {aka long unsigned int}' [-Wformat=]
     printf("Input: %d samples, %d bytes of 16-bit PCM data\n", total_samples, wav.data_chunk.chunk_size);
                                 ^
../src/main.c:324:34: warning: format '%d' expects argument of type 'int', but argument 3 has type 'uint32_t {aka long unsigned int}' [-Wformat=]
     printf("Output: %d samples, %d bytes of A-law data\n", total_samples, wav.data_chunk.chunk_size);
                                  ^
../src/main.c:300:25: warning: unused variable 'end' [-Wunused-variable]
  struct timespec start, end;
                         ^~~
../src/main.c:300:18: warning: unused variable 'start' [-Wunused-variable]
  struct timespec start, end;
                  ^~~~~
'Finished building: ../src/main.c'
' '
'Building target: aLaw.elf'
'Invoking: ARM v7 gcc linker'
arm-none-eabi-gcc -mcpu=cortex-a9 -mfpu=vfpv3 -mfloat-abi=hard -Wl,-build-id=none -specs=Xilinx.spec -Wl,-T -Wl,../src/lscript.ld -L../../aLaw_bsp/ps7_cortexa9_0/lib -o "aLaw.elf"  ./src/decoded_lut.o ./src/encoded_lut.o ./src/main.o   -Wl,--start-group,-lxil,-lgcc,-lc,--end-group -Wl,--start-group,-lxilffs,-lxil,-lgcc,-lc,--end-group
'Finished building target: aLaw.elf'
' '
'Invoking: ARM v7 Print Size'
arm-none-eabi-size aLaw.elf  |tee "aLaw.elf.size"
   text	   data	    bss	    dec	    hex	filename
 108684	   2624	2237728	2349036	 23d7ec	aLaw.elf
'Finished building: aLaw.elf.size'
' '
21:55:15 **** Auto Build of configuration Debug for project aLaw ****
make pre-build main-build 
a9-linaro-pre-build-step
' '
'Building file: ../src/main.c'
'Invoking: ARM v7 gcc compiler'
arm-none-eabi-gcc -Wall -O0 -g3 -c -fmessage-length=0 -MT"src/main.o" -mcpu=cortex-a9 -mfpu=vfpv3 -mfloat-abi=hard -I../../aLaw_bsp/ps7_cortexa9_0/include -MMD -MP -MF"src/main.d" -MT"src/main.o" -o "src/main.o" "../src/main.c"
In file included from ../src/main.c:5:0:
../../aLaw_bsp/ps7_cortexa9_0/include/profile.h:38:28: fatal error: profile_config.h: No such file or directory
 #include "profile_config.h"
                            ^
compilation terminated.
make: *** [src/main.o] Error 1
21:55:26 **** Auto Build of configuration Debug for project aLaw ****
make pre-build main-build 
a9-linaro-pre-build-step
' '
'Building file: ../src/main.c'
'Invoking: ARM v7 gcc compiler'
arm-none-eabi-gcc -Wall -O0 -g3 -c -fmessage-length=0 -MT"src/main.o" -mcpu=cortex-a9 -mfpu=vfpv3 -mfloat-abi=hard -I../../aLaw_bsp/ps7_cortexa9_0/include -MMD -MP -MF"src/main.d" -MT"src/main.o" -o "src/main.o" "../src/main.c"
../src/main.c: In function 'main':
../src/main.c:316:33: warning: format '%d' expects argument of type 'int', but argument 3 has type 'uint32_t {aka long unsigned int}' [-Wformat=]
     printf("Input: %d samples, %d bytes of 16-bit PCM data\n", total_samples, wav.data_chunk.chunk_size);
                                 ^
../src/main.c:324:34: warning: format '%d' expects argument of type 'int', but argument 3 has type 'uint32_t {aka long unsigned int}' [-Wformat=]
     printf("Output: %d samples, %d bytes of A-law data\n", total_samples, wav.data_chunk.chunk_size);
                                  ^
../src/main.c:300:25: warning: unused variable 'end' [-Wunused-variable]
  struct timespec start, end;
                         ^~~
../src/main.c:300:18: warning: unused variable 'start' [-Wunused-variable]
  struct timespec start, end;
                  ^~~~~
'Finished building: ../src/main.c'
' '
'Building target: aLaw.elf'
'Invoking: ARM v7 gcc linker'
arm-none-eabi-gcc -mcpu=cortex-a9 -mfpu=vfpv3 -mfloat-abi=hard -Wl,-build-id=none -specs=Xilinx.spec -Wl,-T -Wl,../src/lscript.ld -L../../aLaw_bsp/ps7_cortexa9_0/lib -o "aLaw.elf"  ./src/decoded_lut.o ./src/encoded_lut.o ./src/main.o   -Wl,--start-group,-lxil,-lgcc,-lc,--end-group -Wl,--start-group,-lxilffs,-lxil,-lgcc,-lc,--end-group
'Finished building target: aLaw.elf'
' '
'Invoking: ARM v7 Print Size'
arm-none-eabi-size aLaw.elf  |tee "aLaw.elf.size"
   text	   data	    bss	    dec	    hex	filename
 108684	   2624	2237728	2349036	 23d7ec	aLaw.elf
'Finished building: aLaw.elf.size'
' '
21:56:45 **** Auto Build of configuration Debug for project aLaw ****
make pre-build main-build 
a9-linaro-pre-build-step
' '
'Building file: ../src/main.c'
'Invoking: ARM v7 gcc compiler'
arm-none-eabi-gcc -Wall -O0 -g3 -c -fmessage-length=0 -MT"src/main.o" -mcpu=cortex-a9 -mfpu=vfpv3 -mfloat-abi=hard -I../../aLaw_bsp/ps7_cortexa9_0/include -MMD -MP -MF"src/main.d" -MT"src/main.o" -o "src/main.o" "../src/main.c"
../src/main.c: In function 'main':
../src/main.c:316:33: warning: format '%d' expects argument of type 'int', but argument 3 has type 'uint32_t {aka long unsigned int}' [-Wformat=]
     printf("Input: %d samples, %d bytes of 16-bit PCM data\n", total_samples, wav.data_chunk.chunk_size);
                                 ^
../src/main.c:324:34: warning: format '%d' expects argument of type 'int', but argument 3 has type 'uint32_t {aka long unsigned int}' [-Wformat=]
     printf("Output: %d samples, %d bytes of A-law data\n", total_samples, wav.data_chunk.chunk_size);
                                  ^
../src/main.c:300:25: warning: unused variable 'end' [-Wunused-variable]
  struct timespec start, end;
                         ^~~
../src/main.c:300:18: warning: unused variable 'start' [-Wunused-variable]
  struct timespec start, end;
                  ^~~~~
'Finished building: ../src/main.c'
' '
'Building target: aLaw.elf'
'Invoking: ARM v7 gcc linker'
arm-none-eabi-gcc -mcpu=cortex-a9 -mfpu=vfpv3 -mfloat-abi=hard -Wl,-build-id=none -specs=Xilinx.spec -Wl,-T -Wl,../src/lscript.ld -L../../aLaw_bsp/ps7_cortexa9_0/lib -o "aLaw.elf"  ./src/decoded_lut.o ./src/encoded_lut.o ./src/main.o   -Wl,--start-group,-lxil,-lgcc,-lc,--end-group -Wl,--start-group,-lxilffs,-lxil,-lgcc,-lc,--end-group
'Finished building target: aLaw.elf'
' '
'Invoking: ARM v7 Print Size'
arm-none-eabi-size aLaw.elf  |tee "aLaw.elf.size"
   text	   data	    bss	    dec	    hex	filename
 108684	   2624	2237728	2349036	 23d7ec	aLaw.elf
'Finished building: aLaw.elf.size'
' '
21:58:35 **** Auto Build of configuration Debug for project aLaw ****
make pre-build main-build 
a9-linaro-pre-build-step
' '
'Building file: ../src/main.c'
'Invoking: ARM v7 gcc compiler'
arm-none-eabi-gcc -Wall -O0 -g3 -c -fmessage-length=0 -MT"src/main.o" -mcpu=cortex-a9 -mfpu=vfpv3 -mfloat-abi=hard -I../../aLaw_bsp/ps7_cortexa9_0/include -MMD -MP -MF"src/main.d" -MT"src/main.o" -o "src/main.o" "../src/main.c"
../src/main.c: In function 'main':
../src/main.c:317:33: warning: format '%d' expects argument of type 'int', but argument 3 has type 'uint32_t {aka long unsigned int}' [-Wformat=]
     printf("Input: %d samples, %d bytes of 16-bit PCM data\n", total_samples, wav.data_chunk.chunk_size);
                                 ^
../src/main.c:325:34: warning: format '%d' expects argument of type 'int', but argument 3 has type 'uint32_t {aka long unsigned int}' [-Wformat=]
     printf("Output: %d samples, %d bytes of A-law data\n", total_samples, wav.data_chunk.chunk_size);
                                  ^
'Finished building: ../src/main.c'
' '
'Building target: aLaw.elf'
'Invoking: ARM v7 gcc linker'
arm-none-eabi-gcc -mcpu=cortex-a9 -mfpu=vfpv3 -mfloat-abi=hard -Wl,-build-id=none -specs=Xilinx.spec -Wl,-T -Wl,../src/lscript.ld -L../../aLaw_bsp/ps7_cortexa9_0/lib -o "aLaw.elf"  ./src/decoded_lut.o ./src/encoded_lut.o ./src/main.o   -Wl,--start-group,-lxil,-lgcc,-lc,--end-group -Wl,--start-group,-lxilffs,-lxil,-lgcc,-lc,--end-group
'Finished building target: aLaw.elf'
' '
'Invoking: ARM v7 Print Size'
arm-none-eabi-size aLaw.elf  |tee "aLaw.elf.size"
   text	   data	    bss	    dec	    hex	filename
 109796	   2624	2237728	2350148	 23dc44	aLaw.elf
'Finished building: aLaw.elf.size'
' '
21:58:45 **** Incremental Build of configuration Debug for project aLaw ****
make pre-build main-build 
a9-linaro-pre-build-step
' '
make: Nothing to be done for `main-build'.
22:00:03 **** Incremental Build of configuration Debug for project aLaw ****
make pre-build main-build 
a9-linaro-pre-build-step
' '
make: Nothing to be done for `main-build'.
22:01:30 **** Incremental Build of configuration Debug for project aLaw ****
make pre-build main-build 
a9-linaro-pre-build-step
' '
make: Nothing to be done for `main-build'.
22:02:51 **** Incremental Build of configuration Debug for project aLaw ****
make pre-build main-build 
a9-linaro-pre-build-step
' '
make: Nothing to be done for `main-build'.
22:04:34 **** Auto Build of configuration Debug for project aLaw ****
make pre-build main-build 
a9-linaro-pre-build-step
' '
'Building file: ../src/main.c'
'Invoking: ARM v7 gcc compiler'
arm-none-eabi-gcc -Wall -O0 -g3 -c -fmessage-length=0 -MT"src/main.o" -mcpu=cortex-a9 -mfpu=vfpv3 -mfloat-abi=hard -I../../aLaw_bsp/ps7_cortexa9_0/include -MMD -MP -MF"src/main.d" -MT"src/main.o" -o "src/main.o" "../src/main.c"
../src/main.c: In function 'main':
../src/main.c:317:33: warning: format '%d' expects argument of type 'int', but argument 3 has type 'uint32_t {aka long unsigned int}' [-Wformat=]
     printf("Input: %d samples, %d bytes of 16-bit PCM data\n", total_samples, wav.data_chunk.chunk_size);
                                 ^
../src/main.c:325:34: warning: format '%d' expects argument of type 'int', but argument 3 has type 'uint32_t {aka long unsigned int}' [-Wformat=]
     printf("Output: %d samples, %d bytes of A-law data\n", total_samples, wav.data_chunk.chunk_size);
                                  ^
'Finished building: ../src/main.c'
' '
'Building target: aLaw.elf'
'Invoking: ARM v7 gcc linker'
arm-none-eabi-gcc -mcpu=cortex-a9 -mfpu=vfpv3 -mfloat-abi=hard -Wl,-build-id=none -specs=Xilinx.spec -Wl,-T -Wl,../src/lscript.ld -L../../aLaw_bsp/ps7_cortexa9_0/lib -o "aLaw.elf"  ./src/decoded_lut.o ./src/encoded_lut.o ./src/main.o   -Wl,--start-group,-lxil,-lgcc,-lc,--end-group -Wl,--start-group,-lxilffs,-lxil,-lgcc,-lc,--end-group
'Finished building target: aLaw.elf'
' '
'Invoking: ARM v7 Print Size'
arm-none-eabi-size aLaw.elf  |tee "aLaw.elf.size"
   text	   data	    bss	    dec	    hex	filename
 109876	   2624	2237728	2350228	 23dc94	aLaw.elf
'Finished building: aLaw.elf.size'
' '
22:04:39 **** Incremental Build of configuration Debug for project aLaw ****
make pre-build main-build 
a9-linaro-pre-build-step
' '
make: Nothing to be done for `main-build'.
22:08:12 **** Auto Build of configuration Debug for project aLaw ****
make pre-build main-build 
a9-linaro-pre-build-step
' '
'Building file: ../src/main.c'
'Invoking: ARM v7 gcc compiler'
arm-none-eabi-gcc -Wall -O0 -g3 -c -fmessage-length=0 -MT"src/main.o" -mcpu=cortex-a9 -mfpu=vfpv3 -mfloat-abi=hard -I../../aLaw_bsp/ps7_cortexa9_0/include -MMD -MP -MF"src/main.d" -MT"src/main.o" -o "src/main.o" "../src/main.c"
../src/main.c: In function 'main':
../src/main.c:317:33: warning: format '%d' expects argument of type 'int', but argument 3 has type 'uint32_t {aka long unsigned int}' [-Wformat=]
     printf("Input: %d samples, %d bytes of 16-bit PCM data\n", total_samples, wav.data_chunk.chunk_size);
                                 ^
../src/main.c:325:34: warning: format '%d' expects argument of type 'int', but argument 3 has type 'uint32_t {aka long unsigned int}' [-Wformat=]
     printf("Output: %d samples, %d bytes of A-law data\n", total_samples, wav.data_chunk.chunk_size);
                                  ^
'Finished building: ../src/main.c'
' '
'Building target: aLaw.elf'
'Invoking: ARM v7 gcc linker'
arm-none-eabi-gcc -mcpu=cortex-a9 -mfpu=vfpv3 -mfloat-abi=hard -Wl,-build-id=none -specs=Xilinx.spec -Wl,-T -Wl,../src/lscript.ld -L../../aLaw_bsp/ps7_cortexa9_0/lib -o "aLaw.elf"  ./src/decoded_lut.o ./src/encoded_lut.o ./src/main.o   -Wl,--start-group,-lxil,-lgcc,-lc,--end-group -Wl,--start-group,-lxilffs,-lxil,-lgcc,-lc,--end-group
'Finished building target: aLaw.elf'
' '
'Invoking: ARM v7 Print Size'
arm-none-eabi-size aLaw.elf  |tee "aLaw.elf.size"
   text	   data	    bss	    dec	    hex	filename
 109004	   2624	2237728	2349356	 23d92c	aLaw.elf
'Finished building: aLaw.elf.size'
' '
22:08:15 **** Incremental Build of configuration Debug for project aLaw ****
make pre-build main-build 
a9-linaro-pre-build-step
' '
make: Nothing to be done for `main-build'.
22:09:15 **** Auto Build of configuration Debug for project aLaw ****
make pre-build main-build 
a9-linaro-pre-build-step
' '
'Building file: ../src/main.c'
'Invoking: ARM v7 gcc compiler'
arm-none-eabi-gcc -Wall -O0 -g3 -c -fmessage-length=0 -MT"src/main.o" -mcpu=cortex-a9 -mfpu=vfpv3 -mfloat-abi=hard -I../../aLaw_bsp/ps7_cortexa9_0/include -MMD -MP -MF"src/main.d" -MT"src/main.o" -o "src/main.o" "../src/main.c"
../src/main.c: In function 'main':
../src/main.c:319:33: warning: format '%d' expects argument of type 'int', but argument 3 has type 'uint32_t {aka long unsigned int}' [-Wformat=]
     printf("Input: %d samples, %d bytes of 16-bit PCM data\n", total_samples, wav.data_chunk.chunk_size);
                                 ^
../src/main.c:327:34: warning: format '%d' expects argument of type 'int', but argument 3 has type 'uint32_t {aka long unsigned int}' [-Wformat=]
     printf("Output: %d samples, %d bytes of A-law data\n", total_samples, wav.data_chunk.chunk_size);
                                  ^
'Finished building: ../src/main.c'
' '
'Building target: aLaw.elf'
'Invoking: ARM v7 gcc linker'
arm-none-eabi-gcc -mcpu=cortex-a9 -mfpu=vfpv3 -mfloat-abi=hard -Wl,-build-id=none -specs=Xilinx.spec -Wl,-T -Wl,../src/lscript.ld -L../../aLaw_bsp/ps7_cortexa9_0/lib -o "aLaw.elf"  ./src/decoded_lut.o ./src/encoded_lut.o ./src/main.o   -Wl,--start-group,-lxil,-lgcc,-lc,--end-group -Wl,--start-group,-lxilffs,-lxil,-lgcc,-lc,--end-group
'Finished building target: aLaw.elf'
' '
'Invoking: ARM v7 Print Size'
arm-none-eabi-size aLaw.elf  |tee "aLaw.elf.size"
   text	   data	    bss	    dec	    hex	filename
 109004	   2624	2237728	2349356	 23d92c	aLaw.elf
'Finished building: aLaw.elf.size'
' '
22:09:18 **** Incremental Build of configuration Debug for project aLaw ****
make pre-build main-build 
a9-linaro-pre-build-step
' '
make: Nothing to be done for `main-build'.
22:10:18 **** Incremental Build of configuration Debug for project aLaw ****
make pre-build main-build 
a9-linaro-pre-build-step
' '
make: Nothing to be done for `main-build'.
22:11:53 **** Auto Build of configuration Debug for project aLaw ****
make pre-build main-build 
a9-linaro-pre-build-step
' '
'Building file: ../src/main.c'
'Invoking: ARM v7 gcc compiler'
arm-none-eabi-gcc -Wall -O0 -g3 -c -fmessage-length=0 -MT"src/main.o" -mcpu=cortex-a9 -mfpu=vfpv3 -mfloat-abi=hard -I../../aLaw_bsp/ps7_cortexa9_0/include -MMD -MP -MF"src/main.d" -MT"src/main.o" -o "src/main.o" "../src/main.c"
../src/main.c: In function 'main':
../src/main.c:317:33: warning: format '%d' expects argument of type 'int', but argument 3 has type 'uint32_t {aka long unsigned int}' [-Wformat=]
     printf("Input: %d samples, %d bytes of 16-bit PCM data\n", total_samples, wav.data_chunk.chunk_size);
                                 ^
../src/main.c:325:34: warning: format '%d' expects argument of type 'int', but argument 3 has type 'uint32_t {aka long unsigned int}' [-Wformat=]
     printf("Output: %d samples, %d bytes of A-law data\n", total_samples, wav.data_chunk.chunk_size);
                                  ^
'Finished building: ../src/main.c'
' '
'Building target: aLaw.elf'
'Invoking: ARM v7 gcc linker'
arm-none-eabi-gcc -mcpu=cortex-a9 -mfpu=vfpv3 -mfloat-abi=hard -Wl,-build-id=none -specs=Xilinx.spec -Wl,-T -Wl,../src/lscript.ld -L../../aLaw_bsp/ps7_cortexa9_0/lib -o "aLaw.elf"  ./src/decoded_lut.o ./src/encoded_lut.o ./src/main.o   -Wl,--start-group,-lxil,-lgcc,-lc,--end-group -Wl,--start-group,-lxilffs,-lxil,-lgcc,-lc,--end-group
'Finished building target: aLaw.elf'
' '
'Invoking: ARM v7 Print Size'
arm-none-eabi-size aLaw.elf  |tee "aLaw.elf.size"
   text	   data	    bss	    dec	    hex	filename
 109012	   2624	2237728	2349364	 23d934	aLaw.elf
'Finished building: aLaw.elf.size'
' '
22:11:55 **** Incremental Build of configuration Debug for project aLaw ****
make pre-build main-build 
a9-linaro-pre-build-step
' '
make: Nothing to be done for `main-build'.
22:12:20 **** Incremental Build of configuration Debug for project aLaw ****
make pre-build main-build 
a9-linaro-pre-build-step
' '
make: Nothing to be done for `main-build'.
22:14:46 **** Auto Build of configuration Debug for project aLaw ****
make pre-build main-build 
a9-linaro-pre-build-step
' '
'Building file: ../src/main.c'
'Invoking: ARM v7 gcc compiler'
arm-none-eabi-gcc -Wall -O0 -g3 -c -fmessage-length=0 -MT"src/main.o" -mcpu=cortex-a9 -mfpu=vfpv3 -mfloat-abi=hard -I../../aLaw_bsp/ps7_cortexa9_0/include -MMD -MP -MF"src/main.d" -MT"src/main.o" -o "src/main.o" "../src/main.c"
../src/main.c: In function 'main':
../src/main.c:319:33: warning: format '%d' expects argument of type 'int', but argument 3 has type 'uint32_t {aka long unsigned int}' [-Wformat=]
     printf("Input: %d samples, %d bytes of 16-bit PCM data\n", total_samples, wav.data_chunk.chunk_size);
                                 ^
../src/main.c:330:34: warning: format '%d' expects argument of type 'int', but argument 3 has type 'uint32_t {aka long unsigned int}' [-Wformat=]
     printf("Output: %d samples, %d bytes of A-law data\n", total_samples, wav.data_chunk.chunk_size);
                                  ^
'Finished building: ../src/main.c'
' '
'Building target: aLaw.elf'
'Invoking: ARM v7 gcc linker'
arm-none-eabi-gcc -mcpu=cortex-a9 -mfpu=vfpv3 -mfloat-abi=hard -Wl,-build-id=none -specs=Xilinx.spec -Wl,-T -Wl,../src/lscript.ld -L../../aLaw_bsp/ps7_cortexa9_0/lib -o "aLaw.elf"  ./src/decoded_lut.o ./src/encoded_lut.o ./src/main.o   -Wl,--start-group,-lxil,-lgcc,-lc,--end-group -Wl,--start-group,-lxilffs,-lxil,-lgcc,-lc,--end-group
'Finished building target: aLaw.elf'
' '
'Invoking: ARM v7 Print Size'
arm-none-eabi-size aLaw.elf  |tee "aLaw.elf.size"
   text	   data	    bss	    dec	    hex	filename
 109012	   2624	2237728	2349364	 23d934	aLaw.elf
'Finished building: aLaw.elf.size'
' '
22:14:58 **** Incremental Build of configuration Debug for project aLaw ****
make pre-build main-build 
a9-linaro-pre-build-step
' '
make: Nothing to be done for `main-build'.
22:15:52 **** Auto Build of configuration Debug for project aLaw ****
make pre-build main-build 
a9-linaro-pre-build-step
' '
'Building file: ../src/main.c'
'Invoking: ARM v7 gcc compiler'
arm-none-eabi-gcc -Wall -O0 -g3 -c -fmessage-length=0 -MT"src/main.o" -mcpu=cortex-a9 -mfpu=vfpv3 -mfloat-abi=hard -I../../aLaw_bsp/ps7_cortexa9_0/include -MMD -MP -MF"src/main.d" -MT"src/main.o" -o "src/main.o" "../src/main.c"
../src/main.c: In function 'main':
../src/main.c:316:33: warning: format '%d' expects argument of type 'int', but argument 3 has type 'uint32_t {aka long unsigned int}' [-Wformat=]
     printf("Input: %d samples, %d bytes of 16-bit PCM data\n", total_samples, wav.data_chunk.chunk_size);
                                 ^
../src/main.c:324:34: warning: format '%d' expects argument of type 'int', but argument 3 has type 'uint32_t {aka long unsigned int}' [-Wformat=]
     printf("Output: %d samples, %d bytes of A-law data\n", total_samples, wav.data_chunk.chunk_size);
                                  ^
'Finished building: ../src/main.c'
' '
'Building target: aLaw.elf'
'Invoking: ARM v7 gcc linker'
arm-none-eabi-gcc -mcpu=cortex-a9 -mfpu=vfpv3 -mfloat-abi=hard -Wl,-build-id=none -specs=Xilinx.spec -Wl,-T -Wl,../src/lscript.ld -L../../aLaw_bsp/ps7_cortexa9_0/lib -o "aLaw.elf"  ./src/decoded_lut.o ./src/encoded_lut.o ./src/main.o   -Wl,--start-group,-lxil,-lgcc,-lc,--end-group -Wl,--start-group,-lxilffs,-lxil,-lgcc,-lc,--end-group
'Finished building target: aLaw.elf'
' '
'Invoking: ARM v7 Print Size'
arm-none-eabi-size aLaw.elf  |tee "aLaw.elf.size"
   text	   data	    bss	    dec	    hex	filename
 109012	   2624	2237728	2349364	 23d934	aLaw.elf
'Finished building: aLaw.elf.size'
' '
22:16:44 **** Auto Build of configuration Debug for project aLaw ****
make pre-build main-build 
a9-linaro-pre-build-step
' '
'Building file: ../src/main.c'
'Invoking: ARM v7 gcc compiler'
arm-none-eabi-gcc -Wall -O0 -g3 -c -fmessage-length=0 -MT"src/main.o" -mcpu=cortex-a9 -mfpu=vfpv3 -mfloat-abi=hard -I../../aLaw_bsp/ps7_cortexa9_0/include -MMD -MP -MF"src/main.d" -MT"src/main.o" -o "src/main.o" "../src/main.c"
../src/main.c: In function 'main':
../src/main.c:318:33: warning: format '%d' expects argument of type 'int', but argument 3 has type 'uint32_t {aka long unsigned int}' [-Wformat=]
     printf("Input: %d samples, %d bytes of 16-bit PCM data\n", total_samples, wav.data_chunk.chunk_size);
                                 ^
../src/main.c:329:34: warning: format '%d' expects argument of type 'int', but argument 3 has type 'uint32_t {aka long unsigned int}' [-Wformat=]
     printf("Output: %d samples, %d bytes of A-law data\n", total_samples, wav.data_chunk.chunk_size);
                                  ^
'Finished building: ../src/main.c'
' '
'Building target: aLaw.elf'
'Invoking: ARM v7 gcc linker'
arm-none-eabi-gcc -mcpu=cortex-a9 -mfpu=vfpv3 -mfloat-abi=hard -Wl,-build-id=none -specs=Xilinx.spec -Wl,-T -Wl,../src/lscript.ld -L../../aLaw_bsp/ps7_cortexa9_0/lib -o "aLaw.elf"  ./src/decoded_lut.o ./src/encoded_lut.o ./src/main.o   -Wl,--start-group,-lxil,-lgcc,-lc,--end-group -Wl,--start-group,-lxilffs,-lxil,-lgcc,-lc,--end-group
'Finished building target: aLaw.elf'
' '
'Invoking: ARM v7 Print Size'
arm-none-eabi-size aLaw.elf  |tee "aLaw.elf.size"
   text	   data	    bss	    dec	    hex	filename
 108996	   2624	2237728	2349348	 23d924	aLaw.elf
'Finished building: aLaw.elf.size'
' '
22:16:47 **** Incremental Build of configuration Debug for project aLaw ****
make pre-build main-build 
a9-linaro-pre-build-step
' '
make: Nothing to be done for `main-build'.
22:17:48 **** Incremental Build of configuration Debug for project aLaw ****
make pre-build main-build 
a9-linaro-pre-build-step
' '
make: Nothing to be done for `main-build'.
22:18:14 **** Incremental Build of configuration Debug for project aLaw ****
make pre-build main-build 
a9-linaro-pre-build-step
' '
make: Nothing to be done for `main-build'.
