13:39:17 INFO  : Registering command handlers for SDK TCF services
13:39:17 INFO  : Launching XSCT server: xsct.bat -interactive G:\440_w_board_files\440_w_board_files.sdk\temp_xsdb_launch_script.tcl
13:39:19 INFO  : XSCT server has started successfully.
13:39:19 INFO  : Successfully done setting XSCT server connection channel  
13:39:19 INFO  : Successfully done setting SDK workspace  
13:39:19 INFO  : Processing command line option -hwspec G:/440_w_board_files/440_w_board_files.sdk/design_1_wrapper.hdf.
13:40:56 INFO  : Refreshed build settings on project aLaw
13:43:31 INFO  : Inferring section assignments and sizes from elf file: G:\440_w_board_files\440_w_board_files.sdk\aLaw\Debug\aLaw.elf
13:43:39 INFO  : Successfully generated G:\440_w_board_files\440_w_board_files.sdk\aLaw\src\lscript.ld.
13:43:39 INFO  : Applying linker script to all configurations of project aLaw.
13:43:39 INFO  : Setting rebuild state to true for all configurations of project aLaw.
13:44:29 INFO  : 'targets -set -filter {jtag_cable_name =~ "Digilent Cora Z7 - 7007S 210370BD769BA" && level==0} -index 1' command is executed.
13:44:29 INFO  : 'fpga -state' command is executed.
13:44:29 INFO  : Connected to target on host '127.0.0.1' and port '3121'.
13:44:29 INFO  : Jtag cable 'Digilent Cora Z7 - 7007S 210370BD769BA' is selected.
13:44:29 INFO  : 'jtag frequency' command is executed.
13:44:29 INFO  : Sourcing of 'G:/440_w_board_files/440_w_board_files.sdk/design_1_wrapper_hw_platform_0/ps7_init.tcl' is done.
13:44:32 ERROR : no targets found with "name =~"APU*" && jtag_cable_name =~ "Digilent Cora Z7 - 7007S 210370BD769BA"". available targets:
  1  DAP (JTAG port open error. AP transaction error, DAP status 30000021)
  2* xc7z007s
13:44:32 INFO  : ----------------XSDB Script----------------
connect -url tcp:127.0.0.1:3121
source G:/440_w_board_files/440_w_board_files.sdk/design_1_wrapper_hw_platform_0/ps7_init.tcl
targets -set -nocase -filter {name =~"APU*" && jtag_cable_name =~ "Digilent Cora Z7 - 7007S 210370BD769BA"} -index 0
----------------End of Script----------------

13:44:52 INFO  : 'targets -set -filter {jtag_cable_name =~ "Digilent Cora Z7 - 7007S 210370BD769BA" && level==0} -index 1' command is executed.
13:44:52 INFO  : 'fpga -state' command is executed.
13:44:52 INFO  : Connected to target on host '127.0.0.1' and port '3121'.
13:44:52 INFO  : Jtag cable 'Digilent Cora Z7 - 7007S 210370BD769BA' is selected.
13:44:52 INFO  : 'jtag frequency' command is executed.
13:44:52 INFO  : Sourcing of 'G:/440_w_board_files/440_w_board_files.sdk/design_1_wrapper_hw_platform_0/ps7_init.tcl' is done.
13:44:52 INFO  : Context for 'APU' is selected.
13:44:52 INFO  : Hardware design information is loaded from 'G:/440_w_board_files/440_w_board_files.sdk/design_1_wrapper_hw_platform_0/system.hdf'.
13:44:52 INFO  : 'configparams force-mem-access 1' command is executed.
13:44:52 INFO  : Context for 'APU' is selected.
13:44:52 INFO  : 'stop' command is executed.
13:44:53 INFO  : 'ps7_init' command is executed.
13:44:53 INFO  : 'ps7_post_config' command is executed.
13:44:53 INFO  : Context for processor 'ps7_cortexa9_0' is selected.
13:44:53 INFO  : Processor reset is completed for 'ps7_cortexa9_0'.
13:44:53 INFO  : Context for processor 'ps7_cortexa9_0' is selected.
13:44:55 INFO  : The application 'G:/440_w_board_files/440_w_board_files.sdk/aLaw/Debug/aLaw.elf' is downloaded to processor 'ps7_cortexa9_0'.
13:44:55 INFO  : 'configparams force-mem-access 0' command is executed.
13:44:55 INFO  : ----------------XSDB Script----------------
connect -url tcp:127.0.0.1:3121
source G:/440_w_board_files/440_w_board_files.sdk/design_1_wrapper_hw_platform_0/ps7_init.tcl
targets -set -nocase -filter {name =~"APU*" && jtag_cable_name =~ "Digilent Cora Z7 - 7007S 210370BD769BA"} -index 0
loadhw -hw G:/440_w_board_files/440_w_board_files.sdk/design_1_wrapper_hw_platform_0/system.hdf -mem-ranges [list {0x40000000 0xbfffffff}]
configparams force-mem-access 1
targets -set -nocase -filter {name =~"APU*" && jtag_cable_name =~ "Digilent Cora Z7 - 7007S 210370BD769BA"} -index 0
stop
ps7_init
ps7_post_config
targets -set -nocase -filter {name =~ "ARM*#0" && jtag_cable_name =~ "Digilent Cora Z7 - 7007S 210370BD769BA"} -index 0
rst -processor
targets -set -nocase -filter {name =~ "ARM*#0" && jtag_cable_name =~ "Digilent Cora Z7 - 7007S 210370BD769BA"} -index 0
dow G:/440_w_board_files/440_w_board_files.sdk/aLaw/Debug/aLaw.elf
configparams force-mem-access 0
----------------End of Script----------------

13:44:55 INFO  : Memory regions updated for context APU
13:44:55 INFO  : Context for processor 'ps7_cortexa9_0' is selected.
13:44:55 INFO  : 'con' command is executed.
13:44:55 INFO  : ----------------XSDB Script (After Launch)----------------
targets -set -nocase -filter {name =~ "ARM*#0" && jtag_cable_name =~ "Digilent Cora Z7 - 7007S 210370BD769BA"} -index 0
con
----------------End of Script----------------

13:44:55 INFO  : Launch script is exported to file 'G:\440_w_board_files\440_w_board_files.sdk\.sdk\launch_scripts\xilinx_c-c++_application_(system_debugger)\system_debugger_using_debug_alaw.elf_on_local.tcl'
13:45:47 INFO  : Disconnected from the channel tcfchan#1.
13:45:48 INFO  : 'targets -set -filter {jtag_cable_name =~ "Digilent Cora Z7 - 7007S 210370BD769BA" && level==0} -index 1' command is executed.
13:45:48 INFO  : 'fpga -state' command is executed.
13:45:48 INFO  : Connected to target on host '127.0.0.1' and port '3121'.
13:45:49 INFO  : Jtag cable 'Digilent Cora Z7 - 7007S 210370BD769BA' is selected.
13:45:49 INFO  : 'jtag frequency' command is executed.
13:45:49 INFO  : Sourcing of 'G:/440_w_board_files/440_w_board_files.sdk/design_1_wrapper_hw_platform_0/ps7_init.tcl' is done.
13:45:49 INFO  : Context for 'APU' is selected.
13:45:50 INFO  : Hardware design information is loaded from 'G:/440_w_board_files/440_w_board_files.sdk/design_1_wrapper_hw_platform_0/system.hdf'.
13:45:50 INFO  : 'configparams force-mem-access 1' command is executed.
13:45:50 INFO  : Context for 'APU' is selected.
13:45:50 INFO  : 'stop' command is executed.
13:45:50 INFO  : 'ps7_init' command is executed.
13:45:50 INFO  : 'ps7_post_config' command is executed.
13:45:50 INFO  : Context for processor 'ps7_cortexa9_0' is selected.
13:45:50 INFO  : Processor reset is completed for 'ps7_cortexa9_0'.
13:45:50 INFO  : Context for processor 'ps7_cortexa9_0' is selected.
13:45:52 INFO  : The application 'G:/440_w_board_files/440_w_board_files.sdk/aLaw/Debug/aLaw.elf' is downloaded to processor 'ps7_cortexa9_0'.
13:45:52 INFO  : 'configparams force-mem-access 0' command is executed.
13:45:52 INFO  : ----------------XSDB Script----------------
connect -url tcp:127.0.0.1:3121
source G:/440_w_board_files/440_w_board_files.sdk/design_1_wrapper_hw_platform_0/ps7_init.tcl
targets -set -nocase -filter {name =~"APU*" && jtag_cable_name =~ "Digilent Cora Z7 - 7007S 210370BD769BA"} -index 0
loadhw -hw G:/440_w_board_files/440_w_board_files.sdk/design_1_wrapper_hw_platform_0/system.hdf -mem-ranges [list {0x40000000 0xbfffffff}]
configparams force-mem-access 1
targets -set -nocase -filter {name =~"APU*" && jtag_cable_name =~ "Digilent Cora Z7 - 7007S 210370BD769BA"} -index 0
stop
ps7_init
ps7_post_config
targets -set -nocase -filter {name =~ "ARM*#0" && jtag_cable_name =~ "Digilent Cora Z7 - 7007S 210370BD769BA"} -index 0
rst -processor
targets -set -nocase -filter {name =~ "ARM*#0" && jtag_cable_name =~ "Digilent Cora Z7 - 7007S 210370BD769BA"} -index 0
dow G:/440_w_board_files/440_w_board_files.sdk/aLaw/Debug/aLaw.elf
configparams force-mem-access 0
----------------End of Script----------------

13:45:52 INFO  : Memory regions updated for context APU
13:45:52 INFO  : Context for processor 'ps7_cortexa9_0' is selected.
13:45:52 INFO  : 'con' command is executed.
13:45:52 INFO  : ----------------XSDB Script (After Launch)----------------
targets -set -nocase -filter {name =~ "ARM*#0" && jtag_cable_name =~ "Digilent Cora Z7 - 7007S 210370BD769BA"} -index 0
con
----------------End of Script----------------

13:45:52 INFO  : Launch script is exported to file 'G:\440_w_board_files\440_w_board_files.sdk\.sdk\launch_scripts\xilinx_c-c++_application_(system_debugger)\system_debugger_using_debug_alaw.elf_on_local.tcl'
15:25:32 INFO  : Disconnected from the channel tcfchan#2.
15:25:33 INFO  : 'targets -set -filter {jtag_cable_name =~ "Digilent Cora Z7 - 7007S 210370BD769BA" && level==0} -index 1' command is executed.
15:25:33 INFO  : 'fpga -state' command is executed.
15:25:33 INFO  : Connected to target on host '127.0.0.1' and port '3121'.
15:25:33 INFO  : Jtag cable 'Digilent Cora Z7 - 7007S 210370BD769BA' is selected.
15:25:33 INFO  : 'jtag frequency' command is executed.
15:25:33 INFO  : Sourcing of 'G:/440_w_board_files/440_w_board_files.sdk/design_1_wrapper_hw_platform_0/ps7_init.tcl' is done.
15:25:33 INFO  : Context for 'APU' is selected.
15:25:34 INFO  : Hardware design information is loaded from 'G:/440_w_board_files/440_w_board_files.sdk/design_1_wrapper_hw_platform_0/system.hdf'.
15:25:34 INFO  : 'configparams force-mem-access 1' command is executed.
15:25:34 INFO  : Context for 'APU' is selected.
15:25:34 INFO  : 'stop' command is executed.
15:25:35 INFO  : 'ps7_init' command is executed.
15:25:35 INFO  : 'ps7_post_config' command is executed.
15:25:35 INFO  : Context for processor 'ps7_cortexa9_0' is selected.
15:25:35 INFO  : Processor reset is completed for 'ps7_cortexa9_0'.
15:25:35 INFO  : Context for processor 'ps7_cortexa9_0' is selected.
15:25:37 INFO  : The application 'G:/440_w_board_files/440_w_board_files.sdk/aLaw/Debug/aLaw.elf' is downloaded to processor 'ps7_cortexa9_0'.
15:25:37 INFO  : 'configparams force-mem-access 0' command is executed.
15:25:37 INFO  : ----------------XSDB Script----------------
connect -url tcp:127.0.0.1:3121
source G:/440_w_board_files/440_w_board_files.sdk/design_1_wrapper_hw_platform_0/ps7_init.tcl
targets -set -nocase -filter {name =~"APU*" && jtag_cable_name =~ "Digilent Cora Z7 - 7007S 210370BD769BA"} -index 0
loadhw -hw G:/440_w_board_files/440_w_board_files.sdk/design_1_wrapper_hw_platform_0/system.hdf -mem-ranges [list {0x40000000 0xbfffffff}]
configparams force-mem-access 1
targets -set -nocase -filter {name =~"APU*" && jtag_cable_name =~ "Digilent Cora Z7 - 7007S 210370BD769BA"} -index 0
stop
ps7_init
ps7_post_config
targets -set -nocase -filter {name =~ "ARM*#0" && jtag_cable_name =~ "Digilent Cora Z7 - 7007S 210370BD769BA"} -index 0
rst -processor
targets -set -nocase -filter {name =~ "ARM*#0" && jtag_cable_name =~ "Digilent Cora Z7 - 7007S 210370BD769BA"} -index 0
dow G:/440_w_board_files/440_w_board_files.sdk/aLaw/Debug/aLaw.elf
configparams force-mem-access 0
----------------End of Script----------------

15:25:37 INFO  : Memory regions updated for context APU
15:25:37 INFO  : Context for processor 'ps7_cortexa9_0' is selected.
15:25:37 INFO  : 'con' command is executed.
15:25:37 INFO  : ----------------XSDB Script (After Launch)----------------
targets -set -nocase -filter {name =~ "ARM*#0" && jtag_cable_name =~ "Digilent Cora Z7 - 7007S 210370BD769BA"} -index 0
con
----------------End of Script----------------

15:25:37 INFO  : Launch script is exported to file 'G:\440_w_board_files\440_w_board_files.sdk\.sdk\launch_scripts\xilinx_c-c++_application_(system_debugger)\system_debugger_using_debug_alaw.elf_on_local.tcl'
15:25:57 INFO  : Disconnected from the channel tcfchan#3.
15:25:58 INFO  : 'targets -set -filter {jtag_cable_name =~ "Digilent Cora Z7 - 7007S 210370BD769BA" && level==0} -index 1' command is executed.
15:25:58 INFO  : 'fpga -state' command is executed.
15:25:58 INFO  : Connected to target on host '127.0.0.1' and port '3121'.
15:25:58 INFO  : Jtag cable 'Digilent Cora Z7 - 7007S 210370BD769BA' is selected.
15:25:58 INFO  : 'jtag frequency' command is executed.
15:25:58 INFO  : Sourcing of 'G:/440_w_board_files/440_w_board_files.sdk/design_1_wrapper_hw_platform_0/ps7_init.tcl' is done.
15:25:58 INFO  : Context for 'APU' is selected.
15:25:59 INFO  : Hardware design information is loaded from 'G:/440_w_board_files/440_w_board_files.sdk/design_1_wrapper_hw_platform_0/system.hdf'.
15:25:59 INFO  : 'configparams force-mem-access 1' command is executed.
15:25:59 INFO  : Context for 'APU' is selected.
15:25:59 INFO  : 'stop' command is executed.
15:26:00 INFO  : 'ps7_init' command is executed.
15:26:00 INFO  : 'ps7_post_config' command is executed.
15:26:00 INFO  : Context for processor 'ps7_cortexa9_0' is selected.
15:26:00 INFO  : Processor reset is completed for 'ps7_cortexa9_0'.
15:26:00 INFO  : Context for processor 'ps7_cortexa9_0' is selected.
15:26:02 INFO  : The application 'G:/440_w_board_files/440_w_board_files.sdk/aLaw/Debug/aLaw.elf' is downloaded to processor 'ps7_cortexa9_0'.
15:26:02 INFO  : 'configparams force-mem-access 0' command is executed.
15:26:02 INFO  : ----------------XSDB Script----------------
connect -url tcp:127.0.0.1:3121
source G:/440_w_board_files/440_w_board_files.sdk/design_1_wrapper_hw_platform_0/ps7_init.tcl
targets -set -nocase -filter {name =~"APU*" && jtag_cable_name =~ "Digilent Cora Z7 - 7007S 210370BD769BA"} -index 0
loadhw -hw G:/440_w_board_files/440_w_board_files.sdk/design_1_wrapper_hw_platform_0/system.hdf -mem-ranges [list {0x40000000 0xbfffffff}]
configparams force-mem-access 1
targets -set -nocase -filter {name =~"APU*" && jtag_cable_name =~ "Digilent Cora Z7 - 7007S 210370BD769BA"} -index 0
stop
ps7_init
ps7_post_config
targets -set -nocase -filter {name =~ "ARM*#0" && jtag_cable_name =~ "Digilent Cora Z7 - 7007S 210370BD769BA"} -index 0
rst -processor
targets -set -nocase -filter {name =~ "ARM*#0" && jtag_cable_name =~ "Digilent Cora Z7 - 7007S 210370BD769BA"} -index 0
dow G:/440_w_board_files/440_w_board_files.sdk/aLaw/Debug/aLaw.elf
configparams force-mem-access 0
----------------End of Script----------------

15:26:02 INFO  : Memory regions updated for context APU
15:26:02 INFO  : Context for processor 'ps7_cortexa9_0' is selected.
15:26:02 INFO  : 'con' command is executed.
15:26:02 INFO  : ----------------XSDB Script (After Launch)----------------
targets -set -nocase -filter {name =~ "ARM*#0" && jtag_cable_name =~ "Digilent Cora Z7 - 7007S 210370BD769BA"} -index 0
con
----------------End of Script----------------

15:26:02 INFO  : Launch script is exported to file 'G:\440_w_board_files\440_w_board_files.sdk\.sdk\launch_scripts\xilinx_c-c++_application_(system_debugger)\system_debugger_using_debug_alaw.elf_on_local.tcl'
15:26:49 INFO  : Disconnected from the channel tcfchan#4.
15:26:50 INFO  : 'targets -set -filter {jtag_cable_name =~ "Digilent Cora Z7 - 7007S 210370BD769BA" && level==0} -index 1' command is executed.
15:26:50 INFO  : 'fpga -state' command is executed.
15:26:50 INFO  : Connected to target on host '127.0.0.1' and port '3121'.
15:26:50 INFO  : Jtag cable 'Digilent Cora Z7 - 7007S 210370BD769BA' is selected.
15:26:50 INFO  : 'jtag frequency' command is executed.
15:26:50 INFO  : Sourcing of 'G:/440_w_board_files/440_w_board_files.sdk/design_1_wrapper_hw_platform_0/ps7_init.tcl' is done.
15:26:50 INFO  : Context for 'APU' is selected.
15:26:51 INFO  : Hardware design information is loaded from 'G:/440_w_board_files/440_w_board_files.sdk/design_1_wrapper_hw_platform_0/system.hdf'.
15:26:51 INFO  : 'configparams force-mem-access 1' command is executed.
15:26:51 INFO  : Context for 'APU' is selected.
15:26:51 INFO  : 'stop' command is executed.
15:26:51 INFO  : 'ps7_init' command is executed.
15:26:51 INFO  : 'ps7_post_config' command is executed.
15:26:51 INFO  : Context for processor 'ps7_cortexa9_0' is selected.
15:26:51 INFO  : Processor reset is completed for 'ps7_cortexa9_0'.
15:26:51 INFO  : Context for processor 'ps7_cortexa9_0' is selected.
15:26:53 INFO  : The application 'G:/440_w_board_files/440_w_board_files.sdk/aLaw/Debug/aLaw.elf' is downloaded to processor 'ps7_cortexa9_0'.
15:26:53 INFO  : 'configparams force-mem-access 0' command is executed.
15:26:53 INFO  : ----------------XSDB Script----------------
connect -url tcp:127.0.0.1:3121
source G:/440_w_board_files/440_w_board_files.sdk/design_1_wrapper_hw_platform_0/ps7_init.tcl
targets -set -nocase -filter {name =~"APU*" && jtag_cable_name =~ "Digilent Cora Z7 - 7007S 210370BD769BA"} -index 0
loadhw -hw G:/440_w_board_files/440_w_board_files.sdk/design_1_wrapper_hw_platform_0/system.hdf -mem-ranges [list {0x40000000 0xbfffffff}]
configparams force-mem-access 1
targets -set -nocase -filter {name =~"APU*" && jtag_cable_name =~ "Digilent Cora Z7 - 7007S 210370BD769BA"} -index 0
stop
ps7_init
ps7_post_config
targets -set -nocase -filter {name =~ "ARM*#0" && jtag_cable_name =~ "Digilent Cora Z7 - 7007S 210370BD769BA"} -index 0
rst -processor
targets -set -nocase -filter {name =~ "ARM*#0" && jtag_cable_name =~ "Digilent Cora Z7 - 7007S 210370BD769BA"} -index 0
dow G:/440_w_board_files/440_w_board_files.sdk/aLaw/Debug/aLaw.elf
configparams force-mem-access 0
----------------End of Script----------------

15:26:53 INFO  : Memory regions updated for context APU
15:26:53 INFO  : Context for processor 'ps7_cortexa9_0' is selected.
15:26:53 INFO  : 'con' command is executed.
15:26:53 INFO  : ----------------XSDB Script (After Launch)----------------
targets -set -nocase -filter {name =~ "ARM*#0" && jtag_cable_name =~ "Digilent Cora Z7 - 7007S 210370BD769BA"} -index 0
con
----------------End of Script----------------

15:26:53 INFO  : Launch script is exported to file 'G:\440_w_board_files\440_w_board_files.sdk\.sdk\launch_scripts\xilinx_c-c++_application_(system_debugger)\system_debugger_using_debug_alaw.elf_on_local.tcl'
19:58:23 INFO  : Disconnected from the channel tcfchan#5.
19:58:24 INFO  : 'targets -set -filter {jtag_cable_name =~ "Digilent Cora Z7 - 7007S 210370BD769BA" && level==0} -index 1' command is executed.
19:58:24 INFO  : 'fpga -state' command is executed.
19:58:24 INFO  : Connected to target on host '127.0.0.1' and port '3121'.
19:58:24 INFO  : Jtag cable 'Digilent Cora Z7 - 7007S 210370BD769BA' is selected.
19:58:24 INFO  : 'jtag frequency' command is executed.
19:58:24 INFO  : Sourcing of 'G:/440_w_board_files/440_w_board_files.sdk/design_1_wrapper_hw_platform_0/ps7_init.tcl' is done.
19:58:24 INFO  : Context for 'APU' is selected.
19:58:25 INFO  : Hardware design information is loaded from 'G:/440_w_board_files/440_w_board_files.sdk/design_1_wrapper_hw_platform_0/system.hdf'.
19:58:25 INFO  : 'configparams force-mem-access 1' command is executed.
19:58:25 INFO  : Context for 'APU' is selected.
19:58:26 INFO  : 'stop' command is executed.
19:58:26 INFO  : 'ps7_init' command is executed.
19:58:26 INFO  : 'ps7_post_config' command is executed.
19:58:26 INFO  : Context for processor 'ps7_cortexa9_0' is selected.
19:58:26 INFO  : Processor reset is completed for 'ps7_cortexa9_0'.
19:58:26 INFO  : Context for processor 'ps7_cortexa9_0' is selected.
19:58:28 ERROR : Memory write error at 0x40000000. APB AP transaction error, DAP status f0000021
19:58:28 INFO  : ----------------XSDB Script----------------
connect -url tcp:127.0.0.1:3121
source G:/440_w_board_files/440_w_board_files.sdk/design_1_wrapper_hw_platform_0/ps7_init.tcl
targets -set -nocase -filter {name =~"APU*" && jtag_cable_name =~ "Digilent Cora Z7 - 7007S 210370BD769BA"} -index 0
loadhw -hw G:/440_w_board_files/440_w_board_files.sdk/design_1_wrapper_hw_platform_0/system.hdf -mem-ranges [list {0x40000000 0xbfffffff}]
configparams force-mem-access 1
targets -set -nocase -filter {name =~"APU*" && jtag_cable_name =~ "Digilent Cora Z7 - 7007S 210370BD769BA"} -index 0
stop
ps7_init
ps7_post_config
targets -set -nocase -filter {name =~ "ARM*#0" && jtag_cable_name =~ "Digilent Cora Z7 - 7007S 210370BD769BA"} -index 0
rst -processor
targets -set -nocase -filter {name =~ "ARM*#0" && jtag_cable_name =~ "Digilent Cora Z7 - 7007S 210370BD769BA"} -index 0
dow G:/440_w_board_files/440_w_board_files.sdk/aLaw/Debug/aLaw.elf
----------------End of Script----------------

19:58:55 INFO  : 'targets -set -filter {jtag_cable_name =~ "Digilent Cora Z7 - 7007S 210370BD769BA" && level==0} -index 1' command is executed.
19:58:55 INFO  : 'fpga -state' command is executed.
19:58:55 INFO  : Connected to target on host '127.0.0.1' and port '3121'.
19:58:55 INFO  : Jtag cable 'Digilent Cora Z7 - 7007S 210370BD769BA' is selected.
19:58:55 INFO  : 'jtag frequency' command is executed.
19:58:55 INFO  : Sourcing of 'G:/440_w_board_files/440_w_board_files.sdk/design_1_wrapper_hw_platform_0/ps7_init.tcl' is done.
19:58:55 INFO  : Context for 'APU' is selected.
19:58:55 INFO  : Hardware design information is loaded from 'G:/440_w_board_files/440_w_board_files.sdk/design_1_wrapper_hw_platform_0/system.hdf'.
19:58:55 INFO  : 'configparams force-mem-access 1' command is executed.
19:58:55 INFO  : Context for 'APU' is selected.
19:58:56 INFO  : 'stop' command is executed.
19:58:56 INFO  : 'ps7_init' command is executed.
19:58:56 INFO  : 'ps7_post_config' command is executed.
19:58:56 INFO  : Context for processor 'ps7_cortexa9_0' is selected.
19:58:56 INFO  : Processor reset is completed for 'ps7_cortexa9_0'.
19:58:56 INFO  : Context for processor 'ps7_cortexa9_0' is selected.
19:58:58 INFO  : The application 'G:/440_w_board_files/440_w_board_files.sdk/aLaw/Debug/aLaw.elf' is downloaded to processor 'ps7_cortexa9_0'.
19:58:58 INFO  : 'configparams force-mem-access 0' command is executed.
19:58:58 INFO  : ----------------XSDB Script----------------
connect -url tcp:127.0.0.1:3121
source G:/440_w_board_files/440_w_board_files.sdk/design_1_wrapper_hw_platform_0/ps7_init.tcl
targets -set -nocase -filter {name =~"APU*" && jtag_cable_name =~ "Digilent Cora Z7 - 7007S 210370BD769BA"} -index 0
loadhw -hw G:/440_w_board_files/440_w_board_files.sdk/design_1_wrapper_hw_platform_0/system.hdf -mem-ranges [list {0x40000000 0xbfffffff}]
configparams force-mem-access 1
targets -set -nocase -filter {name =~"APU*" && jtag_cable_name =~ "Digilent Cora Z7 - 7007S 210370BD769BA"} -index 0
stop
ps7_init
ps7_post_config
targets -set -nocase -filter {name =~ "ARM*#0" && jtag_cable_name =~ "Digilent Cora Z7 - 7007S 210370BD769BA"} -index 0
rst -processor
targets -set -nocase -filter {name =~ "ARM*#0" && jtag_cable_name =~ "Digilent Cora Z7 - 7007S 210370BD769BA"} -index 0
dow G:/440_w_board_files/440_w_board_files.sdk/aLaw/Debug/aLaw.elf
configparams force-mem-access 0
----------------End of Script----------------

19:58:58 INFO  : Memory regions updated for context APU
19:58:58 INFO  : Context for processor 'ps7_cortexa9_0' is selected.
19:58:58 INFO  : 'con' command is executed.
19:58:58 INFO  : ----------------XSDB Script (After Launch)----------------
targets -set -nocase -filter {name =~ "ARM*#0" && jtag_cable_name =~ "Digilent Cora Z7 - 7007S 210370BD769BA"} -index 0
con
----------------End of Script----------------

19:58:58 INFO  : Launch script is exported to file 'G:\440_w_board_files\440_w_board_files.sdk\.sdk\launch_scripts\xilinx_c-c++_application_(system_debugger)\system_debugger_using_debug_alaw.elf_on_local.tcl'
20:04:31 INFO  : Disconnected from the channel tcfchan#6.
20:04:32 INFO  : 'targets -set -filter {jtag_cable_name =~ "Digilent Cora Z7 - 7007S 210370BD769BA" && level==0} -index 1' command is executed.
20:04:32 INFO  : 'fpga -state' command is executed.
20:04:32 INFO  : Connected to target on host '127.0.0.1' and port '3121'.
20:04:32 INFO  : Jtag cable 'Digilent Cora Z7 - 7007S 210370BD769BA' is selected.
20:04:32 INFO  : 'jtag frequency' command is executed.
20:04:32 INFO  : Sourcing of 'G:/440_w_board_files/440_w_board_files.sdk/design_1_wrapper_hw_platform_0/ps7_init.tcl' is done.
20:04:32 INFO  : Context for 'APU' is selected.
20:04:33 INFO  : Hardware design information is loaded from 'G:/440_w_board_files/440_w_board_files.sdk/design_1_wrapper_hw_platform_0/system.hdf'.
20:04:33 INFO  : 'configparams force-mem-access 1' command is executed.
20:04:33 INFO  : Context for 'APU' is selected.
20:04:33 INFO  : 'stop' command is executed.
20:04:34 INFO  : 'ps7_init' command is executed.
20:04:34 INFO  : 'ps7_post_config' command is executed.
20:04:34 INFO  : Context for processor 'ps7_cortexa9_0' is selected.
20:04:34 INFO  : Processor reset is completed for 'ps7_cortexa9_0'.
20:04:34 INFO  : Context for processor 'ps7_cortexa9_0' is selected.
20:04:36 INFO  : The application 'G:/440_w_board_files/440_w_board_files.sdk/aLaw/Debug/aLaw.elf' is downloaded to processor 'ps7_cortexa9_0'.
20:04:36 INFO  : 'configparams force-mem-access 0' command is executed.
20:04:36 INFO  : ----------------XSDB Script----------------
connect -url tcp:127.0.0.1:3121
source G:/440_w_board_files/440_w_board_files.sdk/design_1_wrapper_hw_platform_0/ps7_init.tcl
targets -set -nocase -filter {name =~"APU*" && jtag_cable_name =~ "Digilent Cora Z7 - 7007S 210370BD769BA"} -index 0
loadhw -hw G:/440_w_board_files/440_w_board_files.sdk/design_1_wrapper_hw_platform_0/system.hdf -mem-ranges [list {0x40000000 0xbfffffff}]
configparams force-mem-access 1
targets -set -nocase -filter {name =~"APU*" && jtag_cable_name =~ "Digilent Cora Z7 - 7007S 210370BD769BA"} -index 0
stop
ps7_init
ps7_post_config
targets -set -nocase -filter {name =~ "ARM*#0" && jtag_cable_name =~ "Digilent Cora Z7 - 7007S 210370BD769BA"} -index 0
rst -processor
targets -set -nocase -filter {name =~ "ARM*#0" && jtag_cable_name =~ "Digilent Cora Z7 - 7007S 210370BD769BA"} -index 0
dow G:/440_w_board_files/440_w_board_files.sdk/aLaw/Debug/aLaw.elf
configparams force-mem-access 0
----------------End of Script----------------

20:04:36 INFO  : Memory regions updated for context APU
20:04:36 INFO  : Context for processor 'ps7_cortexa9_0' is selected.
20:04:36 INFO  : 'con' command is executed.
20:04:36 INFO  : ----------------XSDB Script (After Launch)----------------
targets -set -nocase -filter {name =~ "ARM*#0" && jtag_cable_name =~ "Digilent Cora Z7 - 7007S 210370BD769BA"} -index 0
con
----------------End of Script----------------

20:04:36 INFO  : Launch script is exported to file 'G:\440_w_board_files\440_w_board_files.sdk\.sdk\launch_scripts\xilinx_c-c++_application_(system_debugger)\system_debugger_using_debug_alaw.elf_on_local.tcl'
20:06:57 INFO  : Disconnected from the channel tcfchan#7.
20:06:58 INFO  : 'targets -set -filter {jtag_cable_name =~ "Digilent Cora Z7 - 7007S 210370BD769BA" && level==0} -index 1' command is executed.
20:06:58 INFO  : 'fpga -state' command is executed.
20:06:58 INFO  : Connected to target on host '127.0.0.1' and port '3121'.
20:06:58 INFO  : Jtag cable 'Digilent Cora Z7 - 7007S 210370BD769BA' is selected.
20:06:58 INFO  : 'jtag frequency' command is executed.
20:06:58 INFO  : Sourcing of 'G:/440_w_board_files/440_w_board_files.sdk/design_1_wrapper_hw_platform_0/ps7_init.tcl' is done.
20:06:58 INFO  : Context for 'APU' is selected.
20:06:59 INFO  : Hardware design information is loaded from 'G:/440_w_board_files/440_w_board_files.sdk/design_1_wrapper_hw_platform_0/system.hdf'.
20:06:59 INFO  : 'configparams force-mem-access 1' command is executed.
20:06:59 INFO  : Context for 'APU' is selected.
20:06:59 INFO  : 'stop' command is executed.
20:07:00 INFO  : 'ps7_init' command is executed.
20:07:00 INFO  : 'ps7_post_config' command is executed.
20:07:00 INFO  : Context for processor 'ps7_cortexa9_0' is selected.
20:07:00 INFO  : Processor reset is completed for 'ps7_cortexa9_0'.
20:07:00 INFO  : Context for processor 'ps7_cortexa9_0' is selected.
20:07:02 INFO  : The application 'G:/440_w_board_files/440_w_board_files.sdk/aLaw/Debug/aLaw.elf' is downloaded to processor 'ps7_cortexa9_0'.
20:07:02 INFO  : 'configparams force-mem-access 0' command is executed.
20:07:02 INFO  : ----------------XSDB Script----------------
connect -url tcp:127.0.0.1:3121
source G:/440_w_board_files/440_w_board_files.sdk/design_1_wrapper_hw_platform_0/ps7_init.tcl
targets -set -nocase -filter {name =~"APU*" && jtag_cable_name =~ "Digilent Cora Z7 - 7007S 210370BD769BA"} -index 0
loadhw -hw G:/440_w_board_files/440_w_board_files.sdk/design_1_wrapper_hw_platform_0/system.hdf -mem-ranges [list {0x40000000 0xbfffffff}]
configparams force-mem-access 1
targets -set -nocase -filter {name =~"APU*" && jtag_cable_name =~ "Digilent Cora Z7 - 7007S 210370BD769BA"} -index 0
stop
ps7_init
ps7_post_config
targets -set -nocase -filter {name =~ "ARM*#0" && jtag_cable_name =~ "Digilent Cora Z7 - 7007S 210370BD769BA"} -index 0
rst -processor
targets -set -nocase -filter {name =~ "ARM*#0" && jtag_cable_name =~ "Digilent Cora Z7 - 7007S 210370BD769BA"} -index 0
dow G:/440_w_board_files/440_w_board_files.sdk/aLaw/Debug/aLaw.elf
configparams force-mem-access 0
----------------End of Script----------------

20:07:02 INFO  : Memory regions updated for context APU
20:07:02 INFO  : Context for processor 'ps7_cortexa9_0' is selected.
20:07:02 INFO  : 'con' command is executed.
20:07:02 INFO  : ----------------XSDB Script (After Launch)----------------
targets -set -nocase -filter {name =~ "ARM*#0" && jtag_cable_name =~ "Digilent Cora Z7 - 7007S 210370BD769BA"} -index 0
con
----------------End of Script----------------

20:07:02 INFO  : Launch script is exported to file 'G:\440_w_board_files\440_w_board_files.sdk\.sdk\launch_scripts\xilinx_c-c++_application_(system_debugger)\system_debugger_using_debug_alaw.elf_on_local.tcl'
20:08:17 INFO  : Disconnected from the channel tcfchan#8.
20:08:19 INFO  : 'targets -set -filter {jtag_cable_name =~ "Digilent Cora Z7 - 7007S 210370BD769BA" && level==0} -index 1' command is executed.
20:08:19 INFO  : 'fpga -state' command is executed.
20:08:19 INFO  : Connected to target on host '127.0.0.1' and port '3121'.
20:08:19 INFO  : Jtag cable 'Digilent Cora Z7 - 7007S 210370BD769BA' is selected.
20:08:19 INFO  : 'jtag frequency' command is executed.
20:08:19 INFO  : Sourcing of 'G:/440_w_board_files/440_w_board_files.sdk/design_1_wrapper_hw_platform_0/ps7_init.tcl' is done.
20:08:19 INFO  : Context for 'APU' is selected.
20:08:20 INFO  : Hardware design information is loaded from 'G:/440_w_board_files/440_w_board_files.sdk/design_1_wrapper_hw_platform_0/system.hdf'.
20:08:20 INFO  : 'configparams force-mem-access 1' command is executed.
20:08:20 INFO  : Context for 'APU' is selected.
20:08:20 INFO  : 'stop' command is executed.
20:08:20 INFO  : 'ps7_init' command is executed.
20:08:20 INFO  : 'ps7_post_config' command is executed.
20:08:20 INFO  : Context for processor 'ps7_cortexa9_0' is selected.
20:08:20 INFO  : Processor reset is completed for 'ps7_cortexa9_0'.
20:08:20 INFO  : Context for processor 'ps7_cortexa9_0' is selected.
20:08:22 INFO  : The application 'G:/440_w_board_files/440_w_board_files.sdk/aLaw/Debug/aLaw.elf' is downloaded to processor 'ps7_cortexa9_0'.
20:08:22 INFO  : 'configparams force-mem-access 0' command is executed.
20:08:22 INFO  : ----------------XSDB Script----------------
connect -url tcp:127.0.0.1:3121
source G:/440_w_board_files/440_w_board_files.sdk/design_1_wrapper_hw_platform_0/ps7_init.tcl
targets -set -nocase -filter {name =~"APU*" && jtag_cable_name =~ "Digilent Cora Z7 - 7007S 210370BD769BA"} -index 0
loadhw -hw G:/440_w_board_files/440_w_board_files.sdk/design_1_wrapper_hw_platform_0/system.hdf -mem-ranges [list {0x40000000 0xbfffffff}]
configparams force-mem-access 1
targets -set -nocase -filter {name =~"APU*" && jtag_cable_name =~ "Digilent Cora Z7 - 7007S 210370BD769BA"} -index 0
stop
ps7_init
ps7_post_config
targets -set -nocase -filter {name =~ "ARM*#0" && jtag_cable_name =~ "Digilent Cora Z7 - 7007S 210370BD769BA"} -index 0
rst -processor
targets -set -nocase -filter {name =~ "ARM*#0" && jtag_cable_name =~ "Digilent Cora Z7 - 7007S 210370BD769BA"} -index 0
dow G:/440_w_board_files/440_w_board_files.sdk/aLaw/Debug/aLaw.elf
configparams force-mem-access 0
----------------End of Script----------------

20:08:22 INFO  : Memory regions updated for context APU
20:08:22 INFO  : Context for processor 'ps7_cortexa9_0' is selected.
20:08:23 INFO  : 'con' command is executed.
20:08:23 INFO  : ----------------XSDB Script (After Launch)----------------
targets -set -nocase -filter {name =~ "ARM*#0" && jtag_cable_name =~ "Digilent Cora Z7 - 7007S 210370BD769BA"} -index 0
con
----------------End of Script----------------

20:08:23 INFO  : Launch script is exported to file 'G:\440_w_board_files\440_w_board_files.sdk\.sdk\launch_scripts\xilinx_c-c++_application_(system_debugger)\system_debugger_using_debug_alaw.elf_on_local.tcl'
20:10:36 INFO  : Disconnected from the channel tcfchan#9.
20:10:37 INFO  : 'targets -set -filter {jtag_cable_name =~ "Digilent Cora Z7 - 7007S 210370BD769BA" && level==0} -index 1' command is executed.
20:10:37 INFO  : 'fpga -state' command is executed.
20:10:37 INFO  : Connected to target on host '127.0.0.1' and port '3121'.
20:10:38 INFO  : Jtag cable 'Digilent Cora Z7 - 7007S 210370BD769BA' is selected.
20:10:38 INFO  : 'jtag frequency' command is executed.
20:10:38 INFO  : Sourcing of 'G:/440_w_board_files/440_w_board_files.sdk/design_1_wrapper_hw_platform_0/ps7_init.tcl' is done.
20:10:38 INFO  : Context for 'APU' is selected.
20:10:39 INFO  : Hardware design information is loaded from 'G:/440_w_board_files/440_w_board_files.sdk/design_1_wrapper_hw_platform_0/system.hdf'.
20:10:39 INFO  : 'configparams force-mem-access 1' command is executed.
20:10:39 INFO  : Context for 'APU' is selected.
20:10:39 INFO  : 'stop' command is executed.
20:10:39 INFO  : 'ps7_init' command is executed.
20:10:39 INFO  : 'ps7_post_config' command is executed.
20:10:39 INFO  : Context for processor 'ps7_cortexa9_0' is selected.
20:10:39 INFO  : Processor reset is completed for 'ps7_cortexa9_0'.
20:10:39 INFO  : Context for processor 'ps7_cortexa9_0' is selected.
20:10:41 INFO  : The application 'G:/440_w_board_files/440_w_board_files.sdk/aLaw/Debug/aLaw.elf' is downloaded to processor 'ps7_cortexa9_0'.
20:10:41 INFO  : 'configparams force-mem-access 0' command is executed.
20:10:41 INFO  : ----------------XSDB Script----------------
connect -url tcp:127.0.0.1:3121
source G:/440_w_board_files/440_w_board_files.sdk/design_1_wrapper_hw_platform_0/ps7_init.tcl
targets -set -nocase -filter {name =~"APU*" && jtag_cable_name =~ "Digilent Cora Z7 - 7007S 210370BD769BA"} -index 0
loadhw -hw G:/440_w_board_files/440_w_board_files.sdk/design_1_wrapper_hw_platform_0/system.hdf -mem-ranges [list {0x40000000 0xbfffffff}]
configparams force-mem-access 1
targets -set -nocase -filter {name =~"APU*" && jtag_cable_name =~ "Digilent Cora Z7 - 7007S 210370BD769BA"} -index 0
stop
ps7_init
ps7_post_config
targets -set -nocase -filter {name =~ "ARM*#0" && jtag_cable_name =~ "Digilent Cora Z7 - 7007S 210370BD769BA"} -index 0
rst -processor
targets -set -nocase -filter {name =~ "ARM*#0" && jtag_cable_name =~ "Digilent Cora Z7 - 7007S 210370BD769BA"} -index 0
dow G:/440_w_board_files/440_w_board_files.sdk/aLaw/Debug/aLaw.elf
configparams force-mem-access 0
----------------End of Script----------------

20:10:41 INFO  : Memory regions updated for context APU
20:10:41 INFO  : Context for processor 'ps7_cortexa9_0' is selected.
20:10:42 INFO  : 'con' command is executed.
20:10:42 INFO  : ----------------XSDB Script (After Launch)----------------
targets -set -nocase -filter {name =~ "ARM*#0" && jtag_cable_name =~ "Digilent Cora Z7 - 7007S 210370BD769BA"} -index 0
con
----------------End of Script----------------

20:10:42 INFO  : Launch script is exported to file 'G:\440_w_board_files\440_w_board_files.sdk\.sdk\launch_scripts\xilinx_c-c++_application_(system_debugger)\system_debugger_using_debug_alaw.elf_on_local.tcl'
20:12:44 INFO  : Disconnected from the channel tcfchan#10.
20:12:45 INFO  : 'targets -set -filter {jtag_cable_name =~ "Digilent Cora Z7 - 7007S 210370BD769BA" && level==0} -index 1' command is executed.
20:12:45 INFO  : 'fpga -state' command is executed.
20:12:45 INFO  : Connected to target on host '127.0.0.1' and port '3121'.
20:12:45 INFO  : Jtag cable 'Digilent Cora Z7 - 7007S 210370BD769BA' is selected.
20:12:45 INFO  : 'jtag frequency' command is executed.
20:12:45 INFO  : Sourcing of 'G:/440_w_board_files/440_w_board_files.sdk/design_1_wrapper_hw_platform_0/ps7_init.tcl' is done.
20:12:45 INFO  : Context for 'APU' is selected.
20:12:46 INFO  : Hardware design information is loaded from 'G:/440_w_board_files/440_w_board_files.sdk/design_1_wrapper_hw_platform_0/system.hdf'.
20:12:46 INFO  : 'configparams force-mem-access 1' command is executed.
20:12:46 INFO  : Context for 'APU' is selected.
20:12:46 INFO  : 'stop' command is executed.
20:12:47 INFO  : 'ps7_init' command is executed.
20:12:47 INFO  : 'ps7_post_config' command is executed.
20:12:47 INFO  : Context for processor 'ps7_cortexa9_0' is selected.
20:12:47 INFO  : Processor reset is completed for 'ps7_cortexa9_0'.
20:12:47 INFO  : Context for processor 'ps7_cortexa9_0' is selected.
20:12:49 INFO  : The application 'G:/440_w_board_files/440_w_board_files.sdk/aLaw/Debug/aLaw.elf' is downloaded to processor 'ps7_cortexa9_0'.
20:12:49 INFO  : 'configparams force-mem-access 0' command is executed.
20:12:49 INFO  : ----------------XSDB Script----------------
connect -url tcp:127.0.0.1:3121
source G:/440_w_board_files/440_w_board_files.sdk/design_1_wrapper_hw_platform_0/ps7_init.tcl
targets -set -nocase -filter {name =~"APU*" && jtag_cable_name =~ "Digilent Cora Z7 - 7007S 210370BD769BA"} -index 0
loadhw -hw G:/440_w_board_files/440_w_board_files.sdk/design_1_wrapper_hw_platform_0/system.hdf -mem-ranges [list {0x40000000 0xbfffffff}]
configparams force-mem-access 1
targets -set -nocase -filter {name =~"APU*" && jtag_cable_name =~ "Digilent Cora Z7 - 7007S 210370BD769BA"} -index 0
stop
ps7_init
ps7_post_config
targets -set -nocase -filter {name =~ "ARM*#0" && jtag_cable_name =~ "Digilent Cora Z7 - 7007S 210370BD769BA"} -index 0
rst -processor
targets -set -nocase -filter {name =~ "ARM*#0" && jtag_cable_name =~ "Digilent Cora Z7 - 7007S 210370BD769BA"} -index 0
dow G:/440_w_board_files/440_w_board_files.sdk/aLaw/Debug/aLaw.elf
configparams force-mem-access 0
----------------End of Script----------------

20:12:49 INFO  : Memory regions updated for context APU
20:12:49 INFO  : Context for processor 'ps7_cortexa9_0' is selected.
20:12:49 INFO  : 'con' command is executed.
20:12:49 INFO  : ----------------XSDB Script (After Launch)----------------
targets -set -nocase -filter {name =~ "ARM*#0" && jtag_cable_name =~ "Digilent Cora Z7 - 7007S 210370BD769BA"} -index 0
con
----------------End of Script----------------

20:12:49 INFO  : Launch script is exported to file 'G:\440_w_board_files\440_w_board_files.sdk\.sdk\launch_scripts\xilinx_c-c++_application_(system_debugger)\system_debugger_using_debug_alaw.elf_on_local.tcl'
20:17:20 INFO  : Disconnected from the channel tcfchan#11.
20:17:21 INFO  : 'targets -set -filter {jtag_cable_name =~ "Digilent Cora Z7 - 7007S 210370BD769BA" && level==0} -index 1' command is executed.
20:17:21 INFO  : 'fpga -state' command is executed.
20:17:21 INFO  : Connected to target on host '127.0.0.1' and port '3121'.
20:17:21 INFO  : Jtag cable 'Digilent Cora Z7 - 7007S 210370BD769BA' is selected.
20:17:21 INFO  : 'jtag frequency' command is executed.
20:17:21 INFO  : Sourcing of 'G:/440_w_board_files/440_w_board_files.sdk/design_1_wrapper_hw_platform_0/ps7_init.tcl' is done.
20:17:21 INFO  : Context for 'APU' is selected.
20:17:22 INFO  : Hardware design information is loaded from 'G:/440_w_board_files/440_w_board_files.sdk/design_1_wrapper_hw_platform_0/system.hdf'.
20:17:22 INFO  : 'configparams force-mem-access 1' command is executed.
20:17:22 INFO  : Context for 'APU' is selected.
20:17:22 INFO  : 'stop' command is executed.
20:17:23 INFO  : 'ps7_init' command is executed.
20:17:23 INFO  : 'ps7_post_config' command is executed.
20:17:23 INFO  : Context for processor 'ps7_cortexa9_0' is selected.
20:17:23 INFO  : Processor reset is completed for 'ps7_cortexa9_0'.
20:17:23 INFO  : Context for processor 'ps7_cortexa9_0' is selected.
20:17:25 INFO  : The application 'G:/440_w_board_files/440_w_board_files.sdk/aLaw/Debug/aLaw.elf' is downloaded to processor 'ps7_cortexa9_0'.
20:17:25 INFO  : 'configparams force-mem-access 0' command is executed.
20:17:25 INFO  : ----------------XSDB Script----------------
connect -url tcp:127.0.0.1:3121
source G:/440_w_board_files/440_w_board_files.sdk/design_1_wrapper_hw_platform_0/ps7_init.tcl
targets -set -nocase -filter {name =~"APU*" && jtag_cable_name =~ "Digilent Cora Z7 - 7007S 210370BD769BA"} -index 0
loadhw -hw G:/440_w_board_files/440_w_board_files.sdk/design_1_wrapper_hw_platform_0/system.hdf -mem-ranges [list {0x40000000 0xbfffffff}]
configparams force-mem-access 1
targets -set -nocase -filter {name =~"APU*" && jtag_cable_name =~ "Digilent Cora Z7 - 7007S 210370BD769BA"} -index 0
stop
ps7_init
ps7_post_config
targets -set -nocase -filter {name =~ "ARM*#0" && jtag_cable_name =~ "Digilent Cora Z7 - 7007S 210370BD769BA"} -index 0
rst -processor
targets -set -nocase -filter {name =~ "ARM*#0" && jtag_cable_name =~ "Digilent Cora Z7 - 7007S 210370BD769BA"} -index 0
dow G:/440_w_board_files/440_w_board_files.sdk/aLaw/Debug/aLaw.elf
configparams force-mem-access 0
----------------End of Script----------------

20:17:25 INFO  : Memory regions updated for context APU
20:17:25 INFO  : Context for processor 'ps7_cortexa9_0' is selected.
20:17:25 INFO  : 'con' command is executed.
20:17:25 INFO  : ----------------XSDB Script (After Launch)----------------
targets -set -nocase -filter {name =~ "ARM*#0" && jtag_cable_name =~ "Digilent Cora Z7 - 7007S 210370BD769BA"} -index 0
con
----------------End of Script----------------

20:17:25 INFO  : Launch script is exported to file 'G:\440_w_board_files\440_w_board_files.sdk\.sdk\launch_scripts\xilinx_c-c++_application_(system_debugger)\system_debugger_using_debug_alaw.elf_on_local.tcl'
20:18:34 INFO  : Inferring section assignments and sizes from elf file: G:\440_w_board_files\440_w_board_files.sdk\aLaw\Debug\aLaw.elf
20:22:09 INFO  : Successfully generated G:\440_w_board_files\440_w_board_files.sdk\aLaw\src\lscript.ld.
20:22:09 INFO  : Applying linker script to all configurations of project aLaw.
20:22:09 INFO  : Setting rebuild state to true for all configurations of project aLaw.
20:23:06 INFO  : Disconnected from the channel tcfchan#12.
20:23:08 INFO  : 'targets -set -filter {jtag_cable_name =~ "Digilent Cora Z7 - 7007S 210370BD769BA" && level==0} -index 1' command is executed.
20:23:08 INFO  : 'fpga -state' command is executed.
20:23:08 INFO  : Connected to target on host '127.0.0.1' and port '3121'.
20:23:08 INFO  : Jtag cable 'Digilent Cora Z7 - 7007S 210370BD769BA' is selected.
20:23:08 INFO  : 'jtag frequency' command is executed.
20:23:08 INFO  : Sourcing of 'G:/440_w_board_files/440_w_board_files.sdk/design_1_wrapper_hw_platform_0/ps7_init.tcl' is done.
20:23:08 INFO  : Context for 'APU' is selected.
20:23:09 INFO  : Hardware design information is loaded from 'G:/440_w_board_files/440_w_board_files.sdk/design_1_wrapper_hw_platform_0/system.hdf'.
20:23:09 INFO  : 'configparams force-mem-access 1' command is executed.
20:23:09 INFO  : Context for 'APU' is selected.
20:23:09 INFO  : 'stop' command is executed.
20:23:11 ERROR : Memory read error at 0xF8F00208. Cannot halt processor core, timeout
20:23:11 INFO  : ----------------XSDB Script----------------
connect -url tcp:127.0.0.1:3121
source G:/440_w_board_files/440_w_board_files.sdk/design_1_wrapper_hw_platform_0/ps7_init.tcl
targets -set -nocase -filter {name =~"APU*" && jtag_cable_name =~ "Digilent Cora Z7 - 7007S 210370BD769BA"} -index 0
loadhw -hw G:/440_w_board_files/440_w_board_files.sdk/design_1_wrapper_hw_platform_0/system.hdf -mem-ranges [list {0x40000000 0xbfffffff}]
configparams force-mem-access 1
targets -set -nocase -filter {name =~"APU*" && jtag_cable_name =~ "Digilent Cora Z7 - 7007S 210370BD769BA"} -index 0
stop
ps7_init
----------------End of Script----------------

20:23:29 INFO  : 'targets -set -filter {jtag_cable_name =~ "Digilent Cora Z7 - 7007S 210370BD769BA" && level==0} -index 1' command is executed.
20:23:29 INFO  : 'fpga -state' command is executed.
20:23:29 INFO  : Connected to target on host '127.0.0.1' and port '3121'.
20:23:29 INFO  : Jtag cable 'Digilent Cora Z7 - 7007S 210370BD769BA' is selected.
20:23:29 INFO  : 'jtag frequency' command is executed.
20:23:29 INFO  : Sourcing of 'G:/440_w_board_files/440_w_board_files.sdk/design_1_wrapper_hw_platform_0/ps7_init.tcl' is done.
20:23:29 INFO  : Context for 'APU' is selected.
20:23:29 INFO  : Hardware design information is loaded from 'G:/440_w_board_files/440_w_board_files.sdk/design_1_wrapper_hw_platform_0/system.hdf'.
20:23:29 INFO  : 'configparams force-mem-access 1' command is executed.
20:23:29 INFO  : Context for 'APU' is selected.
20:23:29 INFO  : 'stop' command is executed.
20:23:30 INFO  : 'ps7_init' command is executed.
20:23:30 INFO  : 'ps7_post_config' command is executed.
20:23:30 INFO  : Context for processor 'ps7_cortexa9_0' is selected.
20:23:30 INFO  : Processor reset is completed for 'ps7_cortexa9_0'.
20:23:30 INFO  : Context for processor 'ps7_cortexa9_0' is selected.
20:23:32 INFO  : The application 'G:/440_w_board_files/440_w_board_files.sdk/aLaw/Debug/aLaw.elf' is downloaded to processor 'ps7_cortexa9_0'.
20:23:32 INFO  : 'configparams force-mem-access 0' command is executed.
20:23:32 INFO  : ----------------XSDB Script----------------
connect -url tcp:127.0.0.1:3121
source G:/440_w_board_files/440_w_board_files.sdk/design_1_wrapper_hw_platform_0/ps7_init.tcl
targets -set -nocase -filter {name =~"APU*" && jtag_cable_name =~ "Digilent Cora Z7 - 7007S 210370BD769BA"} -index 0
loadhw -hw G:/440_w_board_files/440_w_board_files.sdk/design_1_wrapper_hw_platform_0/system.hdf -mem-ranges [list {0x40000000 0xbfffffff}]
configparams force-mem-access 1
targets -set -nocase -filter {name =~"APU*" && jtag_cable_name =~ "Digilent Cora Z7 - 7007S 210370BD769BA"} -index 0
stop
ps7_init
ps7_post_config
targets -set -nocase -filter {name =~ "ARM*#0" && jtag_cable_name =~ "Digilent Cora Z7 - 7007S 210370BD769BA"} -index 0
rst -processor
targets -set -nocase -filter {name =~ "ARM*#0" && jtag_cable_name =~ "Digilent Cora Z7 - 7007S 210370BD769BA"} -index 0
dow G:/440_w_board_files/440_w_board_files.sdk/aLaw/Debug/aLaw.elf
configparams force-mem-access 0
----------------End of Script----------------

20:23:32 INFO  : Memory regions updated for context APU
20:23:32 INFO  : Context for processor 'ps7_cortexa9_0' is selected.
20:23:32 INFO  : 'con' command is executed.
20:23:32 INFO  : ----------------XSDB Script (After Launch)----------------
targets -set -nocase -filter {name =~ "ARM*#0" && jtag_cable_name =~ "Digilent Cora Z7 - 7007S 210370BD769BA"} -index 0
con
----------------End of Script----------------

20:23:32 INFO  : Launch script is exported to file 'G:\440_w_board_files\440_w_board_files.sdk\.sdk\launch_scripts\xilinx_c-c++_application_(system_debugger)\system_debugger_using_debug_alaw.elf_on_local.tcl'
20:26:11 INFO  : Disconnected from the channel tcfchan#13.
20:26:12 INFO  : 'targets -set -filter {jtag_cable_name =~ "Digilent Cora Z7 - 7007S 210370BD769BA" && level==0} -index 1' command is executed.
20:26:12 INFO  : 'fpga -state' command is executed.
20:26:12 INFO  : Connected to target on host '127.0.0.1' and port '3121'.
20:26:12 INFO  : Jtag cable 'Digilent Cora Z7 - 7007S 210370BD769BA' is selected.
20:26:12 INFO  : 'jtag frequency' command is executed.
20:26:12 INFO  : Sourcing of 'G:/440_w_board_files/440_w_board_files.sdk/design_1_wrapper_hw_platform_0/ps7_init.tcl' is done.
20:26:12 INFO  : Context for 'APU' is selected.
20:26:13 INFO  : Hardware design information is loaded from 'G:/440_w_board_files/440_w_board_files.sdk/design_1_wrapper_hw_platform_0/system.hdf'.
20:26:13 INFO  : 'configparams force-mem-access 1' command is executed.
20:26:13 INFO  : Context for 'APU' is selected.
20:26:13 INFO  : 'stop' command is executed.
20:26:14 INFO  : 'ps7_init' command is executed.
20:26:14 INFO  : 'ps7_post_config' command is executed.
20:26:14 INFO  : Context for processor 'ps7_cortexa9_0' is selected.
20:26:14 INFO  : Processor reset is completed for 'ps7_cortexa9_0'.
20:26:14 INFO  : Context for processor 'ps7_cortexa9_0' is selected.
20:26:16 INFO  : The application 'G:/440_w_board_files/440_w_board_files.sdk/aLaw/Debug/aLaw.elf' is downloaded to processor 'ps7_cortexa9_0'.
20:26:16 INFO  : 'configparams force-mem-access 0' command is executed.
20:26:16 INFO  : ----------------XSDB Script----------------
connect -url tcp:127.0.0.1:3121
source G:/440_w_board_files/440_w_board_files.sdk/design_1_wrapper_hw_platform_0/ps7_init.tcl
targets -set -nocase -filter {name =~"APU*" && jtag_cable_name =~ "Digilent Cora Z7 - 7007S 210370BD769BA"} -index 0
loadhw -hw G:/440_w_board_files/440_w_board_files.sdk/design_1_wrapper_hw_platform_0/system.hdf -mem-ranges [list {0x40000000 0xbfffffff}]
configparams force-mem-access 1
targets -set -nocase -filter {name =~"APU*" && jtag_cable_name =~ "Digilent Cora Z7 - 7007S 210370BD769BA"} -index 0
stop
ps7_init
ps7_post_config
targets -set -nocase -filter {name =~ "ARM*#0" && jtag_cable_name =~ "Digilent Cora Z7 - 7007S 210370BD769BA"} -index 0
rst -processor
targets -set -nocase -filter {name =~ "ARM*#0" && jtag_cable_name =~ "Digilent Cora Z7 - 7007S 210370BD769BA"} -index 0
dow G:/440_w_board_files/440_w_board_files.sdk/aLaw/Debug/aLaw.elf
configparams force-mem-access 0
----------------End of Script----------------

20:26:16 INFO  : Memory regions updated for context APU
20:26:16 INFO  : Context for processor 'ps7_cortexa9_0' is selected.
20:26:16 INFO  : 'con' command is executed.
20:26:16 INFO  : ----------------XSDB Script (After Launch)----------------
targets -set -nocase -filter {name =~ "ARM*#0" && jtag_cable_name =~ "Digilent Cora Z7 - 7007S 210370BD769BA"} -index 0
con
----------------End of Script----------------

20:26:16 INFO  : Launch script is exported to file 'G:\440_w_board_files\440_w_board_files.sdk\.sdk\launch_scripts\xilinx_c-c++_application_(system_debugger)\system_debugger_using_debug_alaw.elf_on_local.tcl'
20:27:44 INFO  : Disconnected from the channel tcfchan#14.
20:27:45 INFO  : 'targets -set -filter {jtag_cable_name =~ "Digilent Cora Z7 - 7007S 210370BD769BA" && level==0} -index 1' command is executed.
20:27:45 INFO  : 'fpga -state' command is executed.
20:27:45 INFO  : Connected to target on host '127.0.0.1' and port '3121'.
20:27:45 INFO  : Jtag cable 'Digilent Cora Z7 - 7007S 210370BD769BA' is selected.
20:27:45 INFO  : 'jtag frequency' command is executed.
20:27:45 INFO  : Sourcing of 'G:/440_w_board_files/440_w_board_files.sdk/design_1_wrapper_hw_platform_0/ps7_init.tcl' is done.
20:27:45 INFO  : Context for 'APU' is selected.
20:27:47 INFO  : Hardware design information is loaded from 'G:/440_w_board_files/440_w_board_files.sdk/design_1_wrapper_hw_platform_0/system.hdf'.
20:27:47 INFO  : 'configparams force-mem-access 1' command is executed.
20:27:47 INFO  : Context for 'APU' is selected.
20:27:47 INFO  : 'stop' command is executed.
20:27:47 INFO  : 'ps7_init' command is executed.
20:27:47 INFO  : 'ps7_post_config' command is executed.
20:27:47 INFO  : Context for processor 'ps7_cortexa9_0' is selected.
20:27:47 INFO  : Processor reset is completed for 'ps7_cortexa9_0'.
20:27:47 INFO  : Context for processor 'ps7_cortexa9_0' is selected.
20:27:49 INFO  : The application 'G:/440_w_board_files/440_w_board_files.sdk/aLaw/Debug/aLaw.elf' is downloaded to processor 'ps7_cortexa9_0'.
20:27:49 INFO  : 'configparams force-mem-access 0' command is executed.
20:27:49 INFO  : ----------------XSDB Script----------------
connect -url tcp:127.0.0.1:3121
source G:/440_w_board_files/440_w_board_files.sdk/design_1_wrapper_hw_platform_0/ps7_init.tcl
targets -set -nocase -filter {name =~"APU*" && jtag_cable_name =~ "Digilent Cora Z7 - 7007S 210370BD769BA"} -index 0
loadhw -hw G:/440_w_board_files/440_w_board_files.sdk/design_1_wrapper_hw_platform_0/system.hdf -mem-ranges [list {0x40000000 0xbfffffff}]
configparams force-mem-access 1
targets -set -nocase -filter {name =~"APU*" && jtag_cable_name =~ "Digilent Cora Z7 - 7007S 210370BD769BA"} -index 0
stop
ps7_init
ps7_post_config
targets -set -nocase -filter {name =~ "ARM*#0" && jtag_cable_name =~ "Digilent Cora Z7 - 7007S 210370BD769BA"} -index 0
rst -processor
targets -set -nocase -filter {name =~ "ARM*#0" && jtag_cable_name =~ "Digilent Cora Z7 - 7007S 210370BD769BA"} -index 0
dow G:/440_w_board_files/440_w_board_files.sdk/aLaw/Debug/aLaw.elf
configparams force-mem-access 0
----------------End of Script----------------

20:27:49 INFO  : Memory regions updated for context APU
20:27:49 INFO  : Context for processor 'ps7_cortexa9_0' is selected.
20:27:49 INFO  : 'con' command is executed.
20:27:49 INFO  : ----------------XSDB Script (After Launch)----------------
targets -set -nocase -filter {name =~ "ARM*#0" && jtag_cable_name =~ "Digilent Cora Z7 - 7007S 210370BD769BA"} -index 0
con
----------------End of Script----------------

20:27:49 INFO  : Launch script is exported to file 'G:\440_w_board_files\440_w_board_files.sdk\.sdk\launch_scripts\xilinx_c-c++_application_(system_debugger)\system_debugger_using_debug_alaw.elf_on_local.tcl'
20:29:57 INFO  : Disconnected from the channel tcfchan#15.
20:29:58 INFO  : 'targets -set -filter {jtag_cable_name =~ "Digilent Cora Z7 - 7007S 210370BD769BA" && level==0} -index 1' command is executed.
20:29:58 INFO  : 'fpga -state' command is executed.
20:29:58 INFO  : Connected to target on host '127.0.0.1' and port '3121'.
20:29:58 INFO  : Jtag cable 'Digilent Cora Z7 - 7007S 210370BD769BA' is selected.
20:29:58 INFO  : 'jtag frequency' command is executed.
20:29:58 INFO  : Sourcing of 'G:/440_w_board_files/440_w_board_files.sdk/design_1_wrapper_hw_platform_0/ps7_init.tcl' is done.
20:29:58 INFO  : Context for 'APU' is selected.
20:29:59 INFO  : Hardware design information is loaded from 'G:/440_w_board_files/440_w_board_files.sdk/design_1_wrapper_hw_platform_0/system.hdf'.
20:29:59 INFO  : 'configparams force-mem-access 1' command is executed.
20:29:59 INFO  : Context for 'APU' is selected.
20:29:59 INFO  : 'stop' command is executed.
20:29:59 INFO  : 'ps7_init' command is executed.
20:29:59 INFO  : 'ps7_post_config' command is executed.
20:30:00 INFO  : Context for processor 'ps7_cortexa9_0' is selected.
20:30:00 INFO  : Processor reset is completed for 'ps7_cortexa9_0'.
20:30:00 INFO  : Context for processor 'ps7_cortexa9_0' is selected.
20:30:02 INFO  : The application 'G:/440_w_board_files/440_w_board_files.sdk/aLaw/Debug/aLaw.elf' is downloaded to processor 'ps7_cortexa9_0'.
20:30:02 INFO  : 'configparams force-mem-access 0' command is executed.
20:30:02 INFO  : ----------------XSDB Script----------------
connect -url tcp:127.0.0.1:3121
source G:/440_w_board_files/440_w_board_files.sdk/design_1_wrapper_hw_platform_0/ps7_init.tcl
targets -set -nocase -filter {name =~"APU*" && jtag_cable_name =~ "Digilent Cora Z7 - 7007S 210370BD769BA"} -index 0
loadhw -hw G:/440_w_board_files/440_w_board_files.sdk/design_1_wrapper_hw_platform_0/system.hdf -mem-ranges [list {0x40000000 0xbfffffff}]
configparams force-mem-access 1
targets -set -nocase -filter {name =~"APU*" && jtag_cable_name =~ "Digilent Cora Z7 - 7007S 210370BD769BA"} -index 0
stop
ps7_init
ps7_post_config
targets -set -nocase -filter {name =~ "ARM*#0" && jtag_cable_name =~ "Digilent Cora Z7 - 7007S 210370BD769BA"} -index 0
rst -processor
targets -set -nocase -filter {name =~ "ARM*#0" && jtag_cable_name =~ "Digilent Cora Z7 - 7007S 210370BD769BA"} -index 0
dow G:/440_w_board_files/440_w_board_files.sdk/aLaw/Debug/aLaw.elf
configparams force-mem-access 0
----------------End of Script----------------

20:30:02 INFO  : Memory regions updated for context APU
20:30:02 INFO  : Context for processor 'ps7_cortexa9_0' is selected.
20:30:02 INFO  : 'con' command is executed.
20:30:02 INFO  : ----------------XSDB Script (After Launch)----------------
targets -set -nocase -filter {name =~ "ARM*#0" && jtag_cable_name =~ "Digilent Cora Z7 - 7007S 210370BD769BA"} -index 0
con
----------------End of Script----------------

20:30:02 INFO  : Launch script is exported to file 'G:\440_w_board_files\440_w_board_files.sdk\.sdk\launch_scripts\xilinx_c-c++_application_(system_debugger)\system_debugger_using_debug_alaw.elf_on_local.tcl'
20:30:56 INFO  : Disconnected from the channel tcfchan#16.
20:30:57 INFO  : 'targets -set -filter {jtag_cable_name =~ "Digilent Cora Z7 - 7007S 210370BD769BA" && level==0} -index 1' command is executed.
20:30:57 INFO  : 'fpga -state' command is executed.
20:30:57 INFO  : Connected to target on host '127.0.0.1' and port '3121'.
20:30:57 INFO  : Jtag cable 'Digilent Cora Z7 - 7007S 210370BD769BA' is selected.
20:30:57 INFO  : 'jtag frequency' command is executed.
20:30:57 INFO  : Sourcing of 'G:/440_w_board_files/440_w_board_files.sdk/design_1_wrapper_hw_platform_0/ps7_init.tcl' is done.
20:30:57 INFO  : Context for 'APU' is selected.
20:30:58 INFO  : Hardware design information is loaded from 'G:/440_w_board_files/440_w_board_files.sdk/design_1_wrapper_hw_platform_0/system.hdf'.
20:30:58 INFO  : 'configparams force-mem-access 1' command is executed.
20:30:58 INFO  : Context for 'APU' is selected.
20:30:58 INFO  : 'stop' command is executed.
20:30:59 INFO  : 'ps7_init' command is executed.
20:30:59 INFO  : 'ps7_post_config' command is executed.
20:30:59 INFO  : Context for processor 'ps7_cortexa9_0' is selected.
20:30:59 INFO  : Processor reset is completed for 'ps7_cortexa9_0'.
20:30:59 INFO  : Context for processor 'ps7_cortexa9_0' is selected.
20:31:01 INFO  : The application 'G:/440_w_board_files/440_w_board_files.sdk/aLaw/Debug/aLaw.elf' is downloaded to processor 'ps7_cortexa9_0'.
20:31:01 INFO  : 'configparams force-mem-access 0' command is executed.
20:31:01 INFO  : ----------------XSDB Script----------------
connect -url tcp:127.0.0.1:3121
source G:/440_w_board_files/440_w_board_files.sdk/design_1_wrapper_hw_platform_0/ps7_init.tcl
targets -set -nocase -filter {name =~"APU*" && jtag_cable_name =~ "Digilent Cora Z7 - 7007S 210370BD769BA"} -index 0
loadhw -hw G:/440_w_board_files/440_w_board_files.sdk/design_1_wrapper_hw_platform_0/system.hdf -mem-ranges [list {0x40000000 0xbfffffff}]
configparams force-mem-access 1
targets -set -nocase -filter {name =~"APU*" && jtag_cable_name =~ "Digilent Cora Z7 - 7007S 210370BD769BA"} -index 0
stop
ps7_init
ps7_post_config
targets -set -nocase -filter {name =~ "ARM*#0" && jtag_cable_name =~ "Digilent Cora Z7 - 7007S 210370BD769BA"} -index 0
rst -processor
targets -set -nocase -filter {name =~ "ARM*#0" && jtag_cable_name =~ "Digilent Cora Z7 - 7007S 210370BD769BA"} -index 0
dow G:/440_w_board_files/440_w_board_files.sdk/aLaw/Debug/aLaw.elf
configparams force-mem-access 0
----------------End of Script----------------

20:31:01 INFO  : Memory regions updated for context APU
20:31:01 INFO  : Context for processor 'ps7_cortexa9_0' is selected.
20:31:01 INFO  : 'con' command is executed.
20:31:01 INFO  : ----------------XSDB Script (After Launch)----------------
targets -set -nocase -filter {name =~ "ARM*#0" && jtag_cable_name =~ "Digilent Cora Z7 - 7007S 210370BD769BA"} -index 0
con
----------------End of Script----------------

20:31:01 INFO  : Launch script is exported to file 'G:\440_w_board_files\440_w_board_files.sdk\.sdk\launch_scripts\xilinx_c-c++_application_(system_debugger)\system_debugger_using_debug_alaw.elf_on_local.tcl'
20:31:40 INFO  : Disconnected from the channel tcfchan#17.
20:31:41 INFO  : 'targets -set -filter {jtag_cable_name =~ "Digilent Cora Z7 - 7007S 210370BD769BA" && level==0} -index 1' command is executed.
20:31:41 INFO  : 'fpga -state' command is executed.
20:31:41 INFO  : Connected to target on host '127.0.0.1' and port '3121'.
20:31:41 INFO  : Jtag cable 'Digilent Cora Z7 - 7007S 210370BD769BA' is selected.
20:31:41 INFO  : 'jtag frequency' command is executed.
20:31:41 INFO  : Sourcing of 'G:/440_w_board_files/440_w_board_files.sdk/design_1_wrapper_hw_platform_0/ps7_init.tcl' is done.
20:31:41 INFO  : Context for 'APU' is selected.
20:31:42 INFO  : Hardware design information is loaded from 'G:/440_w_board_files/440_w_board_files.sdk/design_1_wrapper_hw_platform_0/system.hdf'.
20:31:42 INFO  : 'configparams force-mem-access 1' command is executed.
20:31:42 INFO  : Context for 'APU' is selected.
20:31:42 INFO  : 'stop' command is executed.
20:31:42 INFO  : 'ps7_init' command is executed.
20:31:42 INFO  : 'ps7_post_config' command is executed.
20:31:42 INFO  : Context for processor 'ps7_cortexa9_0' is selected.
20:31:42 INFO  : Processor reset is completed for 'ps7_cortexa9_0'.
20:31:42 INFO  : Context for processor 'ps7_cortexa9_0' is selected.
20:31:44 INFO  : The application 'G:/440_w_board_files/440_w_board_files.sdk/aLaw/Debug/aLaw.elf' is downloaded to processor 'ps7_cortexa9_0'.
20:31:44 INFO  : 'configparams force-mem-access 0' command is executed.
20:31:44 INFO  : ----------------XSDB Script----------------
connect -url tcp:127.0.0.1:3121
source G:/440_w_board_files/440_w_board_files.sdk/design_1_wrapper_hw_platform_0/ps7_init.tcl
targets -set -nocase -filter {name =~"APU*" && jtag_cable_name =~ "Digilent Cora Z7 - 7007S 210370BD769BA"} -index 0
loadhw -hw G:/440_w_board_files/440_w_board_files.sdk/design_1_wrapper_hw_platform_0/system.hdf -mem-ranges [list {0x40000000 0xbfffffff}]
configparams force-mem-access 1
targets -set -nocase -filter {name =~"APU*" && jtag_cable_name =~ "Digilent Cora Z7 - 7007S 210370BD769BA"} -index 0
stop
ps7_init
ps7_post_config
targets -set -nocase -filter {name =~ "ARM*#0" && jtag_cable_name =~ "Digilent Cora Z7 - 7007S 210370BD769BA"} -index 0
rst -processor
targets -set -nocase -filter {name =~ "ARM*#0" && jtag_cable_name =~ "Digilent Cora Z7 - 7007S 210370BD769BA"} -index 0
dow G:/440_w_board_files/440_w_board_files.sdk/aLaw/Debug/aLaw.elf
configparams force-mem-access 0
----------------End of Script----------------

20:31:44 INFO  : Memory regions updated for context APU
20:31:44 INFO  : Context for processor 'ps7_cortexa9_0' is selected.
20:31:44 INFO  : 'con' command is executed.
20:31:44 INFO  : ----------------XSDB Script (After Launch)----------------
targets -set -nocase -filter {name =~ "ARM*#0" && jtag_cable_name =~ "Digilent Cora Z7 - 7007S 210370BD769BA"} -index 0
con
----------------End of Script----------------

20:31:44 INFO  : Launch script is exported to file 'G:\440_w_board_files\440_w_board_files.sdk\.sdk\launch_scripts\xilinx_c-c++_application_(system_debugger)\system_debugger_using_debug_alaw.elf_on_local.tcl'
20:45:58 INFO  : Disconnected from the channel tcfchan#18.
20:45:59 INFO  : 'targets -set -filter {jtag_cable_name =~ "Digilent Cora Z7 - 7007S 210370BD769BA" && level==0} -index 1' command is executed.
20:45:59 INFO  : 'fpga -state' command is executed.
20:46:43 INFO  : Memory regions updated for context APU
20:46:46 INFO  : 'targets -set -filter {jtag_cable_name =~ "Digilent Cora Z7 - 7007S 210370BD769BA" && level==0} -index 1' command is executed.
20:46:46 INFO  : 'fpga -state' command is executed.
20:46:50 INFO  : Memory regions updated for context APU
20:47:39 INFO  : 'targets -set -filter {jtag_cable_name =~ "Digilent Cora Z7 - 7007S 210370BD769BA" && level==0} -index 1' command is executed.
20:47:39 INFO  : 'fpga -state' command is executed.
20:47:39 INFO  : Connected to target on host '127.0.0.1' and port '3121'.
20:47:39 INFO  : Jtag cable 'Digilent Cora Z7 - 7007S 210370BD769BA' is selected.
20:47:39 INFO  : 'jtag frequency' command is executed.
20:47:39 INFO  : Sourcing of 'G:/440_w_board_files/440_w_board_files.sdk/design_1_wrapper_hw_platform_0/ps7_init.tcl' is done.
20:47:39 INFO  : Context for 'APU' is selected.
20:47:40 INFO  : Hardware design information is loaded from 'G:/440_w_board_files/440_w_board_files.sdk/design_1_wrapper_hw_platform_0/system.hdf'.
20:47:40 INFO  : 'configparams force-mem-access 1' command is executed.
20:47:40 INFO  : Context for 'APU' is selected.
20:47:40 INFO  : 'stop' command is executed.
20:47:41 INFO  : 'ps7_init' command is executed.
20:47:41 INFO  : 'ps7_post_config' command is executed.
20:47:41 INFO  : Context for processor 'ps7_cortexa9_0' is selected.
20:47:41 INFO  : Processor reset is completed for 'ps7_cortexa9_0'.
20:47:41 INFO  : Context for processor 'ps7_cortexa9_0' is selected.
20:47:43 INFO  : The application 'G:/440_w_board_files/440_w_board_files.sdk/aLaw/Debug/aLaw.elf' is downloaded to processor 'ps7_cortexa9_0'.
20:47:43 INFO  : 'configparams force-mem-access 0' command is executed.
20:47:43 INFO  : ----------------XSDB Script----------------
connect -url tcp:127.0.0.1:3121
source G:/440_w_board_files/440_w_board_files.sdk/design_1_wrapper_hw_platform_0/ps7_init.tcl
targets -set -nocase -filter {name =~"APU*" && jtag_cable_name =~ "Digilent Cora Z7 - 7007S 210370BD769BA"} -index 0
loadhw -hw G:/440_w_board_files/440_w_board_files.sdk/design_1_wrapper_hw_platform_0/system.hdf -mem-ranges [list {0x40000000 0xbfffffff}]
configparams force-mem-access 1
targets -set -nocase -filter {name =~"APU*" && jtag_cable_name =~ "Digilent Cora Z7 - 7007S 210370BD769BA"} -index 0
stop
ps7_init
ps7_post_config
targets -set -nocase -filter {name =~ "ARM*#0" && jtag_cable_name =~ "Digilent Cora Z7 - 7007S 210370BD769BA"} -index 0
rst -processor
targets -set -nocase -filter {name =~ "ARM*#0" && jtag_cable_name =~ "Digilent Cora Z7 - 7007S 210370BD769BA"} -index 0
dow G:/440_w_board_files/440_w_board_files.sdk/aLaw/Debug/aLaw.elf
configparams force-mem-access 0
----------------End of Script----------------

20:47:43 INFO  : Memory regions updated for context APU
20:47:43 INFO  : Context for processor 'ps7_cortexa9_0' is selected.
20:47:43 INFO  : 'con' command is executed.
20:47:43 INFO  : ----------------XSDB Script (After Launch)----------------
targets -set -nocase -filter {name =~ "ARM*#0" && jtag_cable_name =~ "Digilent Cora Z7 - 7007S 210370BD769BA"} -index 0
con
----------------End of Script----------------

20:47:43 INFO  : Launch script is exported to file 'G:\440_w_board_files\440_w_board_files.sdk\.sdk\launch_scripts\xilinx_c-c++_application_(system_debugger)\system_debugger_using_debug_alaw.elf_on_local.tcl'
21:17:42 INFO  : Disconnected from the channel tcfchan#19.
21:17:43 INFO  : 'targets -set -filter {jtag_cable_name =~ "Digilent Cora Z7 - 7007S 210370BD769BA" && level==0} -index 1' command is executed.
21:17:44 INFO  : 'fpga -state' command is executed.
21:17:44 INFO  : Connected to target on host '127.0.0.1' and port '3121'.
21:17:44 INFO  : Jtag cable 'Digilent Cora Z7 - 7007S 210370BD769BA' is selected.
21:17:44 INFO  : 'jtag frequency' command is executed.
21:17:44 INFO  : Sourcing of 'G:/440_w_board_files/440_w_board_files.sdk/design_1_wrapper_hw_platform_0/ps7_init.tcl' is done.
21:17:44 INFO  : Context for 'APU' is selected.
21:17:45 INFO  : Hardware design information is loaded from 'G:/440_w_board_files/440_w_board_files.sdk/design_1_wrapper_hw_platform_0/system.hdf'.
21:17:45 INFO  : 'configparams force-mem-access 1' command is executed.
21:17:45 INFO  : Context for 'APU' is selected.
21:17:45 INFO  : 'stop' command is executed.
21:17:45 INFO  : 'ps7_init' command is executed.
21:17:45 INFO  : 'ps7_post_config' command is executed.
21:17:46 INFO  : Context for processor 'ps7_cortexa9_0' is selected.
21:17:46 INFO  : Processor reset is completed for 'ps7_cortexa9_0'.
21:17:46 INFO  : Context for processor 'ps7_cortexa9_0' is selected.
21:17:48 INFO  : The application 'G:/440_w_board_files/440_w_board_files.sdk/aLaw/Debug/aLaw.elf' is downloaded to processor 'ps7_cortexa9_0'.
21:17:48 INFO  : 'configparams force-mem-access 0' command is executed.
21:17:48 INFO  : ----------------XSDB Script----------------
connect -url tcp:127.0.0.1:3121
source G:/440_w_board_files/440_w_board_files.sdk/design_1_wrapper_hw_platform_0/ps7_init.tcl
targets -set -nocase -filter {name =~"APU*" && jtag_cable_name =~ "Digilent Cora Z7 - 7007S 210370BD769BA"} -index 0
loadhw -hw G:/440_w_board_files/440_w_board_files.sdk/design_1_wrapper_hw_platform_0/system.hdf -mem-ranges [list {0x40000000 0xbfffffff}]
configparams force-mem-access 1
targets -set -nocase -filter {name =~"APU*" && jtag_cable_name =~ "Digilent Cora Z7 - 7007S 210370BD769BA"} -index 0
stop
ps7_init
ps7_post_config
targets -set -nocase -filter {name =~ "ARM*#0" && jtag_cable_name =~ "Digilent Cora Z7 - 7007S 210370BD769BA"} -index 0
rst -processor
targets -set -nocase -filter {name =~ "ARM*#0" && jtag_cable_name =~ "Digilent Cora Z7 - 7007S 210370BD769BA"} -index 0
dow G:/440_w_board_files/440_w_board_files.sdk/aLaw/Debug/aLaw.elf
configparams force-mem-access 0
----------------End of Script----------------

21:17:48 INFO  : Memory regions updated for context APU
21:17:48 INFO  : Context for processor 'ps7_cortexa9_0' is selected.
21:17:48 INFO  : 'con' command is executed.
21:17:48 INFO  : ----------------XSDB Script (After Launch)----------------
targets -set -nocase -filter {name =~ "ARM*#0" && jtag_cable_name =~ "Digilent Cora Z7 - 7007S 210370BD769BA"} -index 0
con
----------------End of Script----------------

21:17:48 INFO  : Launch script is exported to file 'G:\440_w_board_files\440_w_board_files.sdk\.sdk\launch_scripts\xilinx_c-c++_application_(system_debugger)\system_debugger_using_debug_alaw.elf_on_local.tcl'
21:56:52 INFO  : Disconnected from the channel tcfchan#20.
21:56:53 INFO  : 'targets -set -filter {jtag_cable_name =~ "Digilent Cora Z7 - 7007S 210370BD769BA" && level==0} -index 1' command is executed.
21:56:53 INFO  : 'fpga -state' command is executed.
21:56:53 INFO  : Connected to target on host '127.0.0.1' and port '3121'.
21:56:53 INFO  : Jtag cable 'Digilent Cora Z7 - 7007S 210370BD769BA' is selected.
21:56:53 INFO  : 'jtag frequency' command is executed.
21:56:53 INFO  : Sourcing of 'G:/440_w_board_files/440_w_board_files.sdk/design_1_wrapper_hw_platform_0/ps7_init.tcl' is done.
21:56:53 INFO  : Context for 'APU' is selected.
21:56:54 ERROR : 'loadhw -hw G:/440_w_board_files/440_w_board_files.sdk/design_1_wrapper_hw_platform_0/system.hdf -mem-ranges [list {0x40000000 0xbfffffff}]' is cancelled.
21:56:54 INFO  : ----------------XSDB Script----------------
connect -url tcp:127.0.0.1:3121
source G:/440_w_board_files/440_w_board_files.sdk/design_1_wrapper_hw_platform_0/ps7_init.tcl
targets -set -nocase -filter {name =~"APU*" && jtag_cable_name =~ "Digilent Cora Z7 - 7007S 210370BD769BA"} -index 0
loadhw -hw G:/440_w_board_files/440_w_board_files.sdk/design_1_wrapper_hw_platform_0/system.hdf -mem-ranges [list {0x40000000 0xbfffffff}]
----------------End of Script----------------

21:56:54 INFO  : Issued abort command to xsdb.
21:57:07 INFO  : 'targets -set -filter {jtag_cable_name =~ "Digilent Cora Z7 - 7007S 210370BD769BA" && level==0} -index 1' command is executed.
21:57:07 INFO  : 'fpga -state' command is executed.
21:57:07 INFO  : Connected to target on host '127.0.0.1' and port '3121'.
21:57:07 INFO  : Jtag cable 'Digilent Cora Z7 - 7007S 210370BD769BA' is selected.
21:57:07 INFO  : 'jtag frequency' command is executed.
21:57:07 INFO  : Sourcing of 'G:/440_w_board_files/440_w_board_files.sdk/design_1_wrapper_hw_platform_0/ps7_init.tcl' is done.
21:57:07 INFO  : Context for 'APU' is selected.
21:57:07 INFO  : Hardware design information is loaded from 'G:/440_w_board_files/440_w_board_files.sdk/design_1_wrapper_hw_platform_0/system.hdf'.
21:57:07 INFO  : 'configparams force-mem-access 1' command is executed.
21:57:07 INFO  : Context for 'APU' is selected.
21:57:07 INFO  : 'stop' command is executed.
21:57:07 INFO  : 'ps7_init' command is executed.
21:57:07 INFO  : 'ps7_post_config' command is executed.
21:57:07 INFO  : Context for processor 'ps7_cortexa9_0' is selected.
21:57:07 INFO  : Processor reset is completed for 'ps7_cortexa9_0'.
21:57:07 INFO  : Context for processor 'ps7_cortexa9_0' is selected.
21:57:09 INFO  : The application 'G:/440_w_board_files/440_w_board_files.sdk/aLaw/Debug/aLaw.elf' is downloaded to processor 'ps7_cortexa9_0'.
21:57:09 INFO  : 'configparams force-mem-access 0' command is executed.
21:57:09 INFO  : ----------------XSDB Script----------------
connect -url tcp:127.0.0.1:3121
source G:/440_w_board_files/440_w_board_files.sdk/design_1_wrapper_hw_platform_0/ps7_init.tcl
targets -set -nocase -filter {name =~"APU*" && jtag_cable_name =~ "Digilent Cora Z7 - 7007S 210370BD769BA"} -index 0
loadhw -hw G:/440_w_board_files/440_w_board_files.sdk/design_1_wrapper_hw_platform_0/system.hdf -mem-ranges [list {0x40000000 0xbfffffff}]
configparams force-mem-access 1
targets -set -nocase -filter {name =~"APU*" && jtag_cable_name =~ "Digilent Cora Z7 - 7007S 210370BD769BA"} -index 0
stop
ps7_init
ps7_post_config
targets -set -nocase -filter {name =~ "ARM*#0" && jtag_cable_name =~ "Digilent Cora Z7 - 7007S 210370BD769BA"} -index 0
rst -processor
targets -set -nocase -filter {name =~ "ARM*#0" && jtag_cable_name =~ "Digilent Cora Z7 - 7007S 210370BD769BA"} -index 0
dow G:/440_w_board_files/440_w_board_files.sdk/aLaw/Debug/aLaw.elf
configparams force-mem-access 0
----------------End of Script----------------

21:57:09 INFO  : Memory regions updated for context APU
21:57:10 INFO  : Context for processor 'ps7_cortexa9_0' is selected.
21:57:10 INFO  : 'con' command is executed.
21:57:10 INFO  : ----------------XSDB Script (After Launch)----------------
targets -set -nocase -filter {name =~ "ARM*#0" && jtag_cable_name =~ "Digilent Cora Z7 - 7007S 210370BD769BA"} -index 0
con
----------------End of Script----------------

21:57:10 INFO  : Launch script is exported to file 'G:\440_w_board_files\440_w_board_files.sdk\.sdk\launch_scripts\xilinx_c-c++_application_(system_debugger)\system_debugger_using_debug_alaw.elf_on_local.tcl'
22:01:04 INFO  : Disconnected from the channel tcfchan#21.
22:01:05 INFO  : 'targets -set -filter {jtag_cable_name =~ "Digilent Cora Z7 - 7007S 210370BD769BA" && level==0} -index 1' command is executed.
22:01:06 INFO  : 'fpga -state' command is executed.
22:01:06 INFO  : Connected to target on host '127.0.0.1' and port '3121'.
22:01:06 INFO  : Jtag cable 'Digilent Cora Z7 - 7007S 210370BD769BA' is selected.
22:01:06 INFO  : 'jtag frequency' command is executed.
22:01:06 INFO  : Sourcing of 'G:/440_w_board_files/440_w_board_files.sdk/design_1_wrapper_hw_platform_0/ps7_init.tcl' is done.
22:01:06 INFO  : Context for 'APU' is selected.
22:01:07 INFO  : Hardware design information is loaded from 'G:/440_w_board_files/440_w_board_files.sdk/design_1_wrapper_hw_platform_0/system.hdf'.
22:01:07 INFO  : 'configparams force-mem-access 1' command is executed.
22:01:07 INFO  : Context for 'APU' is selected.
22:01:07 INFO  : 'stop' command is executed.
22:01:07 INFO  : 'ps7_init' command is executed.
22:01:07 INFO  : 'ps7_post_config' command is executed.
22:01:07 INFO  : Context for processor 'ps7_cortexa9_0' is selected.
22:01:08 INFO  : Processor reset is completed for 'ps7_cortexa9_0'.
22:01:08 INFO  : Context for processor 'ps7_cortexa9_0' is selected.
22:01:10 INFO  : The application 'G:/440_w_board_files/440_w_board_files.sdk/aLaw/Debug/aLaw.elf' is downloaded to processor 'ps7_cortexa9_0'.
22:01:10 INFO  : 'configparams force-mem-access 0' command is executed.
22:01:10 INFO  : ----------------XSDB Script----------------
connect -url tcp:127.0.0.1:3121
source G:/440_w_board_files/440_w_board_files.sdk/design_1_wrapper_hw_platform_0/ps7_init.tcl
targets -set -nocase -filter {name =~"APU*" && jtag_cable_name =~ "Digilent Cora Z7 - 7007S 210370BD769BA"} -index 0
loadhw -hw G:/440_w_board_files/440_w_board_files.sdk/design_1_wrapper_hw_platform_0/system.hdf -mem-ranges [list {0x40000000 0xbfffffff}]
configparams force-mem-access 1
targets -set -nocase -filter {name =~"APU*" && jtag_cable_name =~ "Digilent Cora Z7 - 7007S 210370BD769BA"} -index 0
stop
ps7_init
ps7_post_config
targets -set -nocase -filter {name =~ "ARM*#0" && jtag_cable_name =~ "Digilent Cora Z7 - 7007S 210370BD769BA"} -index 0
rst -processor
targets -set -nocase -filter {name =~ "ARM*#0" && jtag_cable_name =~ "Digilent Cora Z7 - 7007S 210370BD769BA"} -index 0
dow G:/440_w_board_files/440_w_board_files.sdk/aLaw/Debug/aLaw.elf
configparams force-mem-access 0
----------------End of Script----------------

22:01:10 INFO  : Memory regions updated for context APU
22:01:10 INFO  : Context for processor 'ps7_cortexa9_0' is selected.
22:01:10 INFO  : 'con' command is executed.
22:01:10 INFO  : ----------------XSDB Script (After Launch)----------------
targets -set -nocase -filter {name =~ "ARM*#0" && jtag_cable_name =~ "Digilent Cora Z7 - 7007S 210370BD769BA"} -index 0
con
----------------End of Script----------------

22:01:10 INFO  : Launch script is exported to file 'G:\440_w_board_files\440_w_board_files.sdk\.sdk\launch_scripts\xilinx_c-c++_application_(system_debugger)\system_debugger_using_debug_alaw.elf_on_local.tcl'
22:44:06 INFO  : Disconnected from the channel tcfchan#22.
22:44:07 INFO  : 'targets -set -filter {jtag_cable_name =~ "Digilent Cora Z7 - 7007S 210370BD769BA" && level==0} -index 1' command is executed.
22:44:07 INFO  : 'fpga -state' command is executed.
22:44:07 INFO  : Connected to target on host '127.0.0.1' and port '3121'.
22:44:07 INFO  : Jtag cable 'Digilent Cora Z7 - 7007S 210370BD769BA' is selected.
22:44:07 INFO  : 'jtag frequency' command is executed.
22:44:07 INFO  : Sourcing of 'G:/440_w_board_files/440_w_board_files.sdk/design_1_wrapper_hw_platform_0/ps7_init.tcl' is done.
22:44:07 INFO  : Context for 'APU' is selected.
22:44:09 INFO  : Hardware design information is loaded from 'G:/440_w_board_files/440_w_board_files.sdk/design_1_wrapper_hw_platform_0/system.hdf'.
22:44:09 INFO  : 'configparams force-mem-access 1' command is executed.
22:44:09 INFO  : Context for 'APU' is selected.
22:44:09 INFO  : 'stop' command is executed.
22:44:10 INFO  : 'ps7_init' command is executed.
22:44:10 INFO  : 'ps7_post_config' command is executed.
22:44:10 INFO  : Context for processor 'ps7_cortexa9_0' is selected.
22:44:10 INFO  : Processor reset is completed for 'ps7_cortexa9_0'.
22:44:10 INFO  : Context for processor 'ps7_cortexa9_0' is selected.
22:44:12 INFO  : The application 'G:/440_w_board_files/440_w_board_files.sdk/aLaw/Debug/aLaw.elf' is downloaded to processor 'ps7_cortexa9_0'.
22:44:12 INFO  : 'configparams force-mem-access 0' command is executed.
22:44:12 INFO  : ----------------XSDB Script----------------
connect -url tcp:127.0.0.1:3121
source G:/440_w_board_files/440_w_board_files.sdk/design_1_wrapper_hw_platform_0/ps7_init.tcl
targets -set -nocase -filter {name =~"APU*" && jtag_cable_name =~ "Digilent Cora Z7 - 7007S 210370BD769BA"} -index 0
loadhw -hw G:/440_w_board_files/440_w_board_files.sdk/design_1_wrapper_hw_platform_0/system.hdf -mem-ranges [list {0x40000000 0xbfffffff}]
configparams force-mem-access 1
targets -set -nocase -filter {name =~"APU*" && jtag_cable_name =~ "Digilent Cora Z7 - 7007S 210370BD769BA"} -index 0
stop
ps7_init
ps7_post_config
targets -set -nocase -filter {name =~ "ARM*#0" && jtag_cable_name =~ "Digilent Cora Z7 - 7007S 210370BD769BA"} -index 0
rst -processor
targets -set -nocase -filter {name =~ "ARM*#0" && jtag_cable_name =~ "Digilent Cora Z7 - 7007S 210370BD769BA"} -index 0
dow G:/440_w_board_files/440_w_board_files.sdk/aLaw/Debug/aLaw.elf
configparams force-mem-access 0
----------------End of Script----------------

22:44:12 INFO  : Memory regions updated for context APU
22:44:12 INFO  : Context for processor 'ps7_cortexa9_0' is selected.
22:44:12 INFO  : 'con' command is executed.
22:44:12 INFO  : ----------------XSDB Script (After Launch)----------------
targets -set -nocase -filter {name =~ "ARM*#0" && jtag_cable_name =~ "Digilent Cora Z7 - 7007S 210370BD769BA"} -index 0
con
----------------End of Script----------------

22:44:12 INFO  : Launch script is exported to file 'G:\440_w_board_files\440_w_board_files.sdk\.sdk\launch_scripts\xilinx_c-c++_application_(system_debugger)\system_debugger_using_debug_alaw.elf_on_local.tcl'
22:47:49 INFO  : Disconnected from the channel tcfchan#23.
14:06:49 INFO  : Registering command handlers for SDK TCF services
14:06:49 INFO  : Launching XSCT server: xsct.bat -interactive G:\440_w_board_files\440_w_board_files.sdk\temp_xsdb_launch_script.tcl
14:06:51 INFO  : XSCT server has started successfully.
14:06:51 INFO  : Successfully done setting XSCT server connection channel  
14:06:54 INFO  : Successfully done setting SDK workspace  
14:06:54 INFO  : Processing command line option -hwspec G:/440_w_board_files/440_w_board_files.sdk/design_1_wrapper.hdf.
14:06:54 INFO  : Checking for hwspec changes in the project design_1_wrapper_hw_platform_0.
14:19:47 INFO  : 'targets -set -filter {jtag_cable_name =~ "Digilent Cora Z7 - 7007S 210370BD769BA" && level==0} -index 1' command is executed.
14:19:47 INFO  : 'fpga -state' command is executed.
14:19:47 INFO  : Connected to target on host '127.0.0.1' and port '3121'.
14:19:47 INFO  : Jtag cable 'Digilent Cora Z7 - 7007S 210370BD769BA' is selected.
14:19:47 INFO  : 'jtag frequency' command is executed.
14:19:47 INFO  : Sourcing of 'G:/440_w_board_files/440_w_board_files.sdk/design_1_wrapper_hw_platform_0/ps7_init.tcl' is done.
14:19:47 INFO  : Context for 'APU' is selected.
14:19:47 INFO  : Hardware design information is loaded from 'G:/440_w_board_files/440_w_board_files.sdk/design_1_wrapper_hw_platform_0/system.hdf'.
14:19:47 INFO  : 'configparams force-mem-access 1' command is executed.
14:19:47 INFO  : Context for 'APU' is selected.
14:19:47 INFO  : 'stop' command is executed.
14:19:47 INFO  : 'ps7_init' command is executed.
14:19:47 INFO  : 'ps7_post_config' command is executed.
14:19:47 INFO  : Context for processor 'ps7_cortexa9_0' is selected.
14:19:47 INFO  : Processor reset is completed for 'ps7_cortexa9_0'.
14:19:47 INFO  : Context for processor 'ps7_cortexa9_0' is selected.
14:19:49 INFO  : The application 'G:/440_w_board_files/440_w_board_files.sdk/aLaw/Debug/aLaw.elf' is downloaded to processor 'ps7_cortexa9_0'.
14:19:49 INFO  : 'configparams force-mem-access 0' command is executed.
14:19:49 INFO  : ----------------XSDB Script----------------
connect -url tcp:127.0.0.1:3121
source G:/440_w_board_files/440_w_board_files.sdk/design_1_wrapper_hw_platform_0/ps7_init.tcl
targets -set -nocase -filter {name =~"APU*" && jtag_cable_name =~ "Digilent Cora Z7 - 7007S 210370BD769BA"} -index 0
loadhw -hw G:/440_w_board_files/440_w_board_files.sdk/design_1_wrapper_hw_platform_0/system.hdf -mem-ranges [list {0x40000000 0xbfffffff}]
configparams force-mem-access 1
targets -set -nocase -filter {name =~"APU*" && jtag_cable_name =~ "Digilent Cora Z7 - 7007S 210370BD769BA"} -index 0
stop
ps7_init
ps7_post_config
targets -set -nocase -filter {name =~ "ARM*#0" && jtag_cable_name =~ "Digilent Cora Z7 - 7007S 210370BD769BA"} -index 0
rst -processor
targets -set -nocase -filter {name =~ "ARM*#0" && jtag_cable_name =~ "Digilent Cora Z7 - 7007S 210370BD769BA"} -index 0
dow G:/440_w_board_files/440_w_board_files.sdk/aLaw/Debug/aLaw.elf
configparams force-mem-access 0
----------------End of Script----------------

14:19:49 INFO  : Memory regions updated for context APU
14:19:49 INFO  : Context for processor 'ps7_cortexa9_0' is selected.
14:19:49 INFO  : 'con' command is executed.
14:19:49 INFO  : ----------------XSDB Script (After Launch)----------------
targets -set -nocase -filter {name =~ "ARM*#0" && jtag_cable_name =~ "Digilent Cora Z7 - 7007S 210370BD769BA"} -index 0
con
----------------End of Script----------------

14:19:49 INFO  : Launch script is exported to file 'G:\440_w_board_files\440_w_board_files.sdk\.sdk\launch_scripts\xilinx_c-c++_application_(system_debugger)\system_debugger_using_debug_alaw.elf_on_local.tcl'
21:18:01 INFO  : Disconnected from the channel tcfchan#1.
21:18:02 INFO  : 'targets -set -filter {jtag_cable_name =~ "Digilent Cora Z7 - 7007S 210370BD769BA" && level==0} -index 1' command is executed.
21:18:02 INFO  : 'fpga -state' command is executed.
21:18:02 INFO  : Connected to target on host '127.0.0.1' and port '3121'.
21:18:02 INFO  : Jtag cable 'Digilent Cora Z7 - 7007S 210370BD769BA' is selected.
21:18:02 INFO  : 'jtag frequency' command is executed.
21:18:02 INFO  : Sourcing of 'G:/440_w_board_files/440_w_board_files.sdk/design_1_wrapper_hw_platform_0/ps7_init.tcl' is done.
21:18:02 INFO  : Context for 'APU' is selected.
21:18:03 INFO  : Hardware design information is loaded from 'G:/440_w_board_files/440_w_board_files.sdk/design_1_wrapper_hw_platform_0/system.hdf'.
21:18:03 INFO  : 'configparams force-mem-access 1' command is executed.
21:18:03 INFO  : Context for 'APU' is selected.
21:18:03 INFO  : 'stop' command is executed.
21:18:04 INFO  : 'ps7_init' command is executed.
21:18:04 INFO  : 'ps7_post_config' command is executed.
21:18:04 INFO  : Context for processor 'ps7_cortexa9_0' is selected.
21:18:04 INFO  : Processor reset is completed for 'ps7_cortexa9_0'.
21:18:04 INFO  : Context for processor 'ps7_cortexa9_0' is selected.
21:18:06 INFO  : The application 'G:/440_w_board_files/440_w_board_files.sdk/aLaw/Debug/aLaw.elf' is downloaded to processor 'ps7_cortexa9_0'.
21:18:06 INFO  : 'configparams force-mem-access 0' command is executed.
21:18:06 INFO  : ----------------XSDB Script----------------
connect -url tcp:127.0.0.1:3121
source G:/440_w_board_files/440_w_board_files.sdk/design_1_wrapper_hw_platform_0/ps7_init.tcl
targets -set -nocase -filter {name =~"APU*" && jtag_cable_name =~ "Digilent Cora Z7 - 7007S 210370BD769BA"} -index 0
loadhw -hw G:/440_w_board_files/440_w_board_files.sdk/design_1_wrapper_hw_platform_0/system.hdf -mem-ranges [list {0x40000000 0xbfffffff}]
configparams force-mem-access 1
targets -set -nocase -filter {name =~"APU*" && jtag_cable_name =~ "Digilent Cora Z7 - 7007S 210370BD769BA"} -index 0
stop
ps7_init
ps7_post_config
targets -set -nocase -filter {name =~ "ARM*#0" && jtag_cable_name =~ "Digilent Cora Z7 - 7007S 210370BD769BA"} -index 0
rst -processor
targets -set -nocase -filter {name =~ "ARM*#0" && jtag_cable_name =~ "Digilent Cora Z7 - 7007S 210370BD769BA"} -index 0
dow G:/440_w_board_files/440_w_board_files.sdk/aLaw/Debug/aLaw.elf
configparams force-mem-access 0
----------------End of Script----------------

21:18:06 INFO  : Memory regions updated for context APU
21:18:06 INFO  : Context for processor 'ps7_cortexa9_0' is selected.
21:18:06 INFO  : 'con' command is executed.
21:18:06 INFO  : ----------------XSDB Script (After Launch)----------------
targets -set -nocase -filter {name =~ "ARM*#0" && jtag_cable_name =~ "Digilent Cora Z7 - 7007S 210370BD769BA"} -index 0
con
----------------End of Script----------------

21:18:06 INFO  : Launch script is exported to file 'G:\440_w_board_files\440_w_board_files.sdk\.sdk\launch_scripts\xilinx_c-c++_application_(system_debugger)\system_debugger_using_debug_alaw.elf_on_local.tcl'
21:27:55 INFO  : Disconnected from the channel tcfchan#2.
21:27:56 INFO  : 'targets -set -filter {jtag_cable_name =~ "Digilent Cora Z7 - 7007S 210370BD769BA" && level==0} -index 1' command is executed.
21:27:56 INFO  : 'fpga -state' command is executed.
21:27:56 INFO  : Connected to target on host '127.0.0.1' and port '3121'.
21:27:56 INFO  : Jtag cable 'Digilent Cora Z7 - 7007S 210370BD769BA' is selected.
21:27:56 INFO  : 'jtag frequency' command is executed.
21:27:56 INFO  : Sourcing of 'G:/440_w_board_files/440_w_board_files.sdk/design_1_wrapper_hw_platform_0/ps7_init.tcl' is done.
21:27:56 INFO  : Context for 'APU' is selected.
21:27:57 INFO  : Hardware design information is loaded from 'G:/440_w_board_files/440_w_board_files.sdk/design_1_wrapper_hw_platform_0/system.hdf'.
21:27:57 INFO  : 'configparams force-mem-access 1' command is executed.
21:27:57 INFO  : Context for 'APU' is selected.
21:27:57 INFO  : 'stop' command is executed.
21:27:58 INFO  : 'ps7_init' command is executed.
21:27:58 INFO  : 'ps7_post_config' command is executed.
21:27:58 INFO  : Context for processor 'ps7_cortexa9_0' is selected.
21:27:58 INFO  : Processor reset is completed for 'ps7_cortexa9_0'.
21:27:58 INFO  : Context for processor 'ps7_cortexa9_0' is selected.
21:28:00 INFO  : The application 'G:/440_w_board_files/440_w_board_files.sdk/aLaw/Debug/aLaw.elf' is downloaded to processor 'ps7_cortexa9_0'.
21:28:00 INFO  : 'configparams force-mem-access 0' command is executed.
21:28:00 INFO  : ----------------XSDB Script----------------
connect -url tcp:127.0.0.1:3121
source G:/440_w_board_files/440_w_board_files.sdk/design_1_wrapper_hw_platform_0/ps7_init.tcl
targets -set -nocase -filter {name =~"APU*" && jtag_cable_name =~ "Digilent Cora Z7 - 7007S 210370BD769BA"} -index 0
loadhw -hw G:/440_w_board_files/440_w_board_files.sdk/design_1_wrapper_hw_platform_0/system.hdf -mem-ranges [list {0x40000000 0xbfffffff}]
configparams force-mem-access 1
targets -set -nocase -filter {name =~"APU*" && jtag_cable_name =~ "Digilent Cora Z7 - 7007S 210370BD769BA"} -index 0
stop
ps7_init
ps7_post_config
targets -set -nocase -filter {name =~ "ARM*#0" && jtag_cable_name =~ "Digilent Cora Z7 - 7007S 210370BD769BA"} -index 0
rst -processor
targets -set -nocase -filter {name =~ "ARM*#0" && jtag_cable_name =~ "Digilent Cora Z7 - 7007S 210370BD769BA"} -index 0
dow G:/440_w_board_files/440_w_board_files.sdk/aLaw/Debug/aLaw.elf
configparams force-mem-access 0
----------------End of Script----------------

21:28:00 INFO  : Memory regions updated for context APU
21:28:00 INFO  : Context for processor 'ps7_cortexa9_0' is selected.
21:28:00 INFO  : 'con' command is executed.
21:28:00 INFO  : ----------------XSDB Script (After Launch)----------------
targets -set -nocase -filter {name =~ "ARM*#0" && jtag_cable_name =~ "Digilent Cora Z7 - 7007S 210370BD769BA"} -index 0
con
----------------End of Script----------------

21:28:00 INFO  : Launch script is exported to file 'G:\440_w_board_files\440_w_board_files.sdk\.sdk\launch_scripts\xilinx_c-c++_application_(system_debugger)\system_debugger_using_debug_alaw.elf_on_local.tcl'
21:41:39 INFO  : Disconnected from the channel tcfchan#3.
21:41:40 INFO  : 'targets -set -filter {jtag_cable_name =~ "Digilent Cora Z7 - 7007S 210370BD769BA" && level==0} -index 1' command is executed.
21:41:40 INFO  : 'fpga -state' command is executed.
21:41:40 INFO  : Connected to target on host '127.0.0.1' and port '3121'.
21:41:40 INFO  : Jtag cable 'Digilent Cora Z7 - 7007S 210370BD769BA' is selected.
21:41:40 INFO  : 'jtag frequency' command is executed.
21:41:40 INFO  : Sourcing of 'G:/440_w_board_files/440_w_board_files.sdk/design_1_wrapper_hw_platform_0/ps7_init.tcl' is done.
21:41:40 INFO  : Context for 'APU' is selected.
21:41:41 INFO  : Hardware design information is loaded from 'G:/440_w_board_files/440_w_board_files.sdk/design_1_wrapper_hw_platform_0/system.hdf'.
21:41:41 INFO  : 'configparams force-mem-access 1' command is executed.
21:41:41 INFO  : Context for 'APU' is selected.
21:41:41 INFO  : 'stop' command is executed.
21:41:41 INFO  : 'ps7_init' command is executed.
21:41:41 INFO  : 'ps7_post_config' command is executed.
21:41:41 INFO  : Context for processor 'ps7_cortexa9_0' is selected.
21:41:41 INFO  : Processor reset is completed for 'ps7_cortexa9_0'.
21:41:41 INFO  : Context for processor 'ps7_cortexa9_0' is selected.
21:41:43 INFO  : The application 'G:/440_w_board_files/440_w_board_files.sdk/aLaw/Debug/aLaw.elf' is downloaded to processor 'ps7_cortexa9_0'.
21:41:43 INFO  : 'configparams force-mem-access 0' command is executed.
21:41:43 INFO  : ----------------XSDB Script----------------
connect -url tcp:127.0.0.1:3121
source G:/440_w_board_files/440_w_board_files.sdk/design_1_wrapper_hw_platform_0/ps7_init.tcl
targets -set -nocase -filter {name =~"APU*" && jtag_cable_name =~ "Digilent Cora Z7 - 7007S 210370BD769BA"} -index 0
loadhw -hw G:/440_w_board_files/440_w_board_files.sdk/design_1_wrapper_hw_platform_0/system.hdf -mem-ranges [list {0x40000000 0xbfffffff}]
configparams force-mem-access 1
targets -set -nocase -filter {name =~"APU*" && jtag_cable_name =~ "Digilent Cora Z7 - 7007S 210370BD769BA"} -index 0
stop
ps7_init
ps7_post_config
targets -set -nocase -filter {name =~ "ARM*#0" && jtag_cable_name =~ "Digilent Cora Z7 - 7007S 210370BD769BA"} -index 0
rst -processor
targets -set -nocase -filter {name =~ "ARM*#0" && jtag_cable_name =~ "Digilent Cora Z7 - 7007S 210370BD769BA"} -index 0
dow G:/440_w_board_files/440_w_board_files.sdk/aLaw/Debug/aLaw.elf
configparams force-mem-access 0
----------------End of Script----------------

21:41:43 INFO  : Memory regions updated for context APU
21:41:43 INFO  : Context for processor 'ps7_cortexa9_0' is selected.
21:41:43 INFO  : 'con' command is executed.
21:41:43 INFO  : ----------------XSDB Script (After Launch)----------------
targets -set -nocase -filter {name =~ "ARM*#0" && jtag_cable_name =~ "Digilent Cora Z7 - 7007S 210370BD769BA"} -index 0
con
----------------End of Script----------------

21:41:43 INFO  : Launch script is exported to file 'G:\440_w_board_files\440_w_board_files.sdk\.sdk\launch_scripts\xilinx_c-c++_application_(system_debugger)\system_debugger_using_debug_alaw.elf_on_local.tcl'
21:42:19 INFO  : Disconnected from the channel tcfchan#4.
21:42:20 INFO  : 'targets -set -filter {jtag_cable_name =~ "Digilent Cora Z7 - 7007S 210370BD769BA" && level==0} -index 1' command is executed.
21:42:20 INFO  : 'fpga -state' command is executed.
21:42:20 INFO  : Connected to target on host '127.0.0.1' and port '3121'.
21:42:21 INFO  : Jtag cable 'Digilent Cora Z7 - 7007S 210370BD769BA' is selected.
21:42:21 INFO  : 'jtag frequency' command is executed.
21:42:21 INFO  : Sourcing of 'G:/440_w_board_files/440_w_board_files.sdk/design_1_wrapper_hw_platform_0/ps7_init.tcl' is done.
21:42:21 INFO  : Context for 'APU' is selected.
21:42:21 INFO  : Hardware design information is loaded from 'G:/440_w_board_files/440_w_board_files.sdk/design_1_wrapper_hw_platform_0/system.hdf'.
21:42:21 INFO  : 'configparams force-mem-access 1' command is executed.
21:42:21 INFO  : Context for 'APU' is selected.
21:42:21 INFO  : 'stop' command is executed.
21:42:22 INFO  : 'ps7_init' command is executed.
21:42:22 INFO  : 'ps7_post_config' command is executed.
21:42:22 INFO  : Context for processor 'ps7_cortexa9_0' is selected.
21:42:22 INFO  : Processor reset is completed for 'ps7_cortexa9_0'.
21:42:22 INFO  : Context for processor 'ps7_cortexa9_0' is selected.
21:42:24 INFO  : The application 'G:/440_w_board_files/440_w_board_files.sdk/aLaw/Debug/aLaw.elf' is downloaded to processor 'ps7_cortexa9_0'.
21:42:24 INFO  : 'configparams force-mem-access 0' command is executed.
21:42:24 INFO  : ----------------XSDB Script----------------
connect -url tcp:127.0.0.1:3121
source G:/440_w_board_files/440_w_board_files.sdk/design_1_wrapper_hw_platform_0/ps7_init.tcl
targets -set -nocase -filter {name =~"APU*" && jtag_cable_name =~ "Digilent Cora Z7 - 7007S 210370BD769BA"} -index 0
loadhw -hw G:/440_w_board_files/440_w_board_files.sdk/design_1_wrapper_hw_platform_0/system.hdf -mem-ranges [list {0x40000000 0xbfffffff}]
configparams force-mem-access 1
targets -set -nocase -filter {name =~"APU*" && jtag_cable_name =~ "Digilent Cora Z7 - 7007S 210370BD769BA"} -index 0
stop
ps7_init
ps7_post_config
targets -set -nocase -filter {name =~ "ARM*#0" && jtag_cable_name =~ "Digilent Cora Z7 - 7007S 210370BD769BA"} -index 0
rst -processor
targets -set -nocase -filter {name =~ "ARM*#0" && jtag_cable_name =~ "Digilent Cora Z7 - 7007S 210370BD769BA"} -index 0
dow G:/440_w_board_files/440_w_board_files.sdk/aLaw/Debug/aLaw.elf
configparams force-mem-access 0
----------------End of Script----------------

21:42:24 INFO  : Memory regions updated for context APU
21:42:24 INFO  : Context for processor 'ps7_cortexa9_0' is selected.
21:42:24 INFO  : 'con' command is executed.
21:42:24 INFO  : ----------------XSDB Script (After Launch)----------------
targets -set -nocase -filter {name =~ "ARM*#0" && jtag_cable_name =~ "Digilent Cora Z7 - 7007S 210370BD769BA"} -index 0
con
----------------End of Script----------------

21:42:24 INFO  : Launch script is exported to file 'G:\440_w_board_files\440_w_board_files.sdk\.sdk\launch_scripts\xilinx_c-c++_application_(system_debugger)\system_debugger_using_debug_alaw.elf_on_local.tcl'
22:03:59 INFO  : Disconnected from the channel tcfchan#5.
22:04:01 INFO  : 'targets -set -filter {jtag_cable_name =~ "Digilent Cora Z7 - 7007S 210370BD769BA" && level==0} -index 1' command is executed.
22:04:01 INFO  : 'fpga -state' command is executed.
22:04:01 INFO  : Connected to target on host '127.0.0.1' and port '3121'.
22:04:01 INFO  : Jtag cable 'Digilent Cora Z7 - 7007S 210370BD769BA' is selected.
22:04:01 INFO  : 'jtag frequency' command is executed.
22:04:01 INFO  : Sourcing of 'G:/440_w_board_files/440_w_board_files.sdk/design_1_wrapper_hw_platform_0/ps7_init.tcl' is done.
22:04:01 INFO  : Context for 'APU' is selected.
22:04:02 INFO  : Hardware design information is loaded from 'G:/440_w_board_files/440_w_board_files.sdk/design_1_wrapper_hw_platform_0/system.hdf'.
22:04:02 INFO  : 'configparams force-mem-access 1' command is executed.
22:04:02 INFO  : Context for 'APU' is selected.
22:04:02 INFO  : 'stop' command is executed.
22:04:02 INFO  : 'ps7_init' command is executed.
22:04:02 INFO  : 'ps7_post_config' command is executed.
22:04:02 INFO  : Context for processor 'ps7_cortexa9_0' is selected.
22:04:02 INFO  : Processor reset is completed for 'ps7_cortexa9_0'.
22:04:02 INFO  : Context for processor 'ps7_cortexa9_0' is selected.
22:04:04 INFO  : The application 'G:/440_w_board_files/440_w_board_files.sdk/aLaw/Debug/aLaw.elf' is downloaded to processor 'ps7_cortexa9_0'.
22:04:04 INFO  : 'configparams force-mem-access 0' command is executed.
22:04:04 INFO  : ----------------XSDB Script----------------
connect -url tcp:127.0.0.1:3121
source G:/440_w_board_files/440_w_board_files.sdk/design_1_wrapper_hw_platform_0/ps7_init.tcl
targets -set -nocase -filter {name =~"APU*" && jtag_cable_name =~ "Digilent Cora Z7 - 7007S 210370BD769BA"} -index 0
loadhw -hw G:/440_w_board_files/440_w_board_files.sdk/design_1_wrapper_hw_platform_0/system.hdf -mem-ranges [list {0x40000000 0xbfffffff}]
configparams force-mem-access 1
targets -set -nocase -filter {name =~"APU*" && jtag_cable_name =~ "Digilent Cora Z7 - 7007S 210370BD769BA"} -index 0
stop
ps7_init
ps7_post_config
targets -set -nocase -filter {name =~ "ARM*#0" && jtag_cable_name =~ "Digilent Cora Z7 - 7007S 210370BD769BA"} -index 0
rst -processor
targets -set -nocase -filter {name =~ "ARM*#0" && jtag_cable_name =~ "Digilent Cora Z7 - 7007S 210370BD769BA"} -index 0
dow G:/440_w_board_files/440_w_board_files.sdk/aLaw/Debug/aLaw.elf
configparams force-mem-access 0
----------------End of Script----------------

22:04:04 INFO  : Memory regions updated for context APU
22:04:04 INFO  : Context for processor 'ps7_cortexa9_0' is selected.
22:04:04 INFO  : 'con' command is executed.
22:04:04 INFO  : ----------------XSDB Script (After Launch)----------------
targets -set -nocase -filter {name =~ "ARM*#0" && jtag_cable_name =~ "Digilent Cora Z7 - 7007S 210370BD769BA"} -index 0
con
----------------End of Script----------------

22:04:04 INFO  : Launch script is exported to file 'G:\440_w_board_files\440_w_board_files.sdk\.sdk\launch_scripts\xilinx_c-c++_application_(system_debugger)\system_debugger_using_debug_alaw.elf_on_local.tcl'
22:11:48 INFO  : Disconnected from the channel tcfchan#6.
22:11:49 INFO  : 'targets -set -filter {jtag_cable_name =~ "Digilent Cora Z7 - 7007S 210370BD769BA" && level==0} -index 1' command is executed.
22:11:49 INFO  : 'fpga -state' command is executed.
22:11:49 INFO  : Connected to target on host '127.0.0.1' and port '3121'.
22:11:49 INFO  : Jtag cable 'Digilent Cora Z7 - 7007S 210370BD769BA' is selected.
22:11:49 INFO  : 'jtag frequency' command is executed.
22:11:49 INFO  : Sourcing of 'G:/440_w_board_files/440_w_board_files.sdk/design_1_wrapper_hw_platform_0/ps7_init.tcl' is done.
22:11:49 INFO  : Context for 'APU' is selected.
22:11:50 INFO  : Hardware design information is loaded from 'G:/440_w_board_files/440_w_board_files.sdk/design_1_wrapper_hw_platform_0/system.hdf'.
22:11:50 INFO  : 'configparams force-mem-access 1' command is executed.
22:11:50 INFO  : Context for 'APU' is selected.
22:11:50 INFO  : 'stop' command is executed.
22:11:51 INFO  : 'ps7_init' command is executed.
22:11:51 INFO  : 'ps7_post_config' command is executed.
22:11:51 INFO  : Context for processor 'ps7_cortexa9_0' is selected.
22:11:51 INFO  : Processor reset is completed for 'ps7_cortexa9_0'.
22:11:51 INFO  : Context for processor 'ps7_cortexa9_0' is selected.
22:11:53 INFO  : The application 'G:/440_w_board_files/440_w_board_files.sdk/aLaw/Debug/aLaw.elf' is downloaded to processor 'ps7_cortexa9_0'.
22:11:53 INFO  : 'configparams force-mem-access 0' command is executed.
22:11:53 INFO  : ----------------XSDB Script----------------
connect -url tcp:127.0.0.1:3121
source G:/440_w_board_files/440_w_board_files.sdk/design_1_wrapper_hw_platform_0/ps7_init.tcl
targets -set -nocase -filter {name =~"APU*" && jtag_cable_name =~ "Digilent Cora Z7 - 7007S 210370BD769BA"} -index 0
loadhw -hw G:/440_w_board_files/440_w_board_files.sdk/design_1_wrapper_hw_platform_0/system.hdf -mem-ranges [list {0x40000000 0xbfffffff}]
configparams force-mem-access 1
targets -set -nocase -filter {name =~"APU*" && jtag_cable_name =~ "Digilent Cora Z7 - 7007S 210370BD769BA"} -index 0
stop
ps7_init
ps7_post_config
targets -set -nocase -filter {name =~ "ARM*#0" && jtag_cable_name =~ "Digilent Cora Z7 - 7007S 210370BD769BA"} -index 0
rst -processor
targets -set -nocase -filter {name =~ "ARM*#0" && jtag_cable_name =~ "Digilent Cora Z7 - 7007S 210370BD769BA"} -index 0
dow G:/440_w_board_files/440_w_board_files.sdk/aLaw/Debug/aLaw.elf
configparams force-mem-access 0
----------------End of Script----------------

22:11:53 INFO  : Memory regions updated for context APU
22:11:53 INFO  : Context for processor 'ps7_cortexa9_0' is selected.
22:11:53 INFO  : 'con' command is executed.
22:11:53 INFO  : ----------------XSDB Script (After Launch)----------------
targets -set -nocase -filter {name =~ "ARM*#0" && jtag_cable_name =~ "Digilent Cora Z7 - 7007S 210370BD769BA"} -index 0
con
----------------End of Script----------------

22:11:53 INFO  : Launch script is exported to file 'G:\440_w_board_files\440_w_board_files.sdk\.sdk\launch_scripts\xilinx_c-c++_application_(system_debugger)\system_debugger_using_debug_alaw.elf_on_local.tcl'
22:17:23 INFO  : Disconnected from the channel tcfchan#7.
22:17:24 INFO  : 'targets -set -filter {jtag_cable_name =~ "Digilent Cora Z7 - 7007S 210370BD769BA" && level==0} -index 1' command is executed.
22:17:24 INFO  : 'fpga -state' command is executed.
22:17:24 INFO  : Connected to target on host '127.0.0.1' and port '3121'.
22:17:24 INFO  : Jtag cable 'Digilent Cora Z7 - 7007S 210370BD769BA' is selected.
22:17:24 INFO  : 'jtag frequency' command is executed.
22:17:24 INFO  : Sourcing of 'G:/440_w_board_files/440_w_board_files.sdk/design_1_wrapper_hw_platform_0/ps7_init.tcl' is done.
22:17:24 INFO  : Context for 'APU' is selected.
22:17:25 INFO  : Hardware design information is loaded from 'G:/440_w_board_files/440_w_board_files.sdk/design_1_wrapper_hw_platform_0/system.hdf'.
22:17:25 INFO  : 'configparams force-mem-access 1' command is executed.
22:17:25 INFO  : Context for 'APU' is selected.
22:17:25 INFO  : 'stop' command is executed.
22:17:26 INFO  : 'ps7_init' command is executed.
22:17:26 INFO  : 'ps7_post_config' command is executed.
22:17:26 INFO  : Context for processor 'ps7_cortexa9_0' is selected.
22:17:26 INFO  : Processor reset is completed for 'ps7_cortexa9_0'.
22:17:26 INFO  : Context for processor 'ps7_cortexa9_0' is selected.
22:17:28 INFO  : The application 'G:/440_w_board_files/440_w_board_files.sdk/aLaw/Debug/aLaw.elf' is downloaded to processor 'ps7_cortexa9_0'.
22:17:28 INFO  : 'configparams force-mem-access 0' command is executed.
22:17:28 INFO  : ----------------XSDB Script----------------
connect -url tcp:127.0.0.1:3121
source G:/440_w_board_files/440_w_board_files.sdk/design_1_wrapper_hw_platform_0/ps7_init.tcl
targets -set -nocase -filter {name =~"APU*" && jtag_cable_name =~ "Digilent Cora Z7 - 7007S 210370BD769BA"} -index 0
loadhw -hw G:/440_w_board_files/440_w_board_files.sdk/design_1_wrapper_hw_platform_0/system.hdf -mem-ranges [list {0x40000000 0xbfffffff}]
configparams force-mem-access 1
targets -set -nocase -filter {name =~"APU*" && jtag_cable_name =~ "Digilent Cora Z7 - 7007S 210370BD769BA"} -index 0
stop
ps7_init
ps7_post_config
targets -set -nocase -filter {name =~ "ARM*#0" && jtag_cable_name =~ "Digilent Cora Z7 - 7007S 210370BD769BA"} -index 0
rst -processor
targets -set -nocase -filter {name =~ "ARM*#0" && jtag_cable_name =~ "Digilent Cora Z7 - 7007S 210370BD769BA"} -index 0
dow G:/440_w_board_files/440_w_board_files.sdk/aLaw/Debug/aLaw.elf
configparams force-mem-access 0
----------------End of Script----------------

22:17:28 INFO  : Memory regions updated for context APU
22:17:28 INFO  : Context for processor 'ps7_cortexa9_0' is selected.
22:17:28 INFO  : 'con' command is executed.
22:17:28 INFO  : ----------------XSDB Script (After Launch)----------------
targets -set -nocase -filter {name =~ "ARM*#0" && jtag_cable_name =~ "Digilent Cora Z7 - 7007S 210370BD769BA"} -index 0
con
----------------End of Script----------------

22:17:28 INFO  : Launch script is exported to file 'G:\440_w_board_files\440_w_board_files.sdk\.sdk\launch_scripts\xilinx_c-c++_application_(system_debugger)\system_debugger_using_debug_alaw.elf_on_local.tcl'
22:20:39 INFO  : Disconnected from the channel tcfchan#8.
22:20:40 INFO  : 'targets -set -filter {jtag_cable_name =~ "Digilent Cora Z7 - 7007S 210370BD769BA" && level==0} -index 1' command is executed.
22:20:40 INFO  : 'fpga -state' command is executed.
22:20:40 INFO  : Connected to target on host '127.0.0.1' and port '3121'.
22:20:40 INFO  : Jtag cable 'Digilent Cora Z7 - 7007S 210370BD769BA' is selected.
22:20:40 INFO  : 'jtag frequency' command is executed.
22:20:40 INFO  : Sourcing of 'G:/440_w_board_files/440_w_board_files.sdk/design_1_wrapper_hw_platform_0/ps7_init.tcl' is done.
22:20:40 INFO  : Context for 'APU' is selected.
22:20:41 INFO  : Hardware design information is loaded from 'G:/440_w_board_files/440_w_board_files.sdk/design_1_wrapper_hw_platform_0/system.hdf'.
22:20:41 INFO  : 'configparams force-mem-access 1' command is executed.
22:20:41 INFO  : Context for 'APU' is selected.
22:20:41 INFO  : 'stop' command is executed.
22:20:42 INFO  : 'ps7_init' command is executed.
22:20:42 INFO  : 'ps7_post_config' command is executed.
22:20:42 INFO  : Context for processor 'ps7_cortexa9_0' is selected.
22:20:42 INFO  : Processor reset is completed for 'ps7_cortexa9_0'.
22:20:42 INFO  : Context for processor 'ps7_cortexa9_0' is selected.
22:20:44 INFO  : The application 'G:/440_w_board_files/440_w_board_files.sdk/aLaw/Debug/aLaw.elf' is downloaded to processor 'ps7_cortexa9_0'.
22:20:44 INFO  : 'configparams force-mem-access 0' command is executed.
22:20:44 INFO  : ----------------XSDB Script----------------
connect -url tcp:127.0.0.1:3121
source G:/440_w_board_files/440_w_board_files.sdk/design_1_wrapper_hw_platform_0/ps7_init.tcl
targets -set -nocase -filter {name =~"APU*" && jtag_cable_name =~ "Digilent Cora Z7 - 7007S 210370BD769BA"} -index 0
loadhw -hw G:/440_w_board_files/440_w_board_files.sdk/design_1_wrapper_hw_platform_0/system.hdf -mem-ranges [list {0x40000000 0xbfffffff}]
configparams force-mem-access 1
targets -set -nocase -filter {name =~"APU*" && jtag_cable_name =~ "Digilent Cora Z7 - 7007S 210370BD769BA"} -index 0
stop
ps7_init
ps7_post_config
targets -set -nocase -filter {name =~ "ARM*#0" && jtag_cable_name =~ "Digilent Cora Z7 - 7007S 210370BD769BA"} -index 0
rst -processor
targets -set -nocase -filter {name =~ "ARM*#0" && jtag_cable_name =~ "Digilent Cora Z7 - 7007S 210370BD769BA"} -index 0
dow G:/440_w_board_files/440_w_board_files.sdk/aLaw/Debug/aLaw.elf
configparams force-mem-access 0
----------------End of Script----------------

22:20:44 INFO  : Memory regions updated for context APU
22:20:44 INFO  : Context for processor 'ps7_cortexa9_0' is selected.
22:20:44 INFO  : 'con' command is executed.
22:20:44 INFO  : ----------------XSDB Script (After Launch)----------------
targets -set -nocase -filter {name =~ "ARM*#0" && jtag_cable_name =~ "Digilent Cora Z7 - 7007S 210370BD769BA"} -index 0
con
----------------End of Script----------------

22:20:44 INFO  : Launch script is exported to file 'G:\440_w_board_files\440_w_board_files.sdk\.sdk\launch_scripts\xilinx_c-c++_application_(system_debugger)\system_debugger_using_debug_alaw.elf_on_local.tcl'
22:20:59 INFO  : Disconnected from the channel tcfchan#9.
18:47:21 INFO  : Registering command handlers for SDK TCF services
18:47:21 INFO  : Launching XSCT server: xsct.bat -interactive C:\Users\Garrett\Documents\440_w_board_files\440_w_board_files\440_w_board_files.sdk\temp_xsdb_launch_script.tcl
18:47:25 INFO  : XSCT server has started successfully.
18:47:28 INFO  : Successfully done setting XSCT server connection channel  
18:47:28 INFO  : Processing command line option -hwspec C:/Users/Garrett/Documents/440_w_board_files/440_w_board_files/440_w_board_files.sdk/design_1_wrapper.hdf.
18:47:28 INFO  : Successfully done setting SDK workspace  
12:49:08 INFO  : Registering command handlers for SDK TCF services
12:49:08 INFO  : Launching XSCT server: xsct.bat -interactive C:\Users\Garrett\Documents\440_w_board_files\440_w_board_files\440_w_board_files.sdk\temp_xsdb_launch_script.tcl
12:49:12 INFO  : XSCT server has started successfully.
12:49:20 INFO  : Successfully done setting XSCT server connection channel  
12:49:20 INFO  : Successfully done setting SDK workspace  
12:49:20 INFO  : Processing command line option -hwspec C:/Users/Garrett/Documents/440_w_board_files/440_w_board_files/440_w_board_files.sdk/design_1_wrapper.hdf.
12:49:20 INFO  : Checking for hwspec changes in the project design_1_wrapper_hw_platform_1.
21:23:06 INFO  : Registering command handlers for SDK TCF services
21:23:07 INFO  : Launching XSCT server: xsct.bat -interactive C:\Users\lewca\projects\440_w_board_files\440_w_board_files.sdk\temp_xsdb_launch_script.tcl
21:23:10 INFO  : XSCT server has started successfully.
21:23:10 INFO  : Successfully done setting XSCT server connection channel  
21:23:14 INFO  : Successfully done setting SDK workspace  
21:23:14 INFO  : Processing command line option -hwspec C:/Users/lewca/projects/440_w_board_files/440_w_board_files.sdk/design_1_wrapper.hdf.
21:30:44 INFO  : 'targets -set -filter {jtag_cable_name =~ "Digilent Cora Z7 - 7007S 210370BD769BA" && level==0} -index 1' command is executed.
21:30:44 INFO  : 'fpga -state' command is executed.
21:30:44 INFO  : Connected to target on host '127.0.0.1' and port '3121'.
21:30:44 INFO  : Jtag cable 'Digilent Cora Z7 - 7007S 210370BD769BA' is selected.
21:30:44 INFO  : 'jtag frequency' command is executed.
21:30:44 INFO  : Sourcing of 'C:/Users/lewca/projects/440_w_board_files/440_w_board_files.sdk/design_1_wrapper_hw_platform_0/ps7_init.tcl' is done.
21:30:44 INFO  : Context for 'APU' is selected.
21:30:44 INFO  : Hardware design information is loaded from 'C:/Users/lewca/projects/440_w_board_files/440_w_board_files.sdk/design_1_wrapper_hw_platform_0/system.hdf'.
21:30:44 INFO  : 'configparams force-mem-access 1' command is executed.
21:30:44 INFO  : Context for 'APU' is selected.
21:30:44 INFO  : 'stop' command is executed.
21:30:45 INFO  : 'ps7_init' command is executed.
21:30:45 INFO  : 'ps7_post_config' command is executed.
21:30:45 INFO  : Context for processor 'ps7_cortexa9_0' is selected.
21:30:45 INFO  : Processor reset is completed for 'ps7_cortexa9_0'.
21:30:45 INFO  : Context for processor 'ps7_cortexa9_0' is selected.
21:30:45 INFO  : The application 'C:/Users/lewca/projects/440_w_board_files/440_w_board_files.sdk/aLaw/Debug/aLaw.elf' is downloaded to processor 'ps7_cortexa9_0'.
21:30:45 INFO  : 'configparams force-mem-access 0' command is executed.
21:30:45 INFO  : ----------------XSDB Script----------------
connect -url tcp:127.0.0.1:3121
source C:/Users/lewca/projects/440_w_board_files/440_w_board_files.sdk/design_1_wrapper_hw_platform_0/ps7_init.tcl
targets -set -nocase -filter {name =~"APU*" && jtag_cable_name =~ "Digilent Cora Z7 - 7007S 210370BD769BA"} -index 0
loadhw -hw C:/Users/lewca/projects/440_w_board_files/440_w_board_files.sdk/design_1_wrapper_hw_platform_0/system.hdf -mem-ranges [list {0x40000000 0xbfffffff}]
configparams force-mem-access 1
targets -set -nocase -filter {name =~"APU*" && jtag_cable_name =~ "Digilent Cora Z7 - 7007S 210370BD769BA"} -index 0
stop
ps7_init
ps7_post_config
targets -set -nocase -filter {name =~ "ARM*#0" && jtag_cable_name =~ "Digilent Cora Z7 - 7007S 210370BD769BA"} -index 0
rst -processor
targets -set -nocase -filter {name =~ "ARM*#0" && jtag_cable_name =~ "Digilent Cora Z7 - 7007S 210370BD769BA"} -index 0
dow C:/Users/lewca/projects/440_w_board_files/440_w_board_files.sdk/aLaw/Debug/aLaw.elf
configparams force-mem-access 0
----------------End of Script----------------

21:30:45 INFO  : Memory regions updated for context APU
21:30:45 INFO  : Context for processor 'ps7_cortexa9_0' is selected.
21:30:45 INFO  : 'con' command is executed.
21:30:45 INFO  : ----------------XSDB Script (After Launch)----------------
targets -set -nocase -filter {name =~ "ARM*#0" && jtag_cable_name =~ "Digilent Cora Z7 - 7007S 210370BD769BA"} -index 0
con
----------------End of Script----------------

21:30:45 INFO  : Launch script is exported to file 'C:\Users\lewca\projects\440_w_board_files\440_w_board_files.sdk\.sdk\launch_scripts\xilinx_c-c++_application_(system_debugger)\system_debugger_using_debug_alaw.elf_on_local.tcl'
21:58:49 INFO  : Disconnected from the channel tcfchan#1.
21:58:50 INFO  : 'targets -set -filter {jtag_cable_name =~ "Digilent Cora Z7 - 7007S 210370BD769BA" && level==0} -index 1' command is executed.
21:58:50 INFO  : 'fpga -state' command is executed.
21:58:50 INFO  : Connected to target on host '127.0.0.1' and port '3121'.
21:58:51 INFO  : Jtag cable 'Digilent Cora Z7 - 7007S 210370BD769BA' is selected.
21:58:51 INFO  : 'jtag frequency' command is executed.
21:58:51 INFO  : Sourcing of 'C:/Users/lewca/projects/440_w_board_files/440_w_board_files.sdk/design_1_wrapper_hw_platform_0/ps7_init.tcl' is done.
21:58:51 INFO  : Context for 'APU' is selected.
21:58:52 INFO  : Hardware design information is loaded from 'C:/Users/lewca/projects/440_w_board_files/440_w_board_files.sdk/design_1_wrapper_hw_platform_0/system.hdf'.
21:58:52 INFO  : 'configparams force-mem-access 1' command is executed.
21:58:52 INFO  : Context for 'APU' is selected.
21:58:52 INFO  : 'stop' command is executed.
21:58:52 INFO  : 'ps7_init' command is executed.
21:58:52 INFO  : 'ps7_post_config' command is executed.
21:58:52 INFO  : Context for processor 'ps7_cortexa9_0' is selected.
21:58:52 INFO  : Processor reset is completed for 'ps7_cortexa9_0'.
21:58:52 INFO  : Context for processor 'ps7_cortexa9_0' is selected.
21:58:53 ERROR : Memory write error at 0x40000000. APB AP transaction error, DAP status f0000021
21:58:53 INFO  : ----------------XSDB Script----------------
connect -url tcp:127.0.0.1:3121
source C:/Users/lewca/projects/440_w_board_files/440_w_board_files.sdk/design_1_wrapper_hw_platform_0/ps7_init.tcl
targets -set -nocase -filter {name =~"APU*" && jtag_cable_name =~ "Digilent Cora Z7 - 7007S 210370BD769BA"} -index 0
loadhw -hw C:/Users/lewca/projects/440_w_board_files/440_w_board_files.sdk/design_1_wrapper_hw_platform_0/system.hdf -mem-ranges [list {0x40000000 0xbfffffff}]
configparams force-mem-access 1
targets -set -nocase -filter {name =~"APU*" && jtag_cable_name =~ "Digilent Cora Z7 - 7007S 210370BD769BA"} -index 0
stop
ps7_init
ps7_post_config
targets -set -nocase -filter {name =~ "ARM*#0" && jtag_cable_name =~ "Digilent Cora Z7 - 7007S 210370BD769BA"} -index 0
rst -processor
targets -set -nocase -filter {name =~ "ARM*#0" && jtag_cable_name =~ "Digilent Cora Z7 - 7007S 210370BD769BA"} -index 0
dow C:/Users/lewca/projects/440_w_board_files/440_w_board_files.sdk/aLaw/Debug/aLaw.elf
----------------End of Script----------------

22:00:04 INFO  : 'targets -set -filter {jtag_cable_name =~ "Digilent Cora Z7 - 7007S 210370BD769BA" && level==0} -index 1' command is executed.
22:00:04 INFO  : 'fpga -state' command is executed.
22:00:04 INFO  : Connected to target on host '127.0.0.1' and port '3121'.
22:00:04 INFO  : Jtag cable 'Digilent Cora Z7 - 7007S 210370BD769BA' is selected.
22:00:04 INFO  : 'jtag frequency' command is executed.
22:00:04 INFO  : Sourcing of 'C:/Users/lewca/projects/440_w_board_files/440_w_board_files.sdk/design_1_wrapper_hw_platform_0/ps7_init.tcl' is done.
22:00:07 ERROR : no targets found with "name =~"APU*" && jtag_cable_name =~ "Digilent Cora Z7 - 7007S 210370BD769BA"". available targets:
  1  DAP (JTAG port open error. AP transaction error, DAP status 30000021)
  3* xc7z007s
22:00:07 INFO  : ----------------XSDB Script----------------
connect -url tcp:127.0.0.1:3121
source C:/Users/lewca/projects/440_w_board_files/440_w_board_files.sdk/design_1_wrapper_hw_platform_0/ps7_init.tcl
targets -set -nocase -filter {name =~"APU*" && jtag_cable_name =~ "Digilent Cora Z7 - 7007S 210370BD769BA"} -index 0
----------------End of Script----------------

22:01:30 INFO  : 'targets -set -filter {jtag_cable_name =~ "Digilent Cora Z7 - 7007S 210370BD769BA" && level==0} -index 1' command is executed.
22:01:30 INFO  : 'fpga -state' command is executed.
22:01:30 INFO  : Connected to target on host '127.0.0.1' and port '3121'.
22:01:30 INFO  : Jtag cable 'Digilent Cora Z7 - 7007S 210370BD769BA' is selected.
22:01:30 INFO  : 'jtag frequency' command is executed.
22:01:30 INFO  : Sourcing of 'C:/Users/lewca/projects/440_w_board_files/440_w_board_files.sdk/design_1_wrapper_hw_platform_0/ps7_init.tcl' is done.
22:01:33 ERROR : no targets found with "name =~"APU*" && jtag_cable_name =~ "Digilent Cora Z7 - 7007S 210370BD769BA"". available targets:
  1  DAP (JTAG port open error. AP transaction error, DAP status 30000021)
  3* xc7z007s
22:01:33 INFO  : ----------------XSDB Script----------------
connect -url tcp:127.0.0.1:3121
source C:/Users/lewca/projects/440_w_board_files/440_w_board_files.sdk/design_1_wrapper_hw_platform_0/ps7_init.tcl
targets -set -nocase -filter {name =~"APU*" && jtag_cable_name =~ "Digilent Cora Z7 - 7007S 210370BD769BA"} -index 0
----------------End of Script----------------

22:02:52 INFO  : 'targets -set -filter {jtag_cable_name =~ "Digilent Cora Z7 - 7007S 210370BD769BA" && level==0} -index 1' command is executed.
22:02:52 INFO  : 'fpga -state' command is executed.
22:02:52 INFO  : Connected to target on host '127.0.0.1' and port '3121'.
22:02:52 INFO  : Jtag cable 'Digilent Cora Z7 - 7007S 210370BD769BA' is selected.
22:02:52 INFO  : 'jtag frequency' command is executed.
22:02:52 INFO  : Sourcing of 'C:/Users/lewca/projects/440_w_board_files/440_w_board_files.sdk/design_1_wrapper_hw_platform_0/ps7_init.tcl' is done.
22:02:52 INFO  : Context for 'APU' is selected.
22:02:52 INFO  : Hardware design information is loaded from 'C:/Users/lewca/projects/440_w_board_files/440_w_board_files.sdk/design_1_wrapper_hw_platform_0/system.hdf'.
22:02:52 INFO  : 'configparams force-mem-access 1' command is executed.
22:02:52 INFO  : Context for 'APU' is selected.
22:02:52 INFO  : 'stop' command is executed.
22:02:53 INFO  : 'ps7_init' command is executed.
22:02:53 INFO  : 'ps7_post_config' command is executed.
22:02:53 INFO  : Context for processor 'ps7_cortexa9_0' is selected.
22:02:53 INFO  : Processor reset is completed for 'ps7_cortexa9_0'.
22:02:53 INFO  : Context for processor 'ps7_cortexa9_0' is selected.
22:02:53 INFO  : The application 'C:/Users/lewca/projects/440_w_board_files/440_w_board_files.sdk/aLaw/Debug/aLaw.elf' is downloaded to processor 'ps7_cortexa9_0'.
22:02:53 INFO  : 'configparams force-mem-access 0' command is executed.
22:02:53 INFO  : ----------------XSDB Script----------------
connect -url tcp:127.0.0.1:3121
source C:/Users/lewca/projects/440_w_board_files/440_w_board_files.sdk/design_1_wrapper_hw_platform_0/ps7_init.tcl
targets -set -nocase -filter {name =~"APU*" && jtag_cable_name =~ "Digilent Cora Z7 - 7007S 210370BD769BA"} -index 0
loadhw -hw C:/Users/lewca/projects/440_w_board_files/440_w_board_files.sdk/design_1_wrapper_hw_platform_0/system.hdf -mem-ranges [list {0x40000000 0xbfffffff}]
configparams force-mem-access 1
targets -set -nocase -filter {name =~"APU*" && jtag_cable_name =~ "Digilent Cora Z7 - 7007S 210370BD769BA"} -index 0
stop
ps7_init
ps7_post_config
targets -set -nocase -filter {name =~ "ARM*#0" && jtag_cable_name =~ "Digilent Cora Z7 - 7007S 210370BD769BA"} -index 0
rst -processor
targets -set -nocase -filter {name =~ "ARM*#0" && jtag_cable_name =~ "Digilent Cora Z7 - 7007S 210370BD769BA"} -index 0
dow C:/Users/lewca/projects/440_w_board_files/440_w_board_files.sdk/aLaw/Debug/aLaw.elf
configparams force-mem-access 0
----------------End of Script----------------

22:02:53 INFO  : Memory regions updated for context APU
22:02:53 INFO  : Context for processor 'ps7_cortexa9_0' is selected.
22:02:53 INFO  : 'con' command is executed.
22:02:53 INFO  : ----------------XSDB Script (After Launch)----------------
targets -set -nocase -filter {name =~ "ARM*#0" && jtag_cable_name =~ "Digilent Cora Z7 - 7007S 210370BD769BA"} -index 0
con
----------------End of Script----------------

22:02:53 INFO  : Launch script is exported to file 'C:\Users\lewca\projects\440_w_board_files\440_w_board_files.sdk\.sdk\launch_scripts\xilinx_c-c++_application_(system_debugger)\system_debugger_using_debug_alaw.elf_on_local.tcl'
22:04:41 INFO  : Disconnected from the channel tcfchan#2.
22:04:42 INFO  : 'targets -set -filter {jtag_cable_name =~ "Digilent Cora Z7 - 7007S 210370BD769BA" && level==0} -index 1' command is executed.
22:04:42 INFO  : 'fpga -state' command is executed.
22:04:42 INFO  : Connected to target on host '127.0.0.1' and port '3121'.
22:04:42 INFO  : Jtag cable 'Digilent Cora Z7 - 7007S 210370BD769BA' is selected.
22:04:42 INFO  : 'jtag frequency' command is executed.
22:04:42 INFO  : Sourcing of 'C:/Users/lewca/projects/440_w_board_files/440_w_board_files.sdk/design_1_wrapper_hw_platform_0/ps7_init.tcl' is done.
22:04:42 INFO  : Context for 'APU' is selected.
22:04:42 INFO  : Hardware design information is loaded from 'C:/Users/lewca/projects/440_w_board_files/440_w_board_files.sdk/design_1_wrapper_hw_platform_0/system.hdf'.
22:04:42 INFO  : 'configparams force-mem-access 1' command is executed.
22:04:42 INFO  : Context for 'APU' is selected.
22:04:42 INFO  : 'stop' command is executed.
22:04:42 INFO  : 'ps7_init' command is executed.
22:04:42 INFO  : 'ps7_post_config' command is executed.
22:04:42 INFO  : Context for processor 'ps7_cortexa9_0' is selected.
22:04:42 INFO  : Processor reset is completed for 'ps7_cortexa9_0'.
22:04:42 INFO  : Context for processor 'ps7_cortexa9_0' is selected.
22:04:43 INFO  : The application 'C:/Users/lewca/projects/440_w_board_files/440_w_board_files.sdk/aLaw/Debug/aLaw.elf' is downloaded to processor 'ps7_cortexa9_0'.
22:04:43 INFO  : 'configparams force-mem-access 0' command is executed.
22:04:43 INFO  : ----------------XSDB Script----------------
connect -url tcp:127.0.0.1:3121
source C:/Users/lewca/projects/440_w_board_files/440_w_board_files.sdk/design_1_wrapper_hw_platform_0/ps7_init.tcl
targets -set -nocase -filter {name =~"APU*" && jtag_cable_name =~ "Digilent Cora Z7 - 7007S 210370BD769BA"} -index 0
loadhw -hw C:/Users/lewca/projects/440_w_board_files/440_w_board_files.sdk/design_1_wrapper_hw_platform_0/system.hdf -mem-ranges [list {0x40000000 0xbfffffff}]
configparams force-mem-access 1
targets -set -nocase -filter {name =~"APU*" && jtag_cable_name =~ "Digilent Cora Z7 - 7007S 210370BD769BA"} -index 0
stop
ps7_init
ps7_post_config
targets -set -nocase -filter {name =~ "ARM*#0" && jtag_cable_name =~ "Digilent Cora Z7 - 7007S 210370BD769BA"} -index 0
rst -processor
targets -set -nocase -filter {name =~ "ARM*#0" && jtag_cable_name =~ "Digilent Cora Z7 - 7007S 210370BD769BA"} -index 0
dow C:/Users/lewca/projects/440_w_board_files/440_w_board_files.sdk/aLaw/Debug/aLaw.elf
configparams force-mem-access 0
----------------End of Script----------------

22:04:43 INFO  : Memory regions updated for context APU
22:04:43 INFO  : Context for processor 'ps7_cortexa9_0' is selected.
22:04:43 INFO  : 'con' command is executed.
22:04:43 INFO  : ----------------XSDB Script (After Launch)----------------
targets -set -nocase -filter {name =~ "ARM*#0" && jtag_cable_name =~ "Digilent Cora Z7 - 7007S 210370BD769BA"} -index 0
con
----------------End of Script----------------

22:04:43 INFO  : Launch script is exported to file 'C:\Users\lewca\projects\440_w_board_files\440_w_board_files.sdk\.sdk\launch_scripts\xilinx_c-c++_application_(system_debugger)\system_debugger_using_debug_alaw.elf_on_local.tcl'
22:08:17 INFO  : Disconnected from the channel tcfchan#3.
22:08:18 INFO  : 'targets -set -filter {jtag_cable_name =~ "Digilent Cora Z7 - 7007S 210370BD769BA" && level==0} -index 1' command is executed.
22:08:18 INFO  : 'fpga -state' command is executed.
22:08:18 INFO  : Connected to target on host '127.0.0.1' and port '3121'.
22:08:18 INFO  : Jtag cable 'Digilent Cora Z7 - 7007S 210370BD769BA' is selected.
22:08:18 INFO  : 'jtag frequency' command is executed.
22:08:18 INFO  : Sourcing of 'C:/Users/lewca/projects/440_w_board_files/440_w_board_files.sdk/design_1_wrapper_hw_platform_0/ps7_init.tcl' is done.
22:08:18 INFO  : Context for 'APU' is selected.
22:08:18 INFO  : Hardware design information is loaded from 'C:/Users/lewca/projects/440_w_board_files/440_w_board_files.sdk/design_1_wrapper_hw_platform_0/system.hdf'.
22:08:18 INFO  : 'configparams force-mem-access 1' command is executed.
22:08:18 INFO  : Context for 'APU' is selected.
22:08:18 INFO  : 'stop' command is executed.
22:08:18 INFO  : 'ps7_init' command is executed.
22:08:18 INFO  : 'ps7_post_config' command is executed.
22:08:18 INFO  : Context for processor 'ps7_cortexa9_0' is selected.
22:08:18 INFO  : Processor reset is completed for 'ps7_cortexa9_0'.
22:08:18 INFO  : Context for processor 'ps7_cortexa9_0' is selected.
22:08:19 INFO  : The application 'C:/Users/lewca/projects/440_w_board_files/440_w_board_files.sdk/aLaw/Debug/aLaw.elf' is downloaded to processor 'ps7_cortexa9_0'.
22:08:19 INFO  : 'configparams force-mem-access 0' command is executed.
22:08:19 INFO  : ----------------XSDB Script----------------
connect -url tcp:127.0.0.1:3121
source C:/Users/lewca/projects/440_w_board_files/440_w_board_files.sdk/design_1_wrapper_hw_platform_0/ps7_init.tcl
targets -set -nocase -filter {name =~"APU*" && jtag_cable_name =~ "Digilent Cora Z7 - 7007S 210370BD769BA"} -index 0
loadhw -hw C:/Users/lewca/projects/440_w_board_files/440_w_board_files.sdk/design_1_wrapper_hw_platform_0/system.hdf -mem-ranges [list {0x40000000 0xbfffffff}]
configparams force-mem-access 1
targets -set -nocase -filter {name =~"APU*" && jtag_cable_name =~ "Digilent Cora Z7 - 7007S 210370BD769BA"} -index 0
stop
ps7_init
ps7_post_config
targets -set -nocase -filter {name =~ "ARM*#0" && jtag_cable_name =~ "Digilent Cora Z7 - 7007S 210370BD769BA"} -index 0
rst -processor
targets -set -nocase -filter {name =~ "ARM*#0" && jtag_cable_name =~ "Digilent Cora Z7 - 7007S 210370BD769BA"} -index 0
dow C:/Users/lewca/projects/440_w_board_files/440_w_board_files.sdk/aLaw/Debug/aLaw.elf
configparams force-mem-access 0
----------------End of Script----------------

22:08:19 INFO  : Memory regions updated for context APU
22:08:19 INFO  : Context for processor 'ps7_cortexa9_0' is selected.
22:08:19 INFO  : 'con' command is executed.
22:08:19 INFO  : ----------------XSDB Script (After Launch)----------------
targets -set -nocase -filter {name =~ "ARM*#0" && jtag_cable_name =~ "Digilent Cora Z7 - 7007S 210370BD769BA"} -index 0
con
----------------End of Script----------------

22:08:19 INFO  : Launch script is exported to file 'C:\Users\lewca\projects\440_w_board_files\440_w_board_files.sdk\.sdk\launch_scripts\xilinx_c-c++_application_(system_debugger)\system_debugger_using_debug_alaw.elf_on_local.tcl'
22:09:19 INFO  : Disconnected from the channel tcfchan#4.
22:09:20 INFO  : 'targets -set -filter {jtag_cable_name =~ "Digilent Cora Z7 - 7007S 210370BD769BA" && level==0} -index 1' command is executed.
22:09:21 INFO  : 'fpga -state' command is executed.
22:09:21 INFO  : Connected to target on host '127.0.0.1' and port '3121'.
22:09:21 INFO  : Jtag cable 'Digilent Cora Z7 - 7007S 210370BD769BA' is selected.
22:09:21 INFO  : 'jtag frequency' command is executed.
22:09:21 INFO  : Sourcing of 'C:/Users/lewca/projects/440_w_board_files/440_w_board_files.sdk/design_1_wrapper_hw_platform_0/ps7_init.tcl' is done.
22:09:21 INFO  : Context for 'APU' is selected.
22:09:21 INFO  : Hardware design information is loaded from 'C:/Users/lewca/projects/440_w_board_files/440_w_board_files.sdk/design_1_wrapper_hw_platform_0/system.hdf'.
22:09:21 INFO  : 'configparams force-mem-access 1' command is executed.
22:09:21 INFO  : Context for 'APU' is selected.
22:09:21 INFO  : 'stop' command is executed.
22:09:21 INFO  : 'ps7_init' command is executed.
22:09:21 INFO  : 'ps7_post_config' command is executed.
22:09:21 INFO  : Context for processor 'ps7_cortexa9_0' is selected.
22:09:21 INFO  : Processor reset is completed for 'ps7_cortexa9_0'.
22:09:21 INFO  : Context for processor 'ps7_cortexa9_0' is selected.
22:09:22 INFO  : The application 'C:/Users/lewca/projects/440_w_board_files/440_w_board_files.sdk/aLaw/Debug/aLaw.elf' is downloaded to processor 'ps7_cortexa9_0'.
22:09:22 INFO  : 'configparams force-mem-access 0' command is executed.
22:09:22 INFO  : ----------------XSDB Script----------------
connect -url tcp:127.0.0.1:3121
source C:/Users/lewca/projects/440_w_board_files/440_w_board_files.sdk/design_1_wrapper_hw_platform_0/ps7_init.tcl
targets -set -nocase -filter {name =~"APU*" && jtag_cable_name =~ "Digilent Cora Z7 - 7007S 210370BD769BA"} -index 0
loadhw -hw C:/Users/lewca/projects/440_w_board_files/440_w_board_files.sdk/design_1_wrapper_hw_platform_0/system.hdf -mem-ranges [list {0x40000000 0xbfffffff}]
configparams force-mem-access 1
targets -set -nocase -filter {name =~"APU*" && jtag_cable_name =~ "Digilent Cora Z7 - 7007S 210370BD769BA"} -index 0
stop
ps7_init
ps7_post_config
targets -set -nocase -filter {name =~ "ARM*#0" && jtag_cable_name =~ "Digilent Cora Z7 - 7007S 210370BD769BA"} -index 0
rst -processor
targets -set -nocase -filter {name =~ "ARM*#0" && jtag_cable_name =~ "Digilent Cora Z7 - 7007S 210370BD769BA"} -index 0
dow C:/Users/lewca/projects/440_w_board_files/440_w_board_files.sdk/aLaw/Debug/aLaw.elf
configparams force-mem-access 0
----------------End of Script----------------

22:09:22 INFO  : Memory regions updated for context APU
22:09:22 INFO  : Context for processor 'ps7_cortexa9_0' is selected.
22:09:22 INFO  : 'con' command is executed.
22:09:22 INFO  : ----------------XSDB Script (After Launch)----------------
targets -set -nocase -filter {name =~ "ARM*#0" && jtag_cable_name =~ "Digilent Cora Z7 - 7007S 210370BD769BA"} -index 0
con
----------------End of Script----------------

22:09:22 INFO  : Launch script is exported to file 'C:\Users\lewca\projects\440_w_board_files\440_w_board_files.sdk\.sdk\launch_scripts\xilinx_c-c++_application_(system_debugger)\system_debugger_using_debug_alaw.elf_on_local.tcl'
22:10:20 INFO  : Disconnected from the channel tcfchan#5.
22:10:21 INFO  : 'targets -set -filter {jtag_cable_name =~ "Digilent Cora Z7 - 7007S 210370BD769BA" && level==0} -index 1' command is executed.
22:10:21 INFO  : 'fpga -state' command is executed.
22:10:21 INFO  : Connected to target on host '127.0.0.1' and port '3121'.
22:10:21 INFO  : Jtag cable 'Digilent Cora Z7 - 7007S 210370BD769BA' is selected.
22:10:21 INFO  : 'jtag frequency' command is executed.
22:10:21 INFO  : Sourcing of 'C:/Users/lewca/projects/440_w_board_files/440_w_board_files.sdk/design_1_wrapper_hw_platform_0/ps7_init.tcl' is done.
22:10:21 INFO  : Context for 'APU' is selected.
22:10:21 INFO  : Hardware design information is loaded from 'C:/Users/lewca/projects/440_w_board_files/440_w_board_files.sdk/design_1_wrapper_hw_platform_0/system.hdf'.
22:10:21 INFO  : 'configparams force-mem-access 1' command is executed.
22:10:21 INFO  : Context for 'APU' is selected.
22:10:21 INFO  : 'stop' command is executed.
22:10:21 INFO  : 'ps7_init' command is executed.
22:10:21 INFO  : 'ps7_post_config' command is executed.
22:10:21 INFO  : Context for processor 'ps7_cortexa9_0' is selected.
22:10:22 INFO  : Processor reset is completed for 'ps7_cortexa9_0'.
22:10:22 INFO  : Context for processor 'ps7_cortexa9_0' is selected.
22:10:22 INFO  : The application 'C:/Users/lewca/projects/440_w_board_files/440_w_board_files.sdk/aLaw/Debug/aLaw.elf' is downloaded to processor 'ps7_cortexa9_0'.
22:10:22 INFO  : 'configparams force-mem-access 0' command is executed.
22:10:22 INFO  : ----------------XSDB Script----------------
connect -url tcp:127.0.0.1:3121
source C:/Users/lewca/projects/440_w_board_files/440_w_board_files.sdk/design_1_wrapper_hw_platform_0/ps7_init.tcl
targets -set -nocase -filter {name =~"APU*" && jtag_cable_name =~ "Digilent Cora Z7 - 7007S 210370BD769BA"} -index 0
loadhw -hw C:/Users/lewca/projects/440_w_board_files/440_w_board_files.sdk/design_1_wrapper_hw_platform_0/system.hdf -mem-ranges [list {0x40000000 0xbfffffff}]
configparams force-mem-access 1
targets -set -nocase -filter {name =~"APU*" && jtag_cable_name =~ "Digilent Cora Z7 - 7007S 210370BD769BA"} -index 0
stop
ps7_init
ps7_post_config
targets -set -nocase -filter {name =~ "ARM*#0" && jtag_cable_name =~ "Digilent Cora Z7 - 7007S 210370BD769BA"} -index 0
rst -processor
targets -set -nocase -filter {name =~ "ARM*#0" && jtag_cable_name =~ "Digilent Cora Z7 - 7007S 210370BD769BA"} -index 0
dow C:/Users/lewca/projects/440_w_board_files/440_w_board_files.sdk/aLaw/Debug/aLaw.elf
configparams force-mem-access 0
----------------End of Script----------------

22:10:22 INFO  : Memory regions updated for context APU
22:10:22 INFO  : Context for processor 'ps7_cortexa9_0' is selected.
22:10:22 INFO  : 'con' command is executed.
22:10:22 INFO  : ----------------XSDB Script (After Launch)----------------
targets -set -nocase -filter {name =~ "ARM*#0" && jtag_cable_name =~ "Digilent Cora Z7 - 7007S 210370BD769BA"} -index 0
con
----------------End of Script----------------

22:10:22 INFO  : Launch script is exported to file 'C:\Users\lewca\projects\440_w_board_files\440_w_board_files.sdk\.sdk\launch_scripts\xilinx_c-c++_application_(system_debugger)\system_debugger_using_debug_alaw.elf_on_local.tcl'
22:11:57 INFO  : Disconnected from the channel tcfchan#6.
22:11:58 INFO  : 'targets -set -filter {jtag_cable_name =~ "Digilent Cora Z7 - 7007S 210370BD769BA" && level==0} -index 1' command is executed.
22:11:58 INFO  : 'fpga -state' command is executed.
22:11:58 INFO  : Connected to target on host '127.0.0.1' and port '3121'.
22:11:58 INFO  : Jtag cable 'Digilent Cora Z7 - 7007S 210370BD769BA' is selected.
22:11:58 INFO  : 'jtag frequency' command is executed.
22:11:58 INFO  : Sourcing of 'C:/Users/lewca/projects/440_w_board_files/440_w_board_files.sdk/design_1_wrapper_hw_platform_0/ps7_init.tcl' is done.
22:11:58 INFO  : Context for 'APU' is selected.
22:11:58 INFO  : Hardware design information is loaded from 'C:/Users/lewca/projects/440_w_board_files/440_w_board_files.sdk/design_1_wrapper_hw_platform_0/system.hdf'.
22:11:58 INFO  : 'configparams force-mem-access 1' command is executed.
22:11:58 INFO  : Context for 'APU' is selected.
22:11:58 INFO  : 'stop' command is executed.
22:11:59 INFO  : 'ps7_init' command is executed.
22:11:59 INFO  : 'ps7_post_config' command is executed.
22:11:59 INFO  : Context for processor 'ps7_cortexa9_0' is selected.
22:11:59 INFO  : Processor reset is completed for 'ps7_cortexa9_0'.
22:11:59 INFO  : Context for processor 'ps7_cortexa9_0' is selected.
22:11:59 INFO  : The application 'C:/Users/lewca/projects/440_w_board_files/440_w_board_files.sdk/aLaw/Debug/aLaw.elf' is downloaded to processor 'ps7_cortexa9_0'.
22:11:59 INFO  : 'configparams force-mem-access 0' command is executed.
22:11:59 INFO  : ----------------XSDB Script----------------
connect -url tcp:127.0.0.1:3121
source C:/Users/lewca/projects/440_w_board_files/440_w_board_files.sdk/design_1_wrapper_hw_platform_0/ps7_init.tcl
targets -set -nocase -filter {name =~"APU*" && jtag_cable_name =~ "Digilent Cora Z7 - 7007S 210370BD769BA"} -index 0
loadhw -hw C:/Users/lewca/projects/440_w_board_files/440_w_board_files.sdk/design_1_wrapper_hw_platform_0/system.hdf -mem-ranges [list {0x40000000 0xbfffffff}]
configparams force-mem-access 1
targets -set -nocase -filter {name =~"APU*" && jtag_cable_name =~ "Digilent Cora Z7 - 7007S 210370BD769BA"} -index 0
stop
ps7_init
ps7_post_config
targets -set -nocase -filter {name =~ "ARM*#0" && jtag_cable_name =~ "Digilent Cora Z7 - 7007S 210370BD769BA"} -index 0
rst -processor
targets -set -nocase -filter {name =~ "ARM*#0" && jtag_cable_name =~ "Digilent Cora Z7 - 7007S 210370BD769BA"} -index 0
dow C:/Users/lewca/projects/440_w_board_files/440_w_board_files.sdk/aLaw/Debug/aLaw.elf
configparams force-mem-access 0
----------------End of Script----------------

22:11:59 INFO  : Memory regions updated for context APU
22:11:59 INFO  : Context for processor 'ps7_cortexa9_0' is selected.
22:11:59 INFO  : 'con' command is executed.
22:11:59 INFO  : ----------------XSDB Script (After Launch)----------------
targets -set -nocase -filter {name =~ "ARM*#0" && jtag_cable_name =~ "Digilent Cora Z7 - 7007S 210370BD769BA"} -index 0
con
----------------End of Script----------------

22:11:59 INFO  : Launch script is exported to file 'C:\Users\lewca\projects\440_w_board_files\440_w_board_files.sdk\.sdk\launch_scripts\xilinx_c-c++_application_(system_debugger)\system_debugger_using_debug_alaw.elf_on_local.tcl'
22:12:22 INFO  : Disconnected from the channel tcfchan#7.
22:12:23 INFO  : 'targets -set -filter {jtag_cable_name =~ "Digilent Cora Z7 - 7007S 210370BD769BA" && level==0} -index 1' command is executed.
22:12:24 INFO  : 'fpga -state' command is executed.
22:12:24 INFO  : Connected to target on host '127.0.0.1' and port '3121'.
22:12:24 INFO  : Jtag cable 'Digilent Cora Z7 - 7007S 210370BD769BA' is selected.
22:12:24 INFO  : 'jtag frequency' command is executed.
22:12:24 INFO  : Sourcing of 'C:/Users/lewca/projects/440_w_board_files/440_w_board_files.sdk/design_1_wrapper_hw_platform_0/ps7_init.tcl' is done.
22:12:24 INFO  : Context for 'APU' is selected.
22:12:24 INFO  : Hardware design information is loaded from 'C:/Users/lewca/projects/440_w_board_files/440_w_board_files.sdk/design_1_wrapper_hw_platform_0/system.hdf'.
22:12:24 INFO  : 'configparams force-mem-access 1' command is executed.
22:12:24 INFO  : Context for 'APU' is selected.
22:12:24 INFO  : 'stop' command is executed.
22:12:24 INFO  : 'ps7_init' command is executed.
22:12:24 INFO  : 'ps7_post_config' command is executed.
22:12:24 INFO  : Context for processor 'ps7_cortexa9_0' is selected.
22:12:24 INFO  : Processor reset is completed for 'ps7_cortexa9_0'.
22:12:24 INFO  : Context for processor 'ps7_cortexa9_0' is selected.
22:12:25 INFO  : The application 'C:/Users/lewca/projects/440_w_board_files/440_w_board_files.sdk/aLaw/Debug/aLaw.elf' is downloaded to processor 'ps7_cortexa9_0'.
22:12:25 INFO  : 'configparams force-mem-access 0' command is executed.
22:12:25 INFO  : ----------------XSDB Script----------------
connect -url tcp:127.0.0.1:3121
source C:/Users/lewca/projects/440_w_board_files/440_w_board_files.sdk/design_1_wrapper_hw_platform_0/ps7_init.tcl
targets -set -nocase -filter {name =~"APU*" && jtag_cable_name =~ "Digilent Cora Z7 - 7007S 210370BD769BA"} -index 0
loadhw -hw C:/Users/lewca/projects/440_w_board_files/440_w_board_files.sdk/design_1_wrapper_hw_platform_0/system.hdf -mem-ranges [list {0x40000000 0xbfffffff}]
configparams force-mem-access 1
targets -set -nocase -filter {name =~"APU*" && jtag_cable_name =~ "Digilent Cora Z7 - 7007S 210370BD769BA"} -index 0
stop
ps7_init
ps7_post_config
targets -set -nocase -filter {name =~ "ARM*#0" && jtag_cable_name =~ "Digilent Cora Z7 - 7007S 210370BD769BA"} -index 0
rst -processor
targets -set -nocase -filter {name =~ "ARM*#0" && jtag_cable_name =~ "Digilent Cora Z7 - 7007S 210370BD769BA"} -index 0
dow C:/Users/lewca/projects/440_w_board_files/440_w_board_files.sdk/aLaw/Debug/aLaw.elf
configparams force-mem-access 0
----------------End of Script----------------

22:12:25 INFO  : Memory regions updated for context APU
22:12:25 INFO  : Context for processor 'ps7_cortexa9_0' is selected.
22:12:25 INFO  : 'con' command is executed.
22:12:25 INFO  : ----------------XSDB Script (After Launch)----------------
targets -set -nocase -filter {name =~ "ARM*#0" && jtag_cable_name =~ "Digilent Cora Z7 - 7007S 210370BD769BA"} -index 0
con
----------------End of Script----------------

22:12:25 INFO  : Launch script is exported to file 'C:\Users\lewca\projects\440_w_board_files\440_w_board_files.sdk\.sdk\launch_scripts\xilinx_c-c++_application_(system_debugger)\system_debugger_using_debug_alaw.elf_on_local.tcl'
22:14:59 INFO  : Disconnected from the channel tcfchan#8.
22:15:00 INFO  : 'targets -set -filter {jtag_cable_name =~ "Digilent Cora Z7 - 7007S 210370BD769BA" && level==0} -index 1' command is executed.
22:15:00 INFO  : 'fpga -state' command is executed.
22:15:00 INFO  : Connected to target on host '127.0.0.1' and port '3121'.
22:15:01 INFO  : Jtag cable 'Digilent Cora Z7 - 7007S 210370BD769BA' is selected.
22:15:01 INFO  : 'jtag frequency' command is executed.
22:15:01 INFO  : Sourcing of 'C:/Users/lewca/projects/440_w_board_files/440_w_board_files.sdk/design_1_wrapper_hw_platform_0/ps7_init.tcl' is done.
22:15:01 INFO  : Context for 'APU' is selected.
22:15:01 INFO  : Hardware design information is loaded from 'C:/Users/lewca/projects/440_w_board_files/440_w_board_files.sdk/design_1_wrapper_hw_platform_0/system.hdf'.
22:15:01 INFO  : 'configparams force-mem-access 1' command is executed.
22:15:01 INFO  : Context for 'APU' is selected.
22:15:01 INFO  : 'stop' command is executed.
22:15:01 INFO  : 'ps7_init' command is executed.
22:15:01 INFO  : 'ps7_post_config' command is executed.
22:15:01 INFO  : Context for processor 'ps7_cortexa9_0' is selected.
22:15:01 INFO  : Processor reset is completed for 'ps7_cortexa9_0'.
22:15:01 INFO  : Context for processor 'ps7_cortexa9_0' is selected.
22:15:02 INFO  : The application 'C:/Users/lewca/projects/440_w_board_files/440_w_board_files.sdk/aLaw/Debug/aLaw.elf' is downloaded to processor 'ps7_cortexa9_0'.
22:15:02 INFO  : 'configparams force-mem-access 0' command is executed.
22:15:02 INFO  : ----------------XSDB Script----------------
connect -url tcp:127.0.0.1:3121
source C:/Users/lewca/projects/440_w_board_files/440_w_board_files.sdk/design_1_wrapper_hw_platform_0/ps7_init.tcl
targets -set -nocase -filter {name =~"APU*" && jtag_cable_name =~ "Digilent Cora Z7 - 7007S 210370BD769BA"} -index 0
loadhw -hw C:/Users/lewca/projects/440_w_board_files/440_w_board_files.sdk/design_1_wrapper_hw_platform_0/system.hdf -mem-ranges [list {0x40000000 0xbfffffff}]
configparams force-mem-access 1
targets -set -nocase -filter {name =~"APU*" && jtag_cable_name =~ "Digilent Cora Z7 - 7007S 210370BD769BA"} -index 0
stop
ps7_init
ps7_post_config
targets -set -nocase -filter {name =~ "ARM*#0" && jtag_cable_name =~ "Digilent Cora Z7 - 7007S 210370BD769BA"} -index 0
rst -processor
targets -set -nocase -filter {name =~ "ARM*#0" && jtag_cable_name =~ "Digilent Cora Z7 - 7007S 210370BD769BA"} -index 0
dow C:/Users/lewca/projects/440_w_board_files/440_w_board_files.sdk/aLaw/Debug/aLaw.elf
configparams force-mem-access 0
----------------End of Script----------------

22:15:02 INFO  : Memory regions updated for context APU
22:15:02 INFO  : Context for processor 'ps7_cortexa9_0' is selected.
22:15:02 INFO  : 'con' command is executed.
22:15:02 INFO  : ----------------XSDB Script (After Launch)----------------
targets -set -nocase -filter {name =~ "ARM*#0" && jtag_cable_name =~ "Digilent Cora Z7 - 7007S 210370BD769BA"} -index 0
con
----------------End of Script----------------

22:15:02 INFO  : Launch script is exported to file 'C:\Users\lewca\projects\440_w_board_files\440_w_board_files.sdk\.sdk\launch_scripts\xilinx_c-c++_application_(system_debugger)\system_debugger_using_debug_alaw.elf_on_local.tcl'
22:16:49 INFO  : Disconnected from the channel tcfchan#9.
22:16:50 INFO  : 'targets -set -filter {jtag_cable_name =~ "Digilent Cora Z7 - 7007S 210370BD769BA" && level==0} -index 1' command is executed.
22:16:50 INFO  : 'fpga -state' command is executed.
22:16:50 INFO  : Connected to target on host '127.0.0.1' and port '3121'.
22:16:50 INFO  : Jtag cable 'Digilent Cora Z7 - 7007S 210370BD769BA' is selected.
22:16:50 INFO  : 'jtag frequency' command is executed.
22:16:50 INFO  : Sourcing of 'C:/Users/lewca/projects/440_w_board_files/440_w_board_files.sdk/design_1_wrapper_hw_platform_0/ps7_init.tcl' is done.
22:16:50 INFO  : Context for 'APU' is selected.
22:16:50 INFO  : Hardware design information is loaded from 'C:/Users/lewca/projects/440_w_board_files/440_w_board_files.sdk/design_1_wrapper_hw_platform_0/system.hdf'.
22:16:50 INFO  : 'configparams force-mem-access 1' command is executed.
22:16:50 INFO  : Context for 'APU' is selected.
22:16:50 INFO  : 'stop' command is executed.
22:16:51 INFO  : 'ps7_init' command is executed.
22:16:51 INFO  : 'ps7_post_config' command is executed.
22:16:51 INFO  : Context for processor 'ps7_cortexa9_0' is selected.
22:16:51 INFO  : Processor reset is completed for 'ps7_cortexa9_0'.
22:16:51 INFO  : Context for processor 'ps7_cortexa9_0' is selected.
22:16:51 INFO  : The application 'C:/Users/lewca/projects/440_w_board_files/440_w_board_files.sdk/aLaw/Debug/aLaw.elf' is downloaded to processor 'ps7_cortexa9_0'.
22:16:51 INFO  : 'configparams force-mem-access 0' command is executed.
22:16:51 INFO  : ----------------XSDB Script----------------
connect -url tcp:127.0.0.1:3121
source C:/Users/lewca/projects/440_w_board_files/440_w_board_files.sdk/design_1_wrapper_hw_platform_0/ps7_init.tcl
targets -set -nocase -filter {name =~"APU*" && jtag_cable_name =~ "Digilent Cora Z7 - 7007S 210370BD769BA"} -index 0
loadhw -hw C:/Users/lewca/projects/440_w_board_files/440_w_board_files.sdk/design_1_wrapper_hw_platform_0/system.hdf -mem-ranges [list {0x40000000 0xbfffffff}]
configparams force-mem-access 1
targets -set -nocase -filter {name =~"APU*" && jtag_cable_name =~ "Digilent Cora Z7 - 7007S 210370BD769BA"} -index 0
stop
ps7_init
ps7_post_config
targets -set -nocase -filter {name =~ "ARM*#0" && jtag_cable_name =~ "Digilent Cora Z7 - 7007S 210370BD769BA"} -index 0
rst -processor
targets -set -nocase -filter {name =~ "ARM*#0" && jtag_cable_name =~ "Digilent Cora Z7 - 7007S 210370BD769BA"} -index 0
dow C:/Users/lewca/projects/440_w_board_files/440_w_board_files.sdk/aLaw/Debug/aLaw.elf
configparams force-mem-access 0
----------------End of Script----------------

22:16:51 INFO  : Memory regions updated for context APU
22:16:51 INFO  : Context for processor 'ps7_cortexa9_0' is selected.
22:16:51 INFO  : 'con' command is executed.
22:16:51 INFO  : ----------------XSDB Script (After Launch)----------------
targets -set -nocase -filter {name =~ "ARM*#0" && jtag_cable_name =~ "Digilent Cora Z7 - 7007S 210370BD769BA"} -index 0
con
----------------End of Script----------------

22:16:51 INFO  : Launch script is exported to file 'C:\Users\lewca\projects\440_w_board_files\440_w_board_files.sdk\.sdk\launch_scripts\xilinx_c-c++_application_(system_debugger)\system_debugger_using_debug_alaw.elf_on_local.tcl'
22:17:49 INFO  : Disconnected from the channel tcfchan#10.
22:17:50 INFO  : 'targets -set -filter {jtag_cable_name =~ "Digilent Cora Z7 - 7007S 210370BD769BA" && level==0} -index 1' command is executed.
22:17:50 INFO  : 'fpga -state' command is executed.
22:17:50 INFO  : Connected to target on host '127.0.0.1' and port '3121'.
22:17:50 INFO  : Jtag cable 'Digilent Cora Z7 - 7007S 210370BD769BA' is selected.
22:17:50 INFO  : 'jtag frequency' command is executed.
22:17:50 INFO  : Sourcing of 'C:/Users/lewca/projects/440_w_board_files/440_w_board_files.sdk/design_1_wrapper_hw_platform_0/ps7_init.tcl' is done.
22:17:50 INFO  : Context for 'APU' is selected.
22:17:50 INFO  : Hardware design information is loaded from 'C:/Users/lewca/projects/440_w_board_files/440_w_board_files.sdk/design_1_wrapper_hw_platform_0/system.hdf'.
22:17:50 INFO  : 'configparams force-mem-access 1' command is executed.
22:17:50 INFO  : Context for 'APU' is selected.
22:17:50 INFO  : 'stop' command is executed.
22:17:51 INFO  : 'ps7_init' command is executed.
22:17:51 INFO  : 'ps7_post_config' command is executed.
22:17:51 INFO  : Context for processor 'ps7_cortexa9_0' is selected.
22:17:51 INFO  : Processor reset is completed for 'ps7_cortexa9_0'.
22:17:51 INFO  : Context for processor 'ps7_cortexa9_0' is selected.
22:17:51 INFO  : The application 'C:/Users/lewca/projects/440_w_board_files/440_w_board_files.sdk/aLaw/Debug/aLaw.elf' is downloaded to processor 'ps7_cortexa9_0'.
22:17:51 INFO  : 'configparams force-mem-access 0' command is executed.
22:17:51 INFO  : ----------------XSDB Script----------------
connect -url tcp:127.0.0.1:3121
source C:/Users/lewca/projects/440_w_board_files/440_w_board_files.sdk/design_1_wrapper_hw_platform_0/ps7_init.tcl
targets -set -nocase -filter {name =~"APU*" && jtag_cable_name =~ "Digilent Cora Z7 - 7007S 210370BD769BA"} -index 0
loadhw -hw C:/Users/lewca/projects/440_w_board_files/440_w_board_files.sdk/design_1_wrapper_hw_platform_0/system.hdf -mem-ranges [list {0x40000000 0xbfffffff}]
configparams force-mem-access 1
targets -set -nocase -filter {name =~"APU*" && jtag_cable_name =~ "Digilent Cora Z7 - 7007S 210370BD769BA"} -index 0
stop
ps7_init
ps7_post_config
targets -set -nocase -filter {name =~ "ARM*#0" && jtag_cable_name =~ "Digilent Cora Z7 - 7007S 210370BD769BA"} -index 0
rst -processor
targets -set -nocase -filter {name =~ "ARM*#0" && jtag_cable_name =~ "Digilent Cora Z7 - 7007S 210370BD769BA"} -index 0
dow C:/Users/lewca/projects/440_w_board_files/440_w_board_files.sdk/aLaw/Debug/aLaw.elf
configparams force-mem-access 0
----------------End of Script----------------

22:17:51 INFO  : Memory regions updated for context APU
22:17:51 INFO  : Context for processor 'ps7_cortexa9_0' is selected.
22:17:51 INFO  : 'con' command is executed.
22:17:51 INFO  : ----------------XSDB Script (After Launch)----------------
targets -set -nocase -filter {name =~ "ARM*#0" && jtag_cable_name =~ "Digilent Cora Z7 - 7007S 210370BD769BA"} -index 0
con
----------------End of Script----------------

22:17:51 INFO  : Launch script is exported to file 'C:\Users\lewca\projects\440_w_board_files\440_w_board_files.sdk\.sdk\launch_scripts\xilinx_c-c++_application_(system_debugger)\system_debugger_using_debug_alaw.elf_on_local.tcl'
22:18:16 INFO  : Disconnected from the channel tcfchan#11.
22:18:17 INFO  : 'targets -set -filter {jtag_cable_name =~ "Digilent Cora Z7 - 7007S 210370BD769BA" && level==0} -index 1' command is executed.
22:18:17 INFO  : 'fpga -state' command is executed.
22:18:17 INFO  : Connected to target on host '127.0.0.1' and port '3121'.
22:18:17 INFO  : Jtag cable 'Digilent Cora Z7 - 7007S 210370BD769BA' is selected.
22:18:17 INFO  : 'jtag frequency' command is executed.
22:18:17 INFO  : Sourcing of 'C:/Users/lewca/projects/440_w_board_files/440_w_board_files.sdk/design_1_wrapper_hw_platform_0/ps7_init.tcl' is done.
22:18:18 INFO  : Context for 'APU' is selected.
22:18:18 INFO  : Hardware design information is loaded from 'C:/Users/lewca/projects/440_w_board_files/440_w_board_files.sdk/design_1_wrapper_hw_platform_0/system.hdf'.
22:18:18 INFO  : 'configparams force-mem-access 1' command is executed.
22:18:18 INFO  : Context for 'APU' is selected.
22:18:18 INFO  : 'stop' command is executed.
22:18:18 INFO  : 'ps7_init' command is executed.
22:18:18 INFO  : 'ps7_post_config' command is executed.
22:18:18 INFO  : Context for processor 'ps7_cortexa9_0' is selected.
22:18:18 INFO  : Processor reset is completed for 'ps7_cortexa9_0'.
22:18:18 INFO  : Context for processor 'ps7_cortexa9_0' is selected.
22:18:18 INFO  : The application 'C:/Users/lewca/projects/440_w_board_files/440_w_board_files.sdk/aLaw/Debug/aLaw.elf' is downloaded to processor 'ps7_cortexa9_0'.
22:18:18 INFO  : 'configparams force-mem-access 0' command is executed.
22:18:18 INFO  : ----------------XSDB Script----------------
connect -url tcp:127.0.0.1:3121
source C:/Users/lewca/projects/440_w_board_files/440_w_board_files.sdk/design_1_wrapper_hw_platform_0/ps7_init.tcl
targets -set -nocase -filter {name =~"APU*" && jtag_cable_name =~ "Digilent Cora Z7 - 7007S 210370BD769BA"} -index 0
loadhw -hw C:/Users/lewca/projects/440_w_board_files/440_w_board_files.sdk/design_1_wrapper_hw_platform_0/system.hdf -mem-ranges [list {0x40000000 0xbfffffff}]
configparams force-mem-access 1
targets -set -nocase -filter {name =~"APU*" && jtag_cable_name =~ "Digilent Cora Z7 - 7007S 210370BD769BA"} -index 0
stop
ps7_init
ps7_post_config
targets -set -nocase -filter {name =~ "ARM*#0" && jtag_cable_name =~ "Digilent Cora Z7 - 7007S 210370BD769BA"} -index 0
rst -processor
targets -set -nocase -filter {name =~ "ARM*#0" && jtag_cable_name =~ "Digilent Cora Z7 - 7007S 210370BD769BA"} -index 0
dow C:/Users/lewca/projects/440_w_board_files/440_w_board_files.sdk/aLaw/Debug/aLaw.elf
configparams force-mem-access 0
----------------End of Script----------------

22:18:18 INFO  : Memory regions updated for context APU
22:18:19 INFO  : Context for processor 'ps7_cortexa9_0' is selected.
22:18:19 INFO  : 'con' command is executed.
22:18:19 INFO  : ----------------XSDB Script (After Launch)----------------
targets -set -nocase -filter {name =~ "ARM*#0" && jtag_cable_name =~ "Digilent Cora Z7 - 7007S 210370BD769BA"} -index 0
con
----------------End of Script----------------

22:18:19 INFO  : Launch script is exported to file 'C:\Users\lewca\projects\440_w_board_files\440_w_board_files.sdk\.sdk\launch_scripts\xilinx_c-c++_application_(system_debugger)\system_debugger_using_debug_alaw.elf_on_local.tcl'
